order_id,product_id,quantity,unit_price
O300000,P200215,1,118.93
O300000,P200069,1,38.26
O300000,P200010,3,147.83
O300000,P200149,1,96.74
O300001,P200218,3,105.52
O300001,P200039,3,75.13
O300002,P200246,3,102.62
O300002,P200166,3,18.47
O300003,P200240,1,257.36
O300003,P200020,3,125.35
O300003,P200179,2,91.99
O300003,P200223,3,42.98
O300003,P200023,1,124.93
O300004,P200160,2,46.94
O300004,P200091,3,66.21
O300005,P200111,3,35.9
O300005,P200235,2,17.39
O300006,P200100,2,27.98
O300006,P200176,2,100.2
O300006,P200177,2,30.16
O300006,P200056,2,100.36
O300006,P200221,1,422.2
O300007,P200062,3,25.38
O300007,P200090,2,131.55
O300007,P200055,3,92.47
O300007,P200039,1,67.02
O300007,P200233,2,109.65
O300008,P200022,1,64.55
O300009,P200229,3,30.09
O300009,P200206,3,37.45
O300009,P200117,3,53.89
O300009,P200227,1,33.14
O300009,P200211,3,134.75
O300010,P200102,1,103.79
O300010,P200109,1,19.73
O300010,P200226,3,119.15
O300010,P200047,3,61.8
O300011,P200024,2,113.37
O300011,P200002,1,21.94
O300012,P200055,1,106.35
O300012,P200029,3,16.64
O300012,P200248,2,5.31
O300013,P200052,3,118.41
O300013,P200102,2,118.73
O300014,P200118,1,47.7
O300015,P200059,2,26.78
O300016,P200148,3,38.45
O300017,P200236,2,39.56
O300017,P200068,2,21.51
O300017,P200036,3,47.72
O300018,P200179,2,104.3
O300018,P200013,3,87.92
O300018,P200208,3,13.92
O300018,P200039,2,76.16
O300018,P200073,3,151.77
O300019,P200213,3,19.07
O300019,P200247,2,15.51
O300019,P200045,1,44.56
O300020,P200037,2,49.4
O300021,P200104,3,74.19
O300021,P200003,3,120.1
O300021,P200135,3,29.33
O300022,P200009,3,12.84
O300022,P200224,3,107.97
O300022,P200070,3,16.52
O300022,P200186,3,9.68
O300023,P200020,2,122.76
O300023,P200156,1,98.29
O300023,P200083,3,126.84
O300023,P200209,2,68.52
O300023,P200011,3,43.59
O300024,P200130,1,110.39
O300024,P200083,3,113.56
O300024,P200049,2,38.45
O300024,P200019,3,376.41
O300025,P200019,2,364.21
O300025,P200103,2,122.81
O300026,P200222,1,104.77
O300026,P200059,2,27.48
O300026,P200238,3,33.85
O300026,P200002,2,23.43
O300027,P200139,3,290.8
O300028,P200200,1,68.82
O300028,P200131,3,294.62
O300028,P200059,1,28.46
O300029,P200031,2,28.14
O300029,P200034,1,92.57
O300029,P200064,3,5.65
O300030,P200180,1,269.05
O300031,P200019,1,389.35
O300032,P200121,1,40.43
O300032,P200017,2,138.04
O300032,P200013,3,84.56
O300032,P200053,3,133.08
O300032,P200003,1,106.83
O300033,P200170,2,46.13
O300033,P200110,2,94.93
O300034,P200087,1,120.2
O300035,P200093,3,170.96
O300035,P200103,2,114.36
O300035,P200076,3,64.21
O300036,P200214,3,105.05
O300036,P200072,3,45.77
O300037,P200207,2,36.08
O300037,P200092,3,39.45
O300037,P200042,1,87.06
O300037,P200054,1,82.83
O300037,P200012,3,75.76
O300038,P200232,3,91.92
O300038,P200107,1,38.21
O300038,P200240,1,301.48
O300038,P200005,2,26.26
O300038,P200027,1,28.57
O300039,P200144,3,88.98
O300039,P200020,1,131.79
O300039,P200214,2,101.04
O300039,P200149,3,90.64
O300039,P200029,1,15.78
O300040,P200078,3,16.17
O300040,P200100,3,33.51
O300041,P200052,2,125.81
O300041,P200101,3,8.06
O300041,P200039,3,72.31
O300041,P200143,1,12.26
O300041,P200134,1,106.92
O300042,P200119,1,65.35
O300042,P200085,2,28.71
O300043,P200142,3,114.22
O300043,P200046,3,9.98
O300044,P200130,1,98.26
O300044,P200248,1,5.42
O300044,P200197,1,427.79
O300044,P200213,3,18.76
O300044,P200041,1,125.6
O300045,P200144,1,92.09
O300045,P200118,1,48.27
O300045,P200085,1,25.63
O300045,P200103,3,112.02
O300046,P200033,2,29.31
O300047,P200130,3,109.12
O300047,P200191,2,7.45
O300047,P200149,1,96.51
O300047,P200080,1,35.87
O300047,P200202,3,124.15
O300048,P200070,2,16.28
O300049,P200210,3,103.09
O300049,P200190,1,17.77
O300049,P200129,2,137.88
O300049,P200229,2,28.96
O300050,P200188,1,49.38
O300050,P200143,1,11.58
O300050,P200122,3,71.36
O300051,P200092,2,36.69
O300052,P200144,1,73.66
O300052,P200206,2,46.3
O300052,P200123,2,26.73
O300052,P200127,2,121.83
O300053,P200209,2,55.48
O300053,P200203,2,476.82
O300053,P200009,2,11.75
O300053,P200245,1,10.51
O300054,P200109,1,19.68
O300054,P200031,3,32.09
O300054,P200071,2,42.37
O300054,P200110,1,90.65
O300054,P200059,3,22.89
O300055,P200151,2,123.88
O300055,P200133,1,23.34
O300055,P200144,3,84.1
O300055,P200209,1,70.47
O300056,P200092,3,40.38
O300056,P200140,2,20.04
O300056,P200062,1,31.9
O300056,P200174,3,141.92
O300057,P200190,1,16.4
O300057,P200000,2,140.11
O300057,P200151,1,138.44
O300057,P200038,1,497.69
O300057,P200074,3,53.14
O300058,P200091,3,63.7
O300058,P200119,2,63.37
O300058,P200069,3,33.69
O300058,P200135,2,27.32
O300058,P200147,2,73.07
O300059,P200007,1,66.75
O300059,P200193,1,40.04
O300059,P200220,2,27.18
O300060,P200168,1,274.91
O300061,P200132,3,107.71
O300061,P200216,1,94.6
O300062,P200158,2,119.51
O300062,P200089,3,37.58
O300062,P200137,3,86.77
O300062,P200037,1,48.84
O300063,P200159,1,21.02
O300064,P200097,1,124.08
O300065,P200209,1,58.49
O300065,P200027,2,27.74
O300066,P200171,3,82.75
O300066,P200153,3,32.5
O300066,P200187,2,275.6
O300066,P200101,1,9.71
O300066,P200210,2,103.71
O300067,P200076,3,74.16
O300067,P200234,3,14.48
O300068,P200148,2,42.65
O300068,P200242,3,77.9
O300068,P200212,2,74.81
O300068,P200062,3,31.53
O300068,P200171,3,95.79
O300069,P200237,1,95.73
O300069,P200124,3,290.17
O300069,P200073,2,176.38
O300069,P200028,1,89.65
O300069,P200033,3,29.0
O300070,P200195,3,29.08
O300070,P200079,3,7.59
O300071,P200078,3,17.55
O300071,P200223,1,42.43
O300072,P200055,2,110.14
O300072,P200202,2,116.29
O300072,P200147,3,78.97
O300072,P200116,2,172.77
O300072,P200161,2,73.47
O300073,P200100,3,31.76
O300073,P200130,3,99.1
O300073,P200216,2,112.29
O300073,P200242,2,83.56
O300074,P200132,1,113.53
O300074,P200139,3,223.88
O300074,P200184,3,114.05
O300074,P200036,1,58.77
O300075,P200176,2,110.2
O300075,P200021,3,72.07
O300075,P200060,3,83.86
O300075,P200187,3,240.95
O300075,P200026,1,118.35
O300076,P200224,2,124.55
O300077,P200076,2,60.43
O300077,P200068,2,18.39
O300078,P200249,3,104.38
O300078,P200152,3,139.95
O300078,P200184,2,91.81
O300078,P200025,3,70.42
O300079,P200237,2,110.69
O300080,P200175,2,13.6
O300080,P200220,1,26.82
O300080,P200013,2,93.28
O300080,P200157,2,57.24
O300080,P200209,2,58.08
O300081,P200031,1,27.26
O300081,P200164,2,122.14
O300081,P200141,2,120.91
O300082,P200139,2,263.26
O300082,P200056,2,104.38
O300083,P200064,1,7.26
O300083,P200081,3,556.1
O300084,P200078,2,14.54
O300085,P200011,3,37.31
O300085,P200161,2,60.1
O300085,P200111,1,35.02
O300086,P200134,2,108.74
O300086,P200149,1,88.22
O300086,P200100,1,35.0
O300086,P200035,2,42.0
O300086,P200055,2,93.84
O300087,P200079,1,7.0
O300088,P200105,1,108.52
O300088,P200202,3,104.27
O300088,P200212,1,66.97
O300089,P200045,3,55.54
O300089,P200099,3,19.08
O300089,P200220,3,29.23
O300089,P200073,2,148.77
O300090,P200157,2,56.87
O300090,P200059,3,28.49
O300090,P200040,1,54.93
O300091,P200091,2,64.67
O300091,P200107,1,38.79
O300091,P200190,2,16.71
O300091,P200038,2,517.71
O300092,P200238,1,29.02
O300092,P200001,1,7.71
O300092,P200105,3,124.22
O300092,P200050,1,37.91
O300093,P200100,2,35.03
O300093,P200062,3,29.66
O300093,P200038,1,540.0
O300093,P200144,2,93.19
O300093,P200194,1,117.27
O300094,P200046,2,10.68
O300094,P200195,1,27.16
O300094,P200117,2,65.33
O300094,P200107,1,47.22
O300095,P200057,3,140.72
O300095,P200002,3,25.67
O300095,P200003,3,121.14
O300095,P200086,1,16.44
O300096,P200023,2,111.14
O300096,P200246,3,112.8
O300097,P200207,2,38.72
O300098,P200123,3,26.71
O300099,P200043,3,32.73
O300100,P200096,3,22.6
O300100,P200185,1,133.79
O300100,P200119,2,76.64
O300100,P200014,3,53.81
O300100,P200240,3,281.67
O300101,P200171,2,84.06
O300102,P200077,1,48.13
O300102,P200073,3,159.41
O300102,P200020,2,126.49
O300103,P200104,2,89.01
O300103,P200022,1,65.15
O300103,P200005,3,24.85
O300103,P200142,1,102.57
O300104,P200205,2,164.02
O300104,P200187,3,227.01
O300104,P200207,1,37.01
O300104,P200209,2,58.11
O300105,P200147,3,72.86
O300106,P200231,3,33.2
O300106,P200083,1,144.96
O300106,P200193,2,34.54
O300106,P200073,3,174.53
O300106,P200067,2,6.07
O300107,P200062,3,29.2
O300107,P200169,3,56.48
O300107,P200242,3,92.65
O300108,P200143,2,12.9
O300109,P200040,1,48.99
O300110,P200224,1,123.07
O300110,P200223,1,37.15
O300110,P200217,1,163.05
O300110,P200038,1,608.39
O300110,P200007,3,60.09
O300111,P200044,2,139.87
O300111,P200151,1,137.64
O300111,P200154,1,226.96
O300111,P200179,1,100.17
O300111,P200207,2,33.32
O300112,P200241,3,104.49
O300112,P200183,2,124.91
O300112,P200094,2,68.22
O300112,P200025,2,74.48
O300113,P200165,2,18.0
O300113,P200018,3,39.35
O300114,P200198,3,330.69
O300114,P200060,3,70.61
O300114,P200003,3,123.42
O300114,P200158,2,141.25
O300114,P200118,1,53.92
O300115,P200112,3,108.39
O300115,P200198,3,285.74
O300116,P200165,1,14.45
O300116,P200240,3,250.1
O300117,P200161,2,74.25
O300117,P200217,1,162.38
O300117,P200229,2,33.16
O300117,P200136,3,157.36
O300118,P200050,3,34.11
O300118,P200234,2,12.85
O300119,P200196,1,34.45
O300119,P200212,3,59.94
O300119,P200084,3,70.96
O300120,P200241,2,107.81
O300120,P200135,1,29.45
O300120,P200203,1,469.26
O300120,P200048,1,21.95
O300121,P200168,2,246.76
O300122,P200181,1,99.6
O300122,P200043,1,29.29
O300122,P200138,3,40.77
O300122,P200020,1,126.85
O300122,P200199,2,288.05
O300123,P200140,3,18.27
O300124,P200111,1,42.81
O300124,P200128,1,55.52
O300124,P200215,1,103.68
O300124,P200147,1,68.05
O300124,P200134,3,88.42
O300125,P200222,1,92.42
O300125,P200084,1,77.78
O300126,P200059,1,27.12
O300126,P200153,2,33.56
O300126,P200001,1,7.64
O300127,P200148,3,42.13
O300127,P200216,1,115.59
O300128,P200245,2,10.57
O300128,P200216,2,92.88
O300128,P200147,1,69.2
O300129,P200054,3,83.78
O300130,P200049,2,34.38
O300131,P200149,3,86.99
O300131,P200073,1,159.22
O300131,P200085,2,23.42
O300132,P200246,1,112.12
O300132,P200133,2,22.08
O300132,P200074,1,56.39
O300132,P200233,2,96.96
O300133,P200103,2,125.5
O300133,P200243,2,70.6
O300133,P200174,1,114.64
O300133,P200247,2,15.25
O300133,P200083,3,128.82
O300134,P200093,2,140.53
O300134,P200124,3,291.08
O300134,P200080,2,33.58
O300134,P200166,1,21.65
O300134,P200083,1,111.78
O300135,P200175,3,16.11
O300135,P200019,1,434.54
O300135,P200011,2,36.64
O300135,P200012,1,77.41
O300135,P200149,3,98.78
O300136,P200214,1,106.46
O300136,P200060,1,69.09
O300136,P200050,1,31.24
O300136,P200092,1,38.24
O300137,P200048,3,20.75
O300137,P200216,1,107.54
O300137,P200078,1,18.5
O300137,P200147,2,76.81
O300138,P200212,1,63.36
O300138,P200176,1,88.84
O300139,P200220,2,29.22
O300139,P200108,3,56.98
O300139,P200234,2,13.96
O300139,P200178,1,8.84
O300139,P200120,2,57.56
O300140,P200181,1,94.71
O300140,P200244,2,42.16
O300140,P200054,3,78.13
O300140,P200221,3,470.84
O300140,P200213,3,15.74
O300141,P200237,3,104.92
O300141,P200016,1,377.53
O300141,P200102,3,112.0
O300142,P200232,1,105.7
O300143,P200125,2,86.39
O300144,P200121,2,34.62
O300144,P200069,2,33.79
O300144,P200167,2,135.91
O300145,P200015,1,136.84
O300145,P200203,3,423.94
O300145,P200157,1,69.83
O300145,P200136,2,132.66
O300146,P200151,1,121.79
O300146,P200065,2,140.48
O300146,P200041,3,133.83
O300147,P200113,2,57.26
O300147,P200242,3,88.21
O300147,P200079,2,7.61
O300147,P200074,1,48.28
O300147,P200186,3,10.63
O300148,P200054,3,89.0
O300148,P200149,3,95.95
O300148,P200005,2,27.62
O300149,P200222,3,94.99
O300149,P200073,2,148.65
O300149,P200084,1,74.91
O300149,P200070,2,16.64
O300150,P200068,1,20.38
O300150,P200091,1,69.73
O300150,P200003,1,114.9
O300150,P200220,2,27.65
O300151,P200063,2,88.49
O300151,P200062,3,31.25
O300151,P200174,2,138.47
O300151,P200088,3,103.5
O300151,P200013,1,94.8
O300152,P200083,2,133.64
O300152,P200043,2,28.9
O300152,P200055,1,94.57
O300152,P200002,2,22.15
O300153,P200024,1,120.01
O300153,P200043,1,31.18
O300153,P200232,2,88.83
O300154,P200087,3,105.44
O300155,P200145,1,118.88
O300155,P200185,3,108.22
O300155,P200223,1,43.43
O300155,P200208,1,13.18
O300156,P200033,1,29.73
O300157,P200059,2,27.18
O300157,P200246,3,105.61
O300158,P200169,2,58.54
O300158,P200183,3,118.61
O300158,P200017,3,134.12
O300159,P200096,3,29.09
O300160,P200180,1,250.78
O300160,P200155,2,120.93
O300160,P200249,1,114.77
O300160,P200021,3,58.99
O300161,P200015,3,121.97
O300161,P200161,1,67.17
O300162,P200081,3,621.73
O300162,P200046,2,11.02
O300162,P200242,3,89.6
O300163,P200075,3,60.23
O300163,P200111,3,39.94
O300164,P200096,1,24.21
O300164,P200125,1,91.32
O300165,P200243,3,71.1
O300165,P200008,2,24.28
O300166,P200054,2,91.02
O300167,P200141,3,112.32
O300168,P200020,1,110.18
O300168,P200211,3,145.01
O300168,P200098,3,119.64
O300168,P200042,1,76.38
O300169,P200014,2,61.57
O300170,P200217,3,145.04
O300170,P200242,3,79.83
O300170,P200147,2,81.68
O300171,P200141,2,105.11
O300172,P200196,1,35.47
O300172,P200144,3,95.18
O300172,P200043,1,34.54
O300173,P200134,1,88.89
O300173,P200190,2,16.16
O300173,P200160,3,41.21
O300173,P200035,1,41.55
O300174,P200071,2,49.84
O300174,P200043,2,36.28
O300174,P200186,2,10.89
O300175,P200102,1,101.8
O300175,P200033,1,27.53
O300175,P200206,2,47.67
O300175,P200168,3,242.69
O300176,P200134,3,105.05
O300176,P200113,1,69.31
O300177,P200040,2,49.36
O300177,P200083,2,140.3
O300177,P200116,1,180.7
O300178,P200009,3,10.13
O300178,P200019,3,430.43
O300179,P200018,1,40.34
O300179,P200003,1,121.49
O300179,P200218,2,104.9
O300180,P200139,3,267.8
O300181,P200241,1,100.17
O300181,P200154,1,229.65
O300182,P200245,1,9.53
O300182,P200249,2,99.29
O300182,P200178,3,10.32
O300182,P200101,2,8.26
O300183,P200083,1,113.72
O300183,P200161,2,72.86
O300183,P200029,1,19.14
O300183,P200012,2,71.93
O300184,P200248,3,5.92
O300184,P200024,2,100.66
O300185,P200017,2,148.29
O300185,P200052,3,103.03
O300186,P200008,3,20.53
O300186,P200243,3,65.83
O300187,P200113,3,64.79
O300187,P200166,1,22.08
O300188,P200109,2,21.8
O300188,P200056,3,95.54
O300188,P200198,3,288.04
O300188,P200207,3,34.39
O300188,P200225,2,9.99
O300189,P200160,3,48.11
O300189,P200126,2,22.27
O300189,P200128,2,54.9
O300189,P200141,3,95.2
O300190,P200028,2,98.87
O300190,P200166,3,20.07
O300191,P200210,1,104.69
O300191,P200205,3,169.27
O300191,P200060,1,69.14
O300192,P200128,2,55.64
O300192,P200196,1,42.84
O300192,P200148,1,38.67
O300193,P200128,2,47.34
O300193,P200174,3,115.79
O300193,P200214,2,105.07
O300194,P200178,2,10.83
O300194,P200063,1,95.19
O300195,P200213,3,15.49
O300195,P200004,3,45.22
O300195,P200059,3,24.15
O300195,P200084,2,77.14
O300195,P200066,3,37.61
O300196,P200150,3,20.01
O300196,P200179,2,83.46
O300197,P200082,1,154.55
O300197,P200040,3,47.45
O300197,P200000,2,141.03
O300198,P200182,3,7.72
O300199,P200235,1,17.85
O300199,P200179,3,100.3
O300199,P200035,1,43.68
O300200,P200223,3,43.15
O300200,P200009,3,10.14
O300200,P200149,1,81.42
O300200,P200086,2,17.49
O300200,P200139,2,257.32
O300201,P200167,3,123.93
O300201,P200176,2,94.52
O300201,P200088,1,121.31
O300201,P200111,2,37.27
O300201,P200123,2,21.89
O300202,P200176,2,104.05
O300202,P200016,1,355.42
O300202,P200085,3,27.18
O300203,P200197,3,429.68
O300204,P200100,3,31.82
O300204,P200083,1,112.28
O300204,P200198,1,264.75
O300204,P200097,3,150.92
O300205,P200007,1,77.16
O300205,P200029,1,19.64
O300205,P200071,1,48.95
O300205,P200234,2,13.05
O300206,P200221,2,443.84
O300206,P200169,1,62.94
O300206,P200156,3,97.55
O300206,P200170,2,50.48
O300206,P200157,1,62.56
O300207,P200037,2,57.82
O300207,P200088,3,112.54
O300207,P200248,3,5.91
O300208,P200014,1,62.57
O300209,P200100,3,29.84
O300209,P200101,1,9.83
O300209,P200138,1,34.63
O300209,P200025,3,66.67
O300209,P200010,2,131.33
O300210,P200138,3,35.3
O300210,P200239,2,46.64
O300210,P200067,2,6.24
O300210,P200001,3,5.97
O300211,P200227,1,35.7
O300211,P200099,3,15.39
O300211,P200118,2,52.02
O300211,P200059,1,29.09
O300211,P200051,2,112.76
O300212,P200013,1,86.1
O300213,P200187,2,220.9
O300213,P200125,1,81.9
O300213,P200105,2,115.84
O300214,P200240,3,263.98
O300214,P200218,2,113.0
O300214,P200168,3,275.73
O300215,P200058,2,73.85
O300215,P200199,1,289.0
O300216,P200064,1,6.48
O300216,P200224,1,127.16
O300216,P200196,2,38.03
O300216,P200217,3,152.66
O300216,P200146,2,13.99
O300217,P200121,2,41.32
O300218,P200151,2,115.12
O300219,P200089,3,37.61
O300219,P200134,1,91.9
O300220,P200214,2,110.04
O300220,P200003,1,122.06
O300220,P200224,2,134.76
O300220,P200145,3,99.46
O300220,P200154,1,283.6
O300221,P200188,3,52.6
O300222,P200180,2,298.04
O300222,P200181,1,99.4
O300222,P200244,1,43.37
O300223,P200217,3,160.33
O300224,P200206,1,45.87
O300224,P200100,1,31.13
O300225,P200201,2,111.45
O300225,P200028,3,83.92
O300225,P200182,2,8.43
O300226,P200089,3,43.67
O300227,P200011,3,36.62
O300227,P200131,3,239.85
O300228,P200048,1,19.53
O300228,P200156,2,89.01
O300228,P200181,3,90.64
O300229,P200120,1,67.57
O300230,P200042,2,73.02
O300230,P200078,3,16.41
O300230,P200067,2,5.76
O300231,P200010,3,143.85
O300231,P200196,3,44.53
O300231,P200041,2,105.36
O300231,P200230,3,108.01
O300232,P200084,3,76.37
O300232,P200150,1,17.78
O300233,P200050,1,38.41
O300234,P200049,1,32.77
O300234,P200081,3,498.5
O300234,P200031,3,31.78
O300235,P200247,3,18.35
O300235,P200171,3,95.82
O300235,P200086,2,17.24
O300235,P200014,3,63.61
O300236,P200125,2,71.39
O300237,P200016,1,362.53
O300237,P200176,2,110.68
O300238,P200086,2,19.9
O300238,P200245,3,10.18
O300238,P200021,3,59.67
O300238,P200235,1,19.09
O300238,P200035,3,36.88
O300239,P200180,2,264.76
O300239,P200008,2,24.79
O300240,P200205,3,153.09
O300240,P200104,1,85.98
O300241,P200039,3,66.24
O300241,P200067,3,6.81
O300241,P200212,2,59.17
O300241,P200153,2,31.96
O300242,P200201,1,105.61
O300242,P200225,2,8.87
O300242,P200096,1,26.73
O300243,P200234,1,13.44
O300243,P200126,2,19.25
O300244,P200222,2,116.11
O300244,P200094,3,65.3
O300244,P200197,1,534.16
O300244,P200216,1,93.14
O300245,P200093,3,150.61
O300246,P200228,1,109.76
O300246,P200085,1,30.16
O300246,P200013,1,95.7
O300246,P200077,3,42.3
O300247,P200080,2,29.04
O300247,P200139,1,281.43
O300248,P200078,2,14.98
O300248,P200015,1,119.6
O300248,P200013,2,92.32
O300248,P200029,2,16.6
O300248,P200091,3,67.66
O300249,P200021,3,58.36
O300249,P200114,2,134.25
O300249,P200136,2,171.06
O300249,P200206,3,47.73
O300250,P200070,2,14.48
O300250,P200212,2,74.01
O300250,P200007,3,77.49
O300250,P200131,1,303.14
O300250,P200095,1,116.06
O300251,P200134,1,94.8
O300252,P200151,1,114.0
O300253,P200228,1,125.73
O300253,P200139,2,224.64
O300253,P200058,2,61.92
O300253,P200074,2,62.02
O300253,P200003,3,109.65
O300254,P200173,2,13.91
O300254,P200032,1,570.15
O300255,P200072,3,43.8
O300255,P200150,1,22.21
O300255,P200137,3,85.6
O300255,P200210,3,85.98
O300255,P200126,1,24.06
O300256,P200222,2,116.2
O300256,P200145,1,122.14
O300256,P200155,2,98.01
O300256,P200012,2,79.66
O300257,P200112,2,105.44
O300257,P200142,2,92.11
O300257,P200195,1,28.61
O300258,P200211,1,131.87
O300259,P200203,3,441.17
O300260,P200090,1,138.61
O300260,P200168,3,283.23
O300260,P200094,1,69.67
O300260,P200017,3,137.37
O300261,P200134,3,99.47
O300262,P200108,1,63.52
O300263,P200180,1,298.81
O300263,P200141,2,95.24
O300264,P200181,3,98.64
O300264,P200009,3,12.04
O300264,P200077,1,48.54
O300264,P200195,3,30.3
O300264,P200240,3,257.23
O300265,P200094,2,71.61
O300265,P200218,1,103.62
O300265,P200020,2,122.36
O300265,P200126,1,22.31
O300266,P200089,3,44.03
O300266,P200003,3,125.14
O300266,P200091,1,58.81
O300266,P200235,1,19.36
O300267,P200018,3,41.96
O300267,P200029,1,17.53
O300267,P200065,1,140.93
O300267,P200002,1,21.51
O300268,P200212,1,72.6
O300268,P200211,1,128.95
O300268,P200002,1,26.38
O300269,P200140,3,22.4
O300269,P200241,2,90.51
O300270,P200218,2,109.66
O300270,P200114,3,106.15
O300270,P200051,1,113.37
O300271,P200009,3,11.22
O300271,P200147,1,72.3
O300271,P200246,2,100.8
O300272,P200115,1,39.46
O300272,P200225,3,10.26
O300272,P200129,3,120.51
O300272,P200124,2,283.2
O300272,P200169,2,64.24
O300273,P200024,3,115.76
O300273,P200123,1,25.92
O300273,P200246,3,89.73
O300273,P200247,3,17.58
O300273,P200171,1,84.7
O300274,P200135,3,29.87
O300274,P200050,1,36.6
O300274,P200244,2,45.72
O300274,P200206,2,47.56
O300275,P200058,2,60.42
O300275,P200121,2,37.06
O300275,P200100,3,28.37
O300275,P200019,2,371.92
O300275,P200207,1,37.42
O300276,P200034,1,97.52
O300276,P200178,3,8.61
O300276,P200025,1,74.4
O300276,P200130,1,105.87
O300276,P200027,2,33.59
O300277,P200195,2,33.4
O300277,P200144,1,85.93
O300277,P200190,2,18.97
O300277,P200107,3,36.02
O300278,P200067,3,5.54
O300278,P200221,3,477.64
O300278,P200123,1,27.51
O300278,P200224,1,113.91
O300278,P200151,2,124.52
O300279,P200057,1,137.71
O300280,P200234,1,14.47
O300281,P200087,2,111.72
O300281,P200197,3,477.12
O300281,P200122,3,62.83
O300282,P200019,3,434.09
O300283,P200185,3,116.86
O300283,P200007,2,65.03
O300284,P200029,3,16.58
O300285,P200034,2,104.0
O300285,P200171,1,100.75
O300285,P200057,2,139.04
O300285,P200043,1,35.89
O300285,P200177,1,29.55
O300286,P200123,1,24.1
O300286,P200188,3,60.47
O300286,P200132,2,117.36
O300286,P200127,3,114.77
O300287,P200194,3,107.4
O300288,P200168,3,260.19
O300288,P200023,1,132.97
O300288,P200201,3,118.29
O300288,P200231,3,33.61
O300289,P200077,1,55.1
O300289,P200183,2,114.57
O300289,P200095,2,135.15
O300289,P200114,3,136.29
O300290,P200160,3,43.75
O300290,P200114,2,130.84
O300291,P200235,3,16.36
O300291,P200174,3,129.24
O300291,P200127,2,128.72
O300291,P200194,1,102.5
O300291,P200049,1,40.2
O300292,P200135,3,28.69
O300292,P200046,3,10.99
O300292,P200194,3,114.21
O300292,P200076,2,70.87
O300292,P200164,2,140.1
O300293,P200089,3,38.96
O300293,P200209,2,61.75
O300293,P200028,3,96.84
O300293,P200162,1,107.8
O300293,P200075,2,60.39
O300294,P200223,3,34.45
O300295,P200217,1,126.84
O300295,P200142,3,102.42
O300295,P200065,2,126.12
O300296,P200246,3,96.45
O300296,P200140,3,21.86
O300296,P200091,3,58.93
O300296,P200189,1,108.02
O300297,P200169,2,61.2
O300297,P200110,2,99.68
O300297,P200128,3,49.65
O300298,P200036,2,47.47
O300298,P200035,1,42.06
O300298,P200225,3,10.18
O300299,P200131,1,235.31
O300299,P200153,2,30.42
O300300,P200079,2,7.45
O300300,P200100,2,28.39
O300300,P200170,1,57.87
O300301,P200062,3,31.06
O300301,P200179,1,82.73
O300301,P200035,1,43.24
O300301,P200226,1,94.8
O300302,P200065,2,139.55
O300303,P200224,2,130.34
O300303,P200230,2,131.37
O300303,P200191,1,7.5
O300303,P200019,2,436.02
O300304,P200154,1,243.18
O300304,P200125,2,90.93
O300304,P200116,2,174.39
O300304,P200164,1,130.66
O300305,P200222,1,113.2
O300306,P200181,1,92.62
O300306,P200019,1,339.55
O300306,P200113,3,69.92
O300306,P200088,3,114.37
O300307,P200015,2,145.68
O300307,P200050,3,31.31
O300307,P200176,1,103.97
O300308,P200226,1,101.71
O300308,P200240,2,276.44
O300309,P200247,3,17.63
O300309,P200199,3,271.24
O300309,P200121,1,35.17
O300310,P200150,3,19.29
O300310,P200175,3,16.48
O300310,P200017,3,129.92
O300311,P200070,1,14.33
O300311,P200231,1,29.81
O300312,P200019,2,425.73
O300312,P200149,1,105.02
O300312,P200179,2,82.06
O300312,P200142,1,93.97
O300313,P200162,1,125.12
O300313,P200081,1,532.82
O300313,P200105,3,115.6
O300313,P200101,3,9.67
O300314,P200137,3,83.04
O300314,P200161,2,57.53
O300315,P200035,2,38.01
O300315,P200049,3,32.8
O300315,P200179,2,82.61
O300316,P200173,3,11.78
O300316,P200233,3,94.65
O300316,P200067,2,5.78
O300316,P200030,2,53.0
O300317,P200008,3,24.75
O300317,P200060,3,78.54
O300317,P200139,1,256.79
O300318,P200218,1,106.12
O300318,P200076,3,65.54
O300318,P200240,2,257.09
O300319,P200167,1,141.76
O300319,P200090,1,124.48
O300319,P200241,2,99.3
O300319,P200008,3,22.89
O300319,P200064,2,5.67
O300320,P200211,1,120.47
O300320,P200131,2,290.83
O300320,P200125,3,74.87
O300320,P200124,1,289.38
O300320,P200021,1,68.62
O300321,P200022,3,56.68
O300321,P200116,3,159.63
O300322,P200009,2,11.86
O300322,P200147,1,74.82
O300322,P200159,1,17.98
O300322,P200207,2,41.81
O300323,P200108,3,66.45
O300323,P200138,2,43.32
O300323,P200161,3,65.14
O300323,P200211,3,142.6
O300323,P200007,1,77.12
O300324,P200192,2,50.62
O300325,P200201,3,116.04
O300325,P200157,2,70.53
O300325,P200200,2,76.6
O300326,P200093,3,167.97
O300326,P200026,1,152.3
O300326,P200060,1,69.63
O300326,P200187,2,280.05
O300327,P200022,1,57.6
O300328,P200084,1,72.6
O300328,P200132,1,117.81
O300329,P200018,2,38.68
O300329,P200163,1,65.46
O300329,P200182,1,9.57
O300329,P200027,3,28.97
O300330,P200187,2,260.02
O300330,P200121,2,42.25
O300330,P200246,1,116.09
O300330,P200150,3,22.57
O300330,P200093,2,151.09
O300331,P200159,2,16.65
O300331,P200060,1,81.92
O300331,P200004,1,43.46
O300331,P200091,3,60.72
O300331,P200187,3,263.8
O300332,P200194,3,108.56
O300332,P200224,3,130.26
O300332,P200110,2,94.92
O300332,P200238,3,29.14
O300333,P200045,1,56.62
O300334,P200036,2,55.87
O300335,P200080,3,30.02
O300335,P200148,1,38.68
O300335,P200150,3,19.57
O300335,P200230,2,115.07
O300335,P200020,3,136.1
O300336,P200175,2,16.19
O300336,P200172,1,61.34
O300336,P200032,3,544.28
O300336,P200078,3,18.84
O300337,P200202,1,97.9
O300338,P200194,3,117.34
O300339,P200022,1,60.03
O300340,P200173,2,13.81
O300340,P200184,1,112.72
O300340,P200082,2,147.86
O300340,P200108,2,60.82
O300340,P200048,3,19.26
O300341,P200184,2,108.31
O300341,P200132,1,112.54
O300341,P200102,3,118.38
O300341,P200048,1,22.51
O300342,P200013,2,84.89
O300342,P200231,3,31.68
O300342,P200023,1,108.46
O300342,P200249,3,93.85
O300342,P200133,2,26.19
O300343,P200097,1,151.13
O300344,P200004,2,43.07
O300344,P200203,2,475.32
O300344,P200094,2,61.93
O300344,P200019,2,408.21
O300345,P200163,3,64.81
O300345,P200076,3,67.63
O300345,P200216,3,116.73
O300345,P200087,3,109.48
O300345,P200072,1,44.71
O300346,P200022,1,57.68
O300346,P200041,3,123.99
O300346,P200141,3,96.78
O300347,P200219,3,211.66
O300347,P200099,3,16.9
O300347,P200048,3,21.19
O300347,P200103,1,99.3
O300348,P200086,2,16.37
O300348,P200057,2,136.36
O300348,P200145,1,106.04
O300348,P200166,1,21.37
O300349,P200002,3,21.99
O300350,P200131,2,293.77
O300350,P200107,3,41.79
O300350,P200119,1,70.64
O300351,P200009,2,11.35
O300351,P200090,1,128.33
O300352,P200212,3,66.51
O300353,P200173,1,14.12
O300353,P200037,3,50.61
O300353,P200036,3,58.13
O300354,P200193,2,39.92
O300354,P200100,2,27.7
O300354,P200068,2,21.61
O300354,P200199,1,296.95
O300354,P200176,1,99.97
O300355,P200150,1,19.23
O300356,P200230,3,113.48
O300356,P200109,1,19.03
O300357,P200176,2,97.2
O300357,P200171,1,97.05
O300357,P200111,1,42.93
O300357,P200094,2,62.31
O300358,P200044,1,138.47
O300358,P200207,3,33.08
O300359,P200230,1,110.06
O300360,P200203,2,386.43
O300361,P200203,1,454.4
O300362,P200098,2,115.47
O300362,P200166,3,19.72
O300362,P200025,2,81.09
O300362,P200192,3,56.87
O300362,P200004,2,45.76
O300363,P200007,3,63.63
O300363,P200114,3,126.21
O300363,P200057,3,142.75
O300364,P200027,1,29.94
O300364,P200080,1,33.44
O300364,P200040,3,55.97
O300364,P200000,1,144.27
O300364,P200197,3,435.86
O300365,P200062,2,26.41
O300365,P200057,3,147.55
O300365,P200008,2,21.64
O300365,P200007,1,64.26
O300366,P200041,3,129.2
O300366,P200113,2,54.62
O300367,P200066,3,37.1
O300367,P200126,1,21.29
O300367,P200177,3,27.04
O300367,P200068,2,18.47
O300367,P200008,2,22.17
O300368,P200104,1,75.44
O300368,P200191,2,6.56
O300369,P200102,2,109.28
O300370,P200187,3,233.62
O300370,P200210,2,98.5
O300370,P200214,3,105.21
O300370,P200243,1,64.29
O300370,P200102,1,94.98
O300371,P200249,2,102.6
O300371,P200245,2,9.59
O300371,P200103,1,102.66
O300372,P200231,3,28.34
O300372,P200136,3,171.26
O300372,P200122,1,68.76
O300373,P200236,1,40.41
O300373,P200194,2,123.21
O300373,P200221,1,436.52
O300374,P200172,3,54.17
O300374,P200206,2,45.71
O300374,P200131,1,285.72
O300374,P200076,1,69.63
O300374,P200067,1,6.34
O300375,P200219,2,210.12
O300375,P200116,2,146.39
O300376,P200073,3,152.9
O300376,P200168,1,256.98
O300376,P200092,2,36.93
O300376,P200155,3,115.33
O300376,P200100,2,29.42
O300377,P200204,3,789.08
O300377,P200054,3,75.28
O300377,P200072,2,46.08
O300377,P200239,3,41.87
O300377,P200043,3,33.22
O300378,P200234,1,13.65
O300378,P200158,1,132.39
O300378,P200043,3,35.93
O300378,P200236,2,44.77
O300379,P200201,2,104.65
O300380,P200211,3,121.93
O300381,P200164,3,143.89
O300382,P200016,2,416.45
O300382,P200031,3,29.63
O300382,P200218,3,93.44
O300382,P200221,1,509.52
O300383,P200134,3,101.59
O300383,P200104,2,95.28
O300384,P200069,2,38.05
O300384,P200054,2,75.22
O300384,P200103,1,123.77
O300384,P200096,2,27.19
O300384,P200110,1,77.9
O300385,P200037,1,55.68
O300386,P200180,2,276.29
O300386,P200087,3,118.95
O300387,P200010,2,128.78
O300387,P200083,3,131.08
O300388,P200157,2,72.44
O300388,P200139,3,234.46
O300388,P200135,2,30.43
O300388,P200201,3,114.74
O300388,P200042,2,76.0
O300389,P200203,1,429.2
O300390,P200063,3,94.73
O300390,P200188,3,49.23
O300390,P200051,1,125.34
O300391,P200036,1,49.63
O300391,P200088,2,118.08
O300391,P200108,1,61.26
O300391,P200117,3,62.81
O300391,P200040,2,53.16
O300392,P200225,2,9.44
O300392,P200004,1,54.34
O300392,P200011,3,43.21
O300392,P200210,1,98.42
O300392,P200098,3,110.28
O300393,P200196,3,40.68
O300393,P200031,1,29.11
O300393,P200024,3,108.37
O300393,P200162,3,124.19
O300393,P200108,1,65.18
O300394,P200023,3,106.76
O300394,P200091,2,58.58
O300394,P200219,2,264.52
O300394,P200237,1,106.93
O300395,P200034,2,88.87
O300396,P200116,1,145.61
O300397,P200006,1,192.59
O300397,P200242,3,78.51
O300397,P200156,3,103.73
O300398,P200146,3,12.2
O300398,P200193,2,38.74
O300398,P200128,2,60.68
O300399,P200180,2,280.16
O300399,P200164,1,113.68
O300399,P200206,1,46.12
O300400,P200090,2,139.04
O300401,P200029,1,19.33
O300401,P200049,1,35.44
O300401,P200032,2,530.83
O300401,P200216,3,97.99
O300402,P200150,1,21.92
O300402,P200232,2,90.11
O300403,P200249,3,91.18
O300404,P200192,2,56.01
O300404,P200064,3,6.66
O300404,P200168,2,240.24
O300404,P200113,3,56.09
O300404,P200161,1,66.86
O300405,P200229,3,28.78
O300405,P200131,1,276.2
O300406,P200236,3,41.84
O300406,P200084,2,67.68
O300407,P200101,1,8.89
O300407,P200172,1,58.04
O300407,P200045,1,52.36
O300408,P200237,2,100.24
O300408,P200139,2,261.36
O300408,P200240,2,289.62
O300408,P200218,3,95.76
O300408,P200186,1,11.38
O300409,P200219,3,252.49
O300409,P200205,2,163.08
O300409,P200235,1,18.4
O300409,P200190,2,19.26
O300409,P200114,1,114.27
O300410,P200160,3,44.01
O300411,P200067,2,5.52
O300411,P200084,1,76.64
O300411,P200113,3,58.49
O300411,P200109,1,18.3
O300412,P200012,2,70.16
O300412,P200048,2,21.44
O300412,P200214,1,113.91
O300412,P200013,1,99.33
O300413,P200157,3,66.95
O300413,P200037,2,47.49
O300413,P200015,2,140.68
O300413,P200032,1,487.52
O300413,P200220,3,32.79
O300414,P200228,1,122.25
O300414,P200171,2,95.16
O300414,P200151,3,121.83
O300414,P200148,3,36.97
O300414,P200018,1,39.13
O300415,P200105,1,129.62
O300415,P200042,3,80.61
O300415,P200156,2,89.64
O300415,P200182,2,8.51
O300416,P200090,2,121.27
O300416,P200155,2,98.18
O300416,P200018,2,39.08
O300416,P200216,2,101.03
O300417,P200149,1,95.35
O300417,P200164,3,123.61
O300418,P200215,3,116.69
O300418,P200187,2,282.26
O300418,P200066,2,39.88
O300418,P200016,1,335.94
O300418,P200098,1,109.08
O300419,P200010,2,136.63
O300419,P200112,1,109.59
O300419,P200129,3,121.81
O300419,P200115,3,36.37
O300419,P200046,3,10.97
O300420,P200173,1,11.23
O300420,P200176,2,89.32
O300420,P200100,3,32.82
O300420,P200104,1,80.8
O300420,P200240,1,242.53
O300421,P200183,1,135.08
O300421,P200219,2,238.39
O300421,P200220,1,30.7
O300421,P200091,2,68.78
O300421,P200054,1,85.45
O300422,P200120,1,66.37
O300422,P200146,1,12.4
O300422,P200216,1,94.72
O300422,P200197,2,467.34
O300423,P200205,2,153.48
O300423,P200149,1,85.7
O300423,P200115,2,41.73
O300423,P200103,3,102.9
O300423,P200154,1,253.76
O300424,P200010,1,125.06
O300424,P200051,3,126.5
O300424,P200109,2,18.41
O300424,P200087,1,108.22
O300425,P200069,3,36.71
O300425,P200169,2,70.72
O300426,P200027,3,33.4
O300427,P200235,1,17.16
O300427,P200188,3,59.28
O300427,P200164,2,127.94
O300427,P200019,3,358.5
O300427,P200181,2,85.8
O300428,P200105,2,127.99
O300428,P200145,2,114.69
O300428,P200215,2,104.3
O300429,P200175,3,16.35
O300429,P200171,3,90.73
O300429,P200025,3,72.77
O300429,P200212,3,65.74
O300429,P200059,1,24.47
O300430,P200031,2,31.52
O300430,P200100,3,31.17
O300431,P200183,3,122.82
O300431,P200071,1,40.48
O300432,P200209,3,67.76
O300432,P200237,3,95.62
O300432,P200236,3,45.72
O300432,P200062,2,24.89
O300432,P200170,3,46.73
O300433,P200148,3,41.59
O300433,P200237,1,115.61
O300433,P200011,1,40.08
O300434,P200129,3,135.45
O300434,P200126,3,21.8
O300434,P200228,2,132.75
O300434,P200249,1,106.83
O300435,P200227,3,33.5
O300435,P200206,3,42.17
O300436,P200083,2,114.31
O300436,P200200,3,74.28
O300436,P200042,3,78.16
O300436,P200030,1,64.61
O300437,P200142,2,98.98
O300437,P200207,1,34.73
O300437,P200097,2,121.65
O300438,P200039,2,66.2
O300438,P200138,3,40.25
O300438,P200000,3,148.35
O300438,P200198,3,328.92
O300438,P200112,1,113.29
O300439,P200244,2,44.66
O300439,P200206,2,45.53
O300439,P200040,3,52.02
O300440,P200149,1,101.99
O300441,P200036,2,55.54
O300441,P200040,2,57.11
O300441,P200166,1,18.39
O300441,P200176,3,105.76
O300442,P200123,2,21.98
O300442,P200136,3,159.09
O300442,P200028,2,90.28
O300442,P200086,3,16.3
O300442,P200245,2,10.73
O300443,P200005,3,23.98
O300443,P200034,1,87.26
O300443,P200046,1,8.68
O300443,P200008,1,23.5
O300443,P200245,1,9.8
O300444,P200011,2,45.05
O300445,P200109,1,22.63
O300445,P200065,2,145.74
O300445,P200197,1,501.54
O300445,P200072,3,42.67
O300445,P200163,3,72.66
O300446,P200183,2,115.06
O300446,P200056,1,92.95
O300447,P200213,2,15.88
O300447,P200199,1,294.86
O300447,P200088,3,97.47
O300447,P200067,1,6.13
O300447,P200225,3,9.91
O300448,P200161,3,59.26
O300448,P200215,2,124.32
O300448,P200072,3,39.88
O300448,P200089,1,39.75
O300449,P200231,3,33.12
O300449,P200088,3,97.14
O300449,P200028,2,95.94
O300449,P200193,3,41.31
O300449,P200196,1,38.08
O300450,P200184,3,100.68
O300450,P200213,1,18.86
O300451,P200153,1,32.05
O300451,P200226,2,106.74
O300451,P200135,1,30.93
O300451,P200115,1,43.96
O300452,P200053,3,117.16
O300452,P200140,1,21.45
O300452,P200230,1,135.61
O300452,P200221,1,457.27
O300453,P200113,1,61.28
O300454,P200223,2,39.21
O300454,P200004,1,53.21
O300454,P200159,1,16.34
O300454,P200055,2,99.79
O300455,P200133,1,22.2
O300456,P200236,3,41.99
O300456,P200062,1,27.38
O300456,P200205,3,138.13
O300456,P200009,2,12.13
O300456,P200067,2,6.09
O300457,P200134,2,108.93
O300458,P200061,1,69.89
O300459,P200143,2,10.87
O300459,P200199,2,278.04
O300459,P200009,2,11.66
O300460,P200103,3,112.7
O300461,P200048,3,23.12
O300462,P200245,1,10.03
O300463,P200093,3,138.45
O300463,P200039,1,75.18
O300464,P200045,2,51.77
O300464,P200046,2,10.11
O300464,P200205,1,158.19
O300465,P200227,1,37.71
O300466,P200150,1,17.86
O300467,P200014,1,60.25
O300467,P200120,3,55.4
O300467,P200140,2,18.1
O300467,P200050,2,34.16
O300468,P200049,2,38.88
O300468,P200201,1,95.96
O300469,P200056,2,113.12
O300469,P200080,2,34.24
O300469,P200006,1,164.44
O300469,P200215,3,99.29
O300470,P200131,2,281.11
O300470,P200019,1,433.66
O300470,P200037,3,49.76
O300470,P200034,2,94.49
O300470,P200020,2,120.49
O300471,P200105,1,119.11
O300472,P200083,3,135.06
O300472,P200006,3,179.83
O300472,P200087,2,119.62
O300472,P200079,2,7.95
O300472,P200018,2,40.75
O300473,P200240,3,250.79
O300473,P200095,3,127.99
O300473,P200053,2,113.62
O300473,P200054,1,95.73
O300474,P200159,1,20.03
O300474,P200194,2,113.91
O300474,P200236,3,40.02
O300474,P200185,1,134.35
O300474,P200024,2,111.3
O300475,P200186,3,10.19
O300475,P200206,3,47.43
O300475,P200121,2,37.29
O300476,P200065,1,112.35
O300477,P200097,3,154.11
O300477,P200019,1,417.76
O300477,P200131,1,265.59
O300477,P200106,3,8.1
O300477,P200209,3,55.77
O300478,P200068,3,20.57
O300478,P200237,2,102.47
O300478,P200229,1,30.6
O300479,P200121,1,41.75
O300480,P200026,2,149.74
O300481,P200219,1,224.03
O300481,P200188,2,52.72
O300482,P200029,3,18.71
O300482,P200200,3,75.62
O300483,P200093,3,163.85
O300483,P200165,1,17.39
O300483,P200209,1,67.77
O300484,P200048,2,20.28
O300484,P200202,3,99.15
O300484,P200076,1,74.47
O300485,P200022,3,59.57
O300485,P200234,2,12.38
O300485,P200161,3,73.31
O300485,P200002,1,21.0
O300485,P200178,3,8.7
O300486,P200155,2,99.13
O300486,P200229,3,34.17
O300486,P200039,3,66.87
O300486,P200248,1,5.6
O300486,P200036,1,49.7
O300487,P200008,3,24.14
O300487,P200099,1,17.4
O300487,P200057,2,152.2
O300487,P200166,2,21.87
O300488,P200246,2,96.59
O300488,P200115,2,44.14
O300488,P200102,2,119.96
O300488,P200021,2,63.39
O300489,P200037,1,54.98
O300489,P200141,3,103.01
O300489,P200048,2,23.39
O300489,P200234,1,14.68
O300489,P200010,1,146.04
O300490,P200063,3,75.48
O300490,P200154,1,257.29
O300491,P200180,1,251.69
O300491,P200188,3,51.45
O300491,P200209,1,57.7
O300492,P200058,1,62.62
O300492,P200239,2,39.41
O300492,P200188,1,57.01
O300492,P200000,1,130.01
O300493,P200160,3,52.38
O300493,P200064,1,6.27
O300494,P200246,2,90.57
O300494,P200011,3,36.33
O300494,P200226,1,97.65
O300494,P200232,2,112.58
O300494,P200151,3,132.67
O300495,P200007,1,75.97
O300495,P200182,1,8.04
O300496,P200040,2,49.16
O300497,P200165,3,15.12
O300497,P200244,2,38.8
O300498,P200049,1,32.58
O300498,P200016,3,415.51
O300498,P200226,1,119.36
O300498,P200000,1,137.92
O300498,P200018,1,35.32
O300499,P200137,3,87.36
O300499,P200198,1,324.02
O300500,P200220,3,28.19
O300500,P200057,3,148.59
O300501,P200223,2,38.02
O300501,P200164,1,132.95
O300501,P200194,2,98.89
O300501,P200043,1,31.4
O300501,P200032,1,479.85
O300502,P200044,2,132.69
O300503,P200005,3,27.42
O300504,P200007,1,64.87
O300504,P200061,2,68.73
O300504,P200214,2,108.75
O300504,P200099,1,16.88
O300504,P200186,2,10.63
O300505,P200168,3,285.71
O300505,P200038,1,478.25
O300506,P200242,1,96.69
O300507,P200118,3,50.69
O300507,P200117,3,66.96
O300507,P200172,2,66.39
O300508,P200154,1,255.72
O300508,P200106,3,9.8
O300508,P200067,3,6.74
O300508,P200066,1,41.88
O300509,P200043,3,32.45
O300509,P200223,1,36.71
O300509,P200183,1,124.36
O300509,P200240,1,249.38
O300510,P200217,3,139.28
O300511,P200206,1,48.03
O300511,P200163,3,74.28
O300512,P200131,1,263.87
O300512,P200223,3,34.86
O300512,P200185,2,106.85
O300512,P200130,3,98.29
O300513,P200049,1,36.52
O300513,P200210,3,106.97
O300513,P200178,3,9.09
O300513,P200135,3,26.22
O300514,P200220,3,33.22
O300514,P200022,2,51.58
O300514,P200128,3,61.25
O300514,P200206,3,44.24
O300515,P200170,3,54.29
O300515,P200057,1,148.53
O300516,P200111,1,41.54
O300516,P200208,3,11.72
O300516,P200200,3,81.76
O300516,P200056,1,103.72
O300516,P200114,1,139.1
O300517,P200216,1,116.13
O300518,P200167,1,130.7
O300518,P200114,2,119.66
O300518,P200169,1,62.0
O300518,P200089,1,36.81
O300518,P200027,2,29.14
O300519,P200051,3,128.01
O300519,P200223,3,44.21
O300519,P200028,2,99.12
O300519,P200206,3,38.49
O300519,P200017,2,136.66
O300520,P200165,3,17.16
O300520,P200083,2,135.39
O300520,P200220,3,31.75
O300520,P200151,2,143.63
O300521,P200068,3,18.02
O300521,P200061,2,74.53
O300521,P200203,1,456.02
O300522,P200221,1,416.2
O300522,P200094,2,63.03
O300523,P200069,1,35.96
O300523,P200208,3,12.26
O300523,P200249,2,105.66
O300524,P200099,3,16.0
O300525,P200117,1,69.32
O300525,P200249,1,103.35
O300526,P200202,1,122.11
O300526,P200157,3,64.91
O300526,P200021,1,68.94
O300526,P200233,2,89.85
O300527,P200202,1,104.02
O300527,P200239,2,44.17
O300527,P200178,3,10.26
O300528,P200100,1,34.28
O300528,P200033,3,27.16
O300528,P200157,1,63.47
O300529,P200107,2,45.75
O300529,P200204,1,763.84
O300529,P200002,3,25.81
O300530,P200041,1,104.19
O300531,P200150,3,22.13
O300531,P200170,3,55.82
O300531,P200008,1,24.49
O300531,P200105,2,130.44
O300531,P200025,2,74.11
O300532,P200123,3,23.8
O300532,P200171,1,77.91
O300532,P200209,1,60.74
O300532,P200072,1,46.43
O300532,P200222,1,110.12
O300533,P200178,3,9.09
O300533,P200210,1,107.71
O300534,P200140,3,18.58
O300534,P200030,2,54.91
O300535,P200119,3,64.19
O300535,P200038,1,466.53
O300535,P200241,3,112.88
O300535,P200000,2,142.41
O300536,P200173,2,13.78
O300537,P200219,1,261.64
O300538,P200249,1,96.44
O300538,P200243,1,61.67
O300538,P200008,1,23.41
O300538,P200199,3,270.36
O300538,P200011,2,39.99
O300539,P200125,2,80.35
O300540,P200240,2,294.38
O300540,P200116,3,171.77
O300540,P200223,1,35.64
O300541,P200077,1,52.21
O300541,P200145,1,117.29
O300541,P200144,3,90.88
O300541,P200195,3,30.46
O300541,P200181,3,95.44
O300542,P200083,1,137.3
O300542,P200202,2,107.41
O300542,P200176,3,98.9
O300542,P200133,3,25.67
O300543,P200184,1,103.01
O300543,P200203,3,432.93
O300544,P200181,3,92.28
O300545,P200035,1,38.69
O300545,P200227,3,30.54
O300545,P200157,3,66.48
O300545,P200058,3,63.16
O300546,P200189,3,106.02
O300546,P200210,1,90.41
O300546,P200150,1,22.04
O300547,P200186,1,10.84
O300547,P200185,1,131.05
O300547,P200003,2,132.98
O300547,P200190,1,18.29
O300547,P200064,2,6.71
O300548,P200148,3,34.5
O300548,P200067,3,6.42
O300548,P200249,2,109.63
O300548,P200073,2,162.16
O300549,P200173,3,10.95
O300550,P200077,2,54.44
O300550,P200213,1,16.58
O300551,P200116,2,149.67
O300551,P200188,2,47.49
O300551,P200240,3,264.83
O300551,P200175,1,17.04
O300552,P200023,1,114.61
O300552,P200064,1,7.01
O300552,P200090,2,122.63
O300552,P200122,1,78.29
O300553,P200074,3,62.11
O300553,P200205,3,129.89
O300553,P200047,2,71.47
O300553,P200001,3,6.88
O300554,P200089,2,35.26
O300554,P200023,1,119.24
O300555,P200006,2,175.78
O300555,P200070,1,13.94
O300556,P200230,2,126.81
O300556,P200033,1,31.13
O300557,P200095,2,131.4
O300557,P200154,1,283.62
O300557,P200194,2,113.07
O300557,P200102,1,112.0
O300558,P200045,1,49.68
O300559,P200083,2,112.11
O300559,P200030,2,58.73
O300559,P200213,2,14.78
O300559,P200209,3,56.08
O300559,P200191,1,6.67
O300560,P200000,2,136.22
O300560,P200222,2,104.03
O300561,P200049,3,34.55
O300561,P200196,1,40.21
O300561,P200130,2,101.97
O300562,P200096,1,25.03
O300562,P200084,3,79.07
O300563,P200004,3,48.11
O300563,P200067,3,7.11
O300563,P200100,3,29.9
O300564,P200067,1,6.57
O300564,P200056,2,101.42
O300564,P200240,3,288.31
O300564,P200039,2,59.27
O300565,P200084,3,72.64
O300566,P200199,3,293.28
O300566,P200178,2,8.64
O300566,P200168,3,289.79
O300567,P200131,3,291.21
O300568,P200098,2,110.49
O300569,P200154,2,239.73
O300569,P200101,1,8.85
O300569,P200124,1,270.37
O300569,P200081,2,593.49
O300570,P200196,2,35.88
O300570,P200212,2,66.48
O300570,P200168,3,260.6
O300571,P200232,3,105.11
O300571,P200038,2,560.58
O300571,P200063,1,92.54
O300571,P200139,3,258.59
O300572,P200242,2,79.23
O300572,P200130,3,104.39
O300573,P200098,1,111.77
O300573,P200021,1,68.96
O300574,P200126,2,19.3
O300574,P200228,1,123.86
O300574,P200140,1,22.64
O300575,P200019,2,373.21
O300576,P200193,1,38.59
O300576,P200162,2,128.54
O300576,P200142,1,92.34
O300576,P200146,2,15.38
O300576,P200164,2,129.44
O300577,P200059,1,24.63
O300577,P200103,3,100.02
O300578,P200063,3,88.72
O300578,P200092,1,34.22
O300578,P200045,1,43.84
O300578,P200211,3,128.62
O300579,P200131,1,267.71
O300580,P200227,3,33.15
O300580,P200190,2,16.4
O300580,P200076,2,63.45
O300580,P200195,3,32.56
O300581,P200195,2,28.74
O300581,P200081,1,575.15
O300582,P200089,3,40.07
O300582,P200177,2,29.11
O300583,P200225,2,9.14
O300583,P200033,3,30.21
O300583,P200107,3,47.02
O300584,P200124,2,287.94
O300585,P200221,1,410.64
O300586,P200238,2,32.94
O300586,P200119,1,74.27
O300586,P200062,1,29.83
O300586,P200003,3,107.7
O300587,P200001,3,5.93
O300587,P200057,2,142.91
O300588,P200137,3,85.26
O300588,P200091,3,63.19
O300588,P200092,3,32.68
O300589,P200172,3,64.26
O300589,P200116,3,153.57
O300589,P200059,2,24.5
O300589,P200025,3,79.59
O300590,P200230,1,136.21
O300590,P200091,3,59.37
O300590,P200229,1,31.47
O300590,P200086,3,18.54
O300591,P200158,2,123.54
O300591,P200180,3,264.2
O300591,P200165,3,16.37
O300591,P200160,1,43.91
O300592,P200111,1,40.8
O300592,P200240,1,267.8
O300592,P200163,1,60.5
O300592,P200032,3,542.99
O300592,P200076,3,60.47
O300593,P200123,1,22.63
O300593,P200061,1,76.77
O300593,P200239,3,40.75
O300593,P200247,3,17.63
O300594,P200171,3,93.07
O300594,P200135,3,29.26
O300595,P200166,2,20.23
O300595,P200111,2,39.84
O300596,P200032,1,556.25
O300596,P200169,2,69.04
O300596,P200082,2,154.06
O300596,P200108,2,67.49
O300596,P200235,3,14.99
O300597,P200137,3,86.0
O300597,P200162,1,127.52
O300597,P200092,3,40.98
O300598,P200200,3,72.9
O300598,P200137,2,90.01
O300598,P200045,1,45.91
O300599,P200109,2,19.17
O300599,P200245,3,8.79
O300599,P200010,2,120.77
O300599,P200106,3,7.67
O300599,P200107,3,39.71
O300600,P200108,1,60.27
O300600,P200144,2,87.84
O300601,P200125,2,76.4
O300601,P200112,1,102.7
O300602,P200102,2,97.39
O300603,P200131,1,244.45
O300604,P200118,2,47.23
O300604,P200025,3,71.67
O300604,P200112,2,115.68
O300604,P200199,1,260.37
O300605,P200228,3,105.95
O300605,P200071,3,42.49
O300605,P200033,3,25.8
O300606,P200043,1,30.8
O300606,P200216,3,109.5
O300607,P200129,2,119.88
O300607,P200152,2,131.73
O300608,P200184,2,110.47
O300608,P200208,2,12.48
O300608,P200133,3,22.65
O300608,P200097,2,121.89
O300609,P200225,3,8.34
O300610,P200000,2,143.81
O300610,P200007,1,66.86
O300610,P200210,2,100.33
O300610,P200120,1,62.24
O300611,P200207,3,38.23
O300611,P200194,2,119.7
O300611,P200205,2,137.12
O300611,P200012,2,80.29
O300611,P200203,1,447.04
O300612,P200101,2,8.86
O300612,P200012,2,72.33
O300612,P200093,2,150.59
O300613,P200180,3,259.32
O300613,P200111,2,36.14
O300613,P200004,1,53.49
O300614,P200128,3,48.45
O300614,P200156,1,112.28
O300614,P200054,1,90.05
O300615,P200194,1,116.5
O300616,P200001,1,6.61
O300616,P200248,2,5.31
O300616,P200002,2,21.98
O300616,P200223,3,34.41
O300617,P200197,2,409.37
O300617,P200151,2,142.53
O300618,P200110,1,76.94
O300618,P200022,1,52.36
O300618,P200181,1,82.48
O300619,P200236,1,45.02
O300620,P200150,2,22.34
O300620,P200170,3,47.46
O300620,P200229,2,31.53
O300620,P200089,1,40.87
O300620,P200091,1,65.39
O300621,P200068,1,19.01
O300621,P200152,3,129.34
O300622,P200198,2,284.5
O300623,P200229,1,35.61
O300623,P200244,3,48.5
O300623,P200050,1,32.47
O300623,P200186,1,10.43
O300624,P200154,2,235.71
O300624,P200239,2,40.84
O300624,P200159,2,20.26
O300624,P200025,3,84.13
O300624,P200013,2,80.95
O300625,P200201,3,104.62
O300625,P200095,3,138.72
O300625,P200114,2,134.52
O300626,P200101,2,9.43
O300627,P200076,2,70.35
O300627,P200111,3,43.17
O300627,P200110,2,80.84
O300627,P200031,2,31.44
O300627,P200125,2,75.29
O300628,P200010,1,141.37
O300628,P200065,3,123.99
O300629,P200210,1,111.16
O300629,P200099,2,18.75
O300630,P200098,3,104.18
O300630,P200103,2,99.2
O300630,P200123,3,22.1
O300630,P200236,2,46.38
O300631,P200184,3,97.47
O300631,P200180,2,283.03
O300632,P200101,2,8.12
O300633,P200097,1,130.06
O300633,P200123,2,24.06
O300633,P200032,1,462.91
O300633,P200225,2,10.18
O300634,P200193,1,38.9
O300634,P200085,2,23.32
O300635,P200014,3,64.73
O300635,P200020,1,108.25
O300635,P200022,2,65.42
O300635,P200198,3,270.77
O300635,P200231,3,28.75
O300636,P200042,1,91.43
O300637,P200042,3,77.41
O300637,P200181,2,86.73
O300637,P200192,2,51.02
O300637,P200024,3,121.59
O300637,P200087,2,114.07
O300638,P200129,1,120.73
O300638,P200078,1,14.98
O300638,P200169,2,68.63
O300638,P200142,2,99.97
O300639,P200190,3,15.25
O300639,P200119,1,69.75
O300640,P200155,3,104.14
O300640,P200188,3,52.68
O300640,P200164,2,141.44
O300641,P200004,2,45.14
O300641,P200191,1,6.94
O300641,P200208,1,12.2
O300641,P200074,2,52.42
O300641,P200213,1,16.02
O300642,P200090,3,131.02
O300643,P200000,1,137.5
O300643,P200084,2,80.45
O300643,P200186,2,9.0
O300643,P200185,2,136.25
O300643,P200043,1,36.35
O300644,P200032,3,560.03
O300644,P200057,3,129.81
O300644,P200152,2,112.25
O300645,P200092,3,34.48
O300645,P200192,2,51.51
O300645,P200142,3,89.64
O300645,P200135,1,25.34
O300645,P200240,3,293.02
O300646,P200147,1,76.76
O300646,P200058,1,69.86
O300647,P200014,3,68.88
O300647,P200218,1,110.48
O300647,P200146,2,14.09
O300647,P200210,1,99.0
O300648,P200107,2,47.16
O300648,P200092,1,32.82
O300648,P200074,1,62.25
O300648,P200207,1,40.43
O300648,P200042,1,71.2
O300649,P200188,3,51.07
O300649,P200058,3,63.19
O300650,P200017,1,141.86
O300651,P200238,2,33.74
O300651,P200245,1,8.67
O300652,P200204,1,742.37
O300652,P200086,3,17.2
O300652,P200180,2,282.89
O300653,P200066,1,44.08
O300653,P200022,2,63.75
O300653,P200179,3,87.69
O300653,P200195,3,27.05
O300654,P200138,3,38.49
O300654,P200154,2,280.4
O300654,P200240,3,260.38
O300655,P200099,1,15.11
O300655,P200169,1,64.87
O300655,P200200,2,75.09
O300655,P200030,3,64.15
O300655,P200123,1,27.35
O300656,P200233,2,90.73
O300656,P200199,1,297.27
O300656,P200020,3,130.69
O300657,P200002,2,25.06
O300657,P200025,1,69.12
O300657,P200058,1,60.73
O300657,P200138,2,36.26
O300658,P200059,2,25.36
O300658,P200144,1,90.76
O300658,P200199,1,262.76
O300658,P200088,1,106.35
O300658,P200017,2,152.0
O300659,P200063,1,93.28
O300659,P200044,2,128.12
O300659,P200132,1,131.84
O300659,P200091,2,56.37
O300659,P200237,1,113.45
O300660,P200051,2,128.05
O300660,P200239,2,41.64
O300661,P200143,1,11.86
O300661,P200094,3,63.54
O300662,P200041,2,115.47
O300662,P200062,3,25.5
O300662,P200010,3,119.15
O300662,P200009,3,10.41
O300663,P200211,2,128.76
O300663,P200228,3,115.46
O300663,P200101,3,8.11
O300664,P200118,3,42.74
O300664,P200191,1,7.62
O300664,P200140,3,17.43
O300665,P200033,1,26.89
O300665,P200167,2,135.96
O300665,P200111,1,36.78
O300665,P200221,2,401.11
O300666,P200204,1,717.95
O300666,P200098,2,102.06
O300666,P200220,2,34.61
O300666,P200009,3,12.88
O300667,P200206,3,37.25
O300667,P200173,1,11.21
O300667,P200181,2,91.39
O300667,P200147,1,72.11
O300667,P200133,2,23.93
O300668,P200015,2,122.95
O300668,P200217,2,153.37
O300669,P200148,3,44.02
O300669,P200160,1,48.49
O300669,P200206,3,40.45
O300669,P200015,2,141.2
O300670,P200226,1,114.36
O300670,P200104,2,74.35
O300671,P200152,2,120.95
O300671,P200109,2,22.8
O300671,P200226,3,93.04
O300671,P200133,3,22.78
O300671,P200067,3,6.04
O300672,P200181,1,89.74
O300673,P200152,1,131.93
O300673,P200083,2,138.8
O300673,P200225,3,8.66
O300673,P200015,1,130.8
O300674,P200201,1,114.84
O300675,P200039,3,62.61
O300675,P200234,1,11.8
O300675,P200025,1,74.66
O300675,P200151,3,116.25
O300675,P200002,3,20.74
O300676,P200227,1,32.3
O300676,P200059,3,26.61
O300676,P200127,2,109.84
O300676,P200141,1,101.69
O300676,P200134,3,95.52
O300677,P200094,2,65.23
O300677,P200191,1,7.53
O300677,P200114,1,107.53
O300677,P200089,2,42.89
O300677,P200034,1,90.4
O300678,P200237,3,101.96
O300678,P200179,3,104.35
O300678,P200206,1,45.09
O300678,P200113,3,59.59
O300679,P200115,2,43.69
O300679,P200227,2,31.36
O300679,P200207,3,35.22
O300680,P200246,3,92.33
O300680,P200020,1,107.17
O300681,P200049,3,41.28
O300681,P200129,3,126.75
O300681,P200072,2,42.43
O300681,P200021,1,59.6
O300681,P200055,3,102.06
O300682,P200029,1,15.95
O300682,P200027,2,33.5
O300682,P200136,1,134.84
O300683,P200098,2,109.64
O300683,P200058,3,60.02
O300683,P200079,2,8.96
O300683,P200008,1,23.83
O300683,P200242,3,81.94
O300684,P200121,3,38.69
O300684,P200211,3,121.16
O300684,P200007,1,59.09
O300684,P200116,2,159.99
O300685,P200179,2,93.69
O300685,P200054,1,86.42
O300685,P200005,2,27.79
O300685,P200108,2,66.27
O300686,P200095,2,128.63
O300686,P200076,1,72.34
O300687,P200110,3,97.12
O300687,P200155,3,98.07
O300687,P200222,3,91.53
O300688,P200218,3,95.96
O300688,P200182,3,9.23
O300688,P200145,1,125.08
O300689,P200176,2,94.76
O300689,P200051,1,129.02
O300689,P200170,3,47.2
O300689,P200034,2,98.29
O300690,P200241,1,94.71
O300690,P200167,1,122.07
O300690,P200073,3,156.06
O300690,P200247,2,15.01
O300691,P200217,2,126.49
O300692,P200105,2,105.63
O300692,P200000,1,155.08
O300693,P200185,3,130.87
O300694,P200195,3,30.8
O300694,P200167,1,115.28
O300694,P200214,1,108.08
O300695,P200156,2,87.35
O300695,P200013,3,89.7
O300695,P200063,1,89.14
O300695,P200003,1,109.35
O300696,P200100,2,33.29
O300696,P200140,1,20.26
O300697,P200198,2,329.89
O300697,P200075,1,55.35
O300697,P200202,3,115.45
O300697,P200051,2,118.79
O300698,P200072,1,43.19
O300699,P200032,3,569.78
O300699,P200044,1,138.38
O300699,P200071,2,51.01
O300699,P200103,3,119.09
O300699,P200053,3,122.11
O300700,P200219,2,220.0
O300700,P200009,1,11.6
O300700,P200216,2,103.05
O300700,P200149,3,81.23
O300701,P200019,2,407.45
O300701,P200192,3,61.32
O300701,P200197,1,442.68
O300701,P200081,3,606.62
O300702,P200236,2,36.34
O300702,P200116,3,187.19
O300702,P200067,1,5.46
O300702,P200175,2,14.77
O300703,P200066,3,36.58
O300703,P200063,3,81.31
O300704,P200002,1,20.71
O300704,P200164,3,125.18
O300704,P200173,1,12.44
O300704,P200215,2,128.49
O300704,P200143,3,13.35
O300705,P200205,1,155.76
O300705,P200107,3,42.85
O300705,P200191,2,6.76
O300705,P200168,1,234.23
O300706,P200035,3,45.04
O300707,P200129,1,124.07
O300707,P200158,2,150.98
O300707,P200007,1,69.08
O300707,P200244,2,43.26
O300707,P200167,2,119.55
O300708,P200144,2,82.85
O300708,P200238,2,33.41
O300708,P200082,2,124.09
O300708,P200016,2,404.48
O300709,P200144,1,90.27
O300709,P200249,2,98.77
O300710,P200078,1,17.93
O300710,P200050,3,32.92
O300710,P200197,1,517.15
O300710,P200062,1,30.05
O300710,P200163,3,66.52
O300711,P200154,3,239.9
O300711,P200132,2,103.41
O300712,P200207,1,38.02
O300712,P200042,3,76.97
O300712,P200223,3,39.92
O300712,P200230,3,112.13
O300713,P200243,1,60.41
O300713,P200148,1,36.18
O300713,P200005,3,24.35
O300713,P200015,3,126.06
O300714,P200075,2,61.72
O300714,P200234,3,13.05
O300714,P200024,1,103.0
O300714,P200170,2,54.64
O300714,P200196,1,37.95
O300715,P200080,1,35.84
O300715,P200110,1,97.89
O300715,P200020,3,118.5
O300716,P200139,2,279.78
O300716,P200248,2,5.03
O300716,P200214,2,110.45
O300716,P200163,1,64.47
O300716,P200243,1,68.94
O300717,P200169,2,62.98
O300717,P200099,3,15.65
O300718,P200088,1,96.95
O300718,P200045,2,52.5
O300718,P200222,1,102.33
O300718,P200225,1,10.04
O300718,P200068,1,17.64
O300719,P200248,2,5.5
O300719,P200101,1,9.25
O300720,P200016,2,389.67
O300720,P200035,1,38.32
O300720,P200237,3,111.49
O300720,P200023,2,121.29
O300720,P200066,2,36.39
O300721,P200016,1,385.06
O300721,P200176,2,94.78
O300721,P200065,3,139.47
O300721,P200072,2,37.32
O300722,P200238,1,30.27
O300722,P200032,1,512.72
O300722,P200013,1,93.72
O300722,P200197,3,441.99
O300723,P200135,1,29.59
O300724,P200113,2,54.06
O300724,P200146,3,14.02
O300724,P200147,1,75.94
O300725,P200110,3,84.99
O300726,P200041,1,120.46
O300726,P200060,2,72.68
O300726,P200020,1,129.12
O300726,P200011,2,34.85
O300726,P200106,1,9.31
O300727,P200120,2,67.04
O300727,P200170,1,53.67
O300728,P200009,1,11.54
O300728,P200069,2,34.97
O300728,P200190,2,14.74
O300728,P200145,3,111.03
O300728,P200230,2,120.85
O300729,P200246,3,105.81
O300729,P200124,3,311.42
O300729,P200177,3,28.92
O300729,P200167,2,114.5
O300729,P200104,1,87.36
O300730,P200128,2,58.23
O300731,P200051,3,127.53
O300731,P200049,3,39.75
O300731,P200246,2,115.97
O300731,P200189,1,99.67
O300732,P200078,2,16.37
O300732,P200028,3,88.96
O300733,P200013,2,84.76
O300734,P200025,1,76.22
O300734,P200178,1,8.99
O300735,P200116,1,166.75
O300735,P200203,3,492.38
O300735,P200107,2,39.32
O300736,P200016,3,427.3
O300736,P200152,1,133.35
O300736,P200159,3,20.28
O300736,P200049,2,40.29
O300736,P200029,1,19.91
O300737,P200184,2,119.0
O300737,P200239,1,43.11
O300737,P200131,2,251.67
O300737,P200058,2,61.98
O300738,P200202,2,108.47
O300738,P200153,1,28.48
O300739,P200144,3,94.04
O300739,P200117,3,60.85
O300740,P200208,2,12.96
O300740,P200083,1,135.26
O300741,P200043,2,35.53
O300741,P200098,2,110.4
O300741,P200007,3,74.55
O300741,P200121,1,36.4
O300742,P200139,1,276.02
O300742,P200113,1,53.74
O300742,P200002,2,20.5
O300743,P200083,1,125.34
O300744,P200043,3,33.72
O300745,P200191,1,6.98
O300746,P200208,2,12.99
O300746,P200154,2,276.67
O300746,P200094,2,66.76
O300746,P200143,1,12.46
O300746,P200140,2,20.81
O300747,P200103,2,114.99
O300747,P200058,1,70.41
O300747,P200118,3,43.52
O300748,P200220,1,33.82
O300748,P200241,1,93.07
O300748,P200115,2,40.48
O300749,P200104,3,79.09
O300749,P200125,3,83.03
O300749,P200231,3,31.5
O300749,P200195,2,32.36
O300750,P200207,2,38.24
O300751,P200232,2,90.58
O300752,P200088,2,101.64
O300752,P200158,2,145.14
O300753,P200082,1,125.43
O300753,P200134,3,96.31
O300754,P200152,2,134.82
O300754,P200074,3,52.89
O300754,P200034,3,107.23
O300754,P200114,1,127.46
O300755,P200242,1,96.87
O300755,P200233,2,92.21
O300755,P200013,2,84.57
O300755,P200201,3,104.1
O300755,P200244,2,42.87
O300756,P200159,2,17.87
O300756,P200106,1,9.29
O300756,P200148,2,39.4
O300756,P200113,1,56.81
O300757,P200200,2,73.31
O300757,P200017,3,123.47
O300757,P200012,3,81.58
O300757,P200007,1,77.07
O300757,P200213,1,15.08
O300758,P200232,1,113.59
O300758,P200062,2,25.56
O300758,P200078,1,18.83
O300759,P200087,2,94.48
O300759,P200060,2,82.65
O300760,P200004,3,44.96
O300760,P200076,2,63.6
O300761,P200175,1,16.19
O300762,P200137,3,81.24
O300762,P200145,1,122.14
O300762,P200188,2,47.76
O300762,P200050,2,37.54
O300762,P200001,3,6.29
O300763,P200119,1,72.92
O300763,P200240,1,258.69
O300763,P200134,1,105.31
O300763,P200129,1,144.45
O300764,P200047,3,74.44
O300764,P200148,1,39.52
O300764,P200125,1,89.62
O300764,P200035,3,44.16
O300765,P200099,2,19.05
O300765,P200178,1,9.37
O300766,P200135,2,25.29
O300766,P200102,3,103.74
O300766,P200248,3,4.64
O300766,P200082,3,131.65
O300767,P200004,1,43.1
O300767,P200191,1,7.7
O300768,P200166,2,21.65
O300768,P200022,1,53.36
O300768,P200237,1,99.26
O300769,P200041,1,107.95
O300769,P200231,1,27.61
O300769,P200207,1,41.62
O300769,P200238,1,27.35
O300770,P200062,3,30.79
O300770,P200010,1,144.86
O300770,P200216,2,112.61
O300770,P200136,3,166.78
O300770,P200206,2,39.52
O300771,P200174,1,126.69
O300771,P200101,1,9.62
O300771,P200087,1,103.8
O300772,P200240,2,242.98
O300772,P200013,3,81.49
O300772,P200172,1,62.16
O300772,P200081,3,530.76
O300773,P200070,1,16.45
O300773,P200189,3,94.01
O300773,P200026,3,143.76
O300774,P200228,2,116.2
O300774,P200111,2,40.85
O300774,P200050,1,32.97
O300775,P200031,2,35.6
O300775,P200097,3,140.85
O300775,P200235,1,18.91
O300775,P200036,3,46.16
O300775,P200043,1,37.34
O300776,P200231,1,28.59
O300776,P200239,2,48.56
O300776,P200218,2,106.34
O300776,P200160,1,51.08
O300776,P200139,3,224.29
O300777,P200039,3,68.33
O300777,P200187,1,251.28
O300778,P200238,3,29.04
O300778,P200003,1,119.56
O300778,P200016,3,422.25
O300778,P200127,1,109.81
O300778,P200006,2,183.62
O300779,P200009,3,10.02
O300779,P200094,2,55.76
O300779,P200168,2,279.07
O300780,P200081,3,536.13
O300780,P200207,2,33.46
O300780,P200198,2,318.25
O300780,P200208,1,12.2
O300781,P200141,2,106.67
O300781,P200074,1,56.72
O300781,P200126,3,22.84
O300782,P200211,1,122.46
O300782,P200063,1,85.61
O300782,P200004,2,48.47
O300782,P200140,3,21.76
O300783,P200139,1,254.56
O300783,P200008,2,22.47
O300783,P200143,1,11.87
O300783,P200134,3,93.74
O300783,P200057,2,120.39
O300784,P200183,2,130.92
O300784,P200210,3,94.86
O300784,P200102,3,105.18
O300785,P200146,3,12.71
O300785,P200132,1,114.62
O300785,P200099,2,17.15
O300785,P200107,3,46.76
O300786,P200108,1,55.45
O300786,P200171,2,84.13
O300786,P200196,3,36.38
O300787,P200102,2,119.31
O300787,P200107,1,37.57
O300787,P200031,2,27.98
O300787,P200048,3,19.65
O300788,P200077,3,49.65
O300789,P200160,1,49.28
O300789,P200137,3,73.55
O300789,P200031,2,30.16
O300789,P200119,1,64.04
O300790,P200070,3,17.74
O300790,P200093,3,154.16
O300790,P200069,3,41.83
O300791,P200024,2,126.78
O300791,P200134,2,109.95
O300791,P200102,1,114.14
O300792,P200062,1,28.85
O300792,P200037,1,54.14
O300793,P200237,2,117.25
O300793,P200039,2,68.75
O300793,P200058,1,61.42
O300793,P200078,3,18.49
O300794,P200099,2,18.49
O300794,P200047,2,63.72
O300795,P200144,3,92.85
O300796,P200011,2,36.53
O300796,P200123,2,25.8
O300796,P200124,2,304.69
O300796,P200239,1,41.87
O300796,P200229,1,34.16
O300797,P200101,1,10.39
O300797,P200021,1,72.6
O300797,P200151,3,132.56
O300798,P200226,3,95.95
O300799,P200159,1,20.03
O300799,P200035,1,39.44
O300800,P200233,2,88.38
O300800,P200212,1,61.53
O300800,P200226,2,96.17
O300800,P200028,3,98.58
O300800,P200038,1,483.18
O300801,P200026,1,132.32
O300801,P200181,2,92.92
O300802,P200019,1,382.76
O300802,P200244,3,41.35
O300803,P200223,1,35.57
O300803,P200136,2,144.1
O300803,P200088,1,93.86
O300804,P200229,3,31.24
O300805,P200137,1,88.59
O300805,P200132,3,124.12
O300805,P200074,3,48.24
O300806,P200020,1,126.78
O300807,P200015,3,142.56
O300807,P200049,1,37.97
O300807,P200161,2,70.48
O300807,P200093,2,156.35
O300807,P200081,3,567.21
O300808,P200238,2,34.04
O300808,P200141,2,119.88
O300808,P200018,3,38.22
O300809,P200174,1,130.17
O300809,P200120,2,55.48
O300810,P200230,3,121.86
O300810,P200154,1,247.88
O300810,P200104,3,77.08
O300811,P200017,2,149.69
O300812,P200082,1,145.57
O300812,P200122,1,70.03
O300813,P200239,1,39.86
O300814,P200055,3,111.17
O300814,P200046,3,10.67
O300814,P200132,3,130.61
O300814,P200179,2,100.6
O300815,P200043,2,34.6
O300815,P200166,3,21.03
O300815,P200181,1,96.67
O300815,P200247,1,16.66
O300815,P200071,1,40.77
O300816,P200047,1,78.89
O300816,P200022,2,61.52
O300816,P200135,2,24.82
O300817,P200211,2,136.15
O300818,P200139,1,268.99
O300819,P200139,3,288.11
O300819,P200132,2,109.84
O300819,P200151,1,123.66
O300819,P200186,2,9.79
O300819,P200242,3,94.55
O300820,P200139,3,229.53
O300820,P200136,2,136.34
O300821,P200116,2,174.45
O300821,P200114,1,130.7
O300822,P200059,1,24.27
O300823,P200103,1,121.71
O300823,P200175,3,14.67
O300823,P200068,3,21.28
O300823,P200060,3,67.22
O300824,P200047,3,70.61
O300825,P200174,3,119.06
O300825,P200175,1,17.11
O300825,P200085,2,28.74
O300825,P200100,1,35.04
O300825,P200127,1,110.04
O300826,P200208,3,13.36
O300826,P200021,2,64.44
O300827,P200062,1,28.68
O300828,P200100,3,31.93
O300828,P200106,3,8.96
O300828,P200098,2,100.01
O300828,P200220,2,30.52
O300829,P200077,3,45.56
O300829,P200030,1,57.07
O300830,P200130,2,99.27
O300830,P200134,1,109.28
O300830,P200108,2,66.81
O300830,P200116,1,147.15
O300831,P200085,3,24.21
O300832,P200241,3,93.01
O300832,P200206,1,42.94
O300832,P200018,1,40.41
O300832,P200217,1,158.8
O300832,P200242,2,75.91
O300833,P200207,2,34.62
O300833,P200148,2,42.09
O300834,P200002,2,21.76
O300834,P200154,1,246.22
O300834,P200032,2,484.1
O300834,P200166,1,21.49
O300835,P200128,2,61.66
O300835,P200165,3,15.44
O300835,P200144,1,74.01
O300835,P200159,1,17.69
O300835,P200033,2,25.64
O300836,P200132,3,122.5
O300836,P200140,2,20.95
O300836,P200165,3,16.37
O300837,P200100,1,28.48
O300837,P200056,1,102.02
O300838,P200219,2,227.27
O300838,P200117,3,57.68
O300839,P200105,3,105.55
O300839,P200125,3,75.83
O300839,P200163,3,68.87
O300839,P200040,3,54.61
O300840,P200160,2,42.44
O300841,P200092,2,35.57
O300842,P200018,2,35.4
O300842,P200056,2,98.96
O300842,P200166,2,20.52
O300842,P200058,1,73.11
O300843,P200224,3,121.97
O300844,P200201,2,95.84
O300844,P200210,3,95.04
O300845,P200118,2,53.69
O300845,P200110,1,91.41
O300845,P200215,3,108.52
O300845,P200145,3,104.49
O300846,P200180,2,300.6
O300846,P200140,1,22.75
O300847,P200117,2,68.09
O300847,P200094,3,60.26
O300847,P200195,2,28.48
O300847,P200119,1,75.83
O300847,P200025,2,75.42
O300848,P200165,1,16.41
O300848,P200184,1,112.05
O300848,P200010,3,143.84
O300848,P200057,3,154.59
O300848,P200011,3,37.63
O300849,P200040,1,46.88
O300850,P200180,3,241.85
O300851,P200230,3,120.11
O300851,P200201,2,116.15
O300851,P200148,3,36.52
O300851,P200056,3,106.2
O300851,P200073,3,172.2
O300852,P200059,2,23.53
O300853,P200111,1,45.62
O300853,P200018,3,34.33
O300853,P200161,2,69.7
O300854,P200060,3,65.03
O300854,P200099,1,16.89
O300854,P200084,1,72.68
O300854,P200242,1,94.23
O300854,P200064,1,7.29
O300855,P200214,3,110.7
O300855,P200152,3,123.73
O300855,P200099,2,17.35
O300856,P200068,1,17.38
O300856,P200177,1,27.12
O300857,P200103,2,103.95
O300858,P200201,3,110.81
O300858,P200047,2,68.61
O300859,P200093,2,153.72
O300859,P200209,1,62.86
O300859,P200206,3,45.0
O300860,P200002,3,23.54
O300861,P200133,1,25.72
O300861,P200072,2,38.81
O300861,P200220,3,33.05
O300862,P200009,1,10.12
O300862,P200174,1,110.82
O300862,P200148,2,41.77
O300863,P200091,2,56.24
O300863,P200175,3,13.94
O300864,P200032,1,558.81
O300864,P200075,2,54.17
O300864,P200092,1,35.34
O300864,P200170,1,58.94
O300864,P200233,2,87.23
O300865,P200232,3,90.8
O300865,P200027,1,27.07
O300865,P200041,3,122.57
O300865,P200035,2,37.64
O300865,P200108,2,56.0
O300866,P200197,3,453.22
O300866,P200159,1,16.8
O300866,P200083,2,138.18
O300866,P200122,3,77.64
O300867,P200194,1,127.06
O300867,P200243,2,58.68
O300867,P200104,1,87.92
O300868,P200229,2,30.44
O300868,P200049,3,35.26
O300868,P200021,3,56.06
O300869,P200229,1,32.38
O300870,P200207,3,33.84
O300870,P200052,3,104.63
O300871,P200046,3,9.22
O300872,P200011,1,40.09
O300872,P200199,1,261.15
O300873,P200248,1,4.92
O300873,P200229,3,28.45
O300873,P200082,2,153.35
O300874,P200047,3,79.22
O300874,P200105,1,108.01
O300874,P200026,1,147.07
O300874,P200104,1,76.05
O300875,P200086,1,19.32
O300875,P200167,3,131.51
O300876,P200217,1,136.1
O300876,P200061,2,77.62
O300877,P200191,1,7.96
O300877,P200116,1,152.19
O300877,P200075,3,56.2
O300877,P200199,2,241.8
O300878,P200089,3,44.26
O300879,P200208,2,13.25
O300880,P200214,1,101.04
O300880,P200146,3,14.44
O300880,P200048,1,20.59
O300880,P200093,2,143.84
O300881,P200144,1,78.55
O300881,P200038,3,562.83
O300881,P200005,3,24.31
O300882,P200181,3,85.54
O300882,P200184,1,101.56
O300882,P200221,3,496.65
O300882,P200243,1,69.0
O300882,P200080,3,28.92
O300883,P200200,1,69.61
O300883,P200173,1,13.35
O300883,P200077,3,53.76
O300883,P200058,2,65.85
O300884,P200243,1,59.62
O300884,P200145,1,100.58
O300884,P200152,1,135.23
O300884,P200233,1,107.69
O300884,P200006,2,169.65
O300885,P200134,2,98.12
O300885,P200128,2,55.86
O300885,P200065,3,122.55
O300885,P200133,2,24.7
O300886,P200022,1,59.82
O300886,P200125,1,71.47
O300886,P200087,3,116.03
O300886,P200004,2,41.69
O300886,P200192,2,46.94
O300887,P200053,1,147.48
O300888,P200096,3,28.74
O300888,P200113,3,62.45
O300888,P200003,3,126.55
O300889,P200123,1,21.64
O300889,P200185,3,117.49
O300889,P200181,1,81.61
O300889,P200007,2,67.75
O300889,P200141,3,96.79
O300890,P200065,3,130.52
O300890,P200207,1,38.72
O300890,P200067,1,6.02
O300890,P200151,3,134.59
O300891,P200047,2,74.31
O300891,P200006,2,191.85
O300891,P200195,3,32.95
O300892,P200206,3,40.29
O300892,P200007,3,66.16
O300892,P200079,3,7.78
O300892,P200090,3,128.13
O300892,P200223,1,35.81
O300893,P200155,3,107.59
O300893,P200044,2,129.64
O300894,P200128,2,61.71
O300895,P200160,1,40.54
O300895,P200006,2,204.3
O300895,P200195,3,30.15
O300895,P200125,3,70.02
O300896,P200194,3,114.45
O300896,P200041,1,123.48
O300896,P200002,2,26.34
O300897,P200247,1,18.35
O300898,P200110,3,88.1
O300898,P200086,1,19.42
O300899,P200008,3,23.01
O300900,P200071,1,48.23
O300900,P200054,1,90.73
O300900,P200072,1,38.76
O300900,P200038,3,578.85
O300900,P200101,3,9.15
O300901,P200156,3,108.46
O300901,P200164,1,120.85
O300901,P200195,1,33.62
O300901,P200222,1,92.47
O300901,P200079,3,7.95
O300902,P200018,1,34.05
O300902,P200019,2,346.39
O300902,P200171,1,92.42
O300902,P200221,2,445.01
O300902,P200130,1,124.17
O300903,P200178,1,9.44
O300904,P200040,2,46.03
O300904,P200162,3,105.42
O300904,P200102,3,101.55
O300904,P200172,2,65.54
O300904,P200216,1,95.36
O300905,P200160,1,42.09
O300905,P200213,2,18.09
O300905,P200016,2,373.55
O300906,P200158,3,123.2
O300906,P200048,2,19.9
O300907,P200139,1,266.15
O300907,P200080,2,28.45
O300907,P200097,2,151.88
O300907,P200034,2,90.56
O300908,P200059,3,24.0
O300908,P200117,3,69.64
O300908,P200004,1,45.04
O300908,P200203,2,445.79
O300908,P200148,1,38.69
O300909,P200048,3,21.91
O300909,P200009,3,11.32
O300909,P200181,1,100.73
O300910,P200133,2,23.67
O300911,P200054,3,97.43
O300911,P200010,3,128.86
O300911,P200134,2,109.1
O300911,P200086,3,16.87
O300911,P200028,2,94.42
O300912,P200041,1,111.89
O300913,P200217,2,148.49
O300914,P200237,3,118.3
O300914,P200067,2,6.96
O300914,P200052,3,101.8
O300914,P200024,2,101.46
O300915,P200158,3,150.91
O300915,P200123,1,25.51
O300915,P200091,1,69.07
O300915,P200129,2,143.93
O300916,P200147,2,70.63
O300916,P200185,2,132.18
O300916,P200225,2,9.79
O300916,P200197,2,461.32
O300917,P200039,2,60.49
O300917,P200049,2,34.52
O300917,P200113,1,64.76
O300917,P200123,1,23.28
O300917,P200242,1,76.27
O300918,P200201,1,96.07
O300918,P200160,3,45.82
O300918,P200010,1,140.98
O300918,P200226,2,102.66
O300918,P200131,3,251.72
O300919,P200029,2,17.17
O300920,P200123,2,21.86
O300920,P200245,2,9.99
O300921,P200189,2,96.19
O300921,P200144,3,74.13
O300921,P200082,1,150.02
O300921,P200005,1,26.64
O300922,P200045,1,56.37
O300922,P200224,1,109.02
O300923,P200043,3,33.67
O300923,P200110,3,84.06
O300923,P200081,3,518.93
O300923,P200005,2,22.2
O300924,P200022,1,60.33
O300924,P200136,3,138.3
O300924,P200212,2,64.04
O300925,P200201,1,97.1
O300925,P200229,3,30.72
O300925,P200080,3,30.18
O300926,P200029,1,15.27
O300927,P200022,3,58.81
O300927,P200152,2,118.02
O300927,P200249,2,94.67
O300927,P200149,3,105.77
O300928,P200087,3,108.4
O300928,P200173,3,12.73
O300928,P200157,2,59.55
O300928,P200154,2,274.31
O300928,P200171,3,79.07
O300929,P200183,1,126.57
O300929,P200233,3,89.66
O300929,P200238,3,33.79
O300929,P200139,1,287.29
O300929,P200045,1,56.93
O300930,P200241,3,109.89
O300930,P200144,1,83.4
O300931,P200038,1,564.74
O300931,P200127,2,101.26
O300931,P200018,1,35.22
O300931,P200077,2,54.37
O300932,P200121,2,42.08
O300933,P200103,2,126.26
O300933,P200241,1,94.22
O300933,P200132,3,114.35
O300933,P200177,1,24.73
O300934,P200183,2,147.08
O300934,P200230,3,122.88
O300934,P200207,2,42.13
O300935,P200107,1,45.18
O300935,P200140,1,21.71
O300935,P200051,1,120.02
O300935,P200019,3,369.0
O300935,P200031,3,32.47
O300936,P200233,3,88.62
O300936,P200128,2,56.42
O300936,P200205,1,152.11
O300936,P200189,3,90.74
O300937,P200020,1,128.37
O300938,P200192,3,56.22
O300938,P200069,3,35.05
O300938,P200143,1,12.96
O300938,P200202,1,108.82
O300938,P200174,1,115.49
O300939,P200142,3,106.49
O300939,P200232,3,88.32
O300939,P200093,3,157.23
O300939,P200016,1,360.19
O300940,P200235,2,18.14
O300940,P200156,3,101.53
O300941,P200238,2,34.46
O300941,P200015,1,138.95
O300942,P200022,2,64.88
O300943,P200079,3,8.64
O300943,P200226,1,93.42
O300944,P200051,3,116.66
O300944,P200120,2,65.95
O300944,P200058,1,61.57
O300944,P200194,2,121.33
O300944,P200189,2,102.53
O300945,P200027,1,31.37
O300945,P200183,2,130.3
O300945,P200245,1,9.74
O300945,P200078,2,16.48
O300945,P200193,2,43.35
O300946,P200229,3,34.1
O300946,P200113,3,53.78
O300946,P200190,1,15.69
O300947,P200020,2,114.75
O300947,P200028,1,101.62
O300948,P200035,1,45.04
O300948,P200117,2,54.64
O300949,P200168,3,276.33
O300949,P200142,2,111.24
O300949,P200019,3,402.96
O300949,P200086,3,15.97
O300949,P200043,2,32.71
O300950,P200013,2,85.55
O300951,P200098,2,119.63
O300951,P200205,1,144.16
O300951,P200153,3,30.48
O300951,P200109,1,20.0
O300952,P200190,1,18.88
O300952,P200198,3,322.76
O300952,P200112,3,124.98
O300952,P200206,3,42.64
O300952,P200230,1,123.7
O300953,P200102,3,103.65
O300953,P200037,1,48.01
O300953,P200008,3,23.02
O300953,P200164,2,112.14
O300953,P200081,3,539.52
O300954,P200058,1,73.88
O300954,P200195,3,27.84
O300954,P200090,2,118.39
O300954,P200082,1,141.73
O300955,P200051,2,121.28
O300955,P200109,3,22.53
O300955,P200004,2,45.2
O300955,P200191,2,7.23
O300955,P200023,1,104.58
O300956,P200113,1,53.43
O300956,P200099,3,17.96
O300957,P200219,2,257.58
O300957,P200140,1,22.42
O300957,P200036,1,45.21
O300957,P200207,1,42.52
O300957,P200200,1,79.76
O300958,P200052,1,121.75
O300959,P200224,3,120.77
O300960,P200039,1,62.81
O300961,P200026,2,121.15
O300961,P200232,2,97.4
O300961,P200040,1,46.57
O300961,P200150,1,17.98
O300962,P200006,1,193.07
O300962,P200125,1,69.95
O300963,P200087,3,122.74
O300963,P200069,1,31.87
O300963,P200075,1,49.26
O300963,P200140,1,22.65
O300964,P200041,2,128.61
O300965,P200172,3,59.36
O300965,P200164,2,114.94
O300965,P200211,2,152.35
O300965,P200244,2,48.18
O300966,P200100,3,31.63
O300966,P200241,3,95.12
O300967,P200131,3,304.39
O300967,P200048,1,19.89
O300967,P200027,1,26.2
O300968,P200032,3,514.49
O300969,P200142,2,93.64
O300969,P200137,1,76.41
O300969,P200011,1,35.53
O300969,P200085,1,23.5
O300969,P200079,3,7.49
O300970,P200033,2,27.54
O300970,P200096,2,25.68
O300971,P200203,2,406.71
O300971,P200213,1,17.92
O300971,P200060,1,72.49
O300971,P200176,3,89.37
O300972,P200150,1,21.15
O300972,P200091,3,55.34
O300972,P200068,2,19.47
O300973,P200056,1,88.81
O300973,P200181,3,89.44
O300973,P200078,1,15.78
O300974,P200013,2,76.45
O300974,P200062,3,26.93
O300974,P200085,1,24.85
O300975,P200222,3,98.72
O300976,P200059,3,27.59
O300976,P200114,3,137.32
O300976,P200212,3,69.57
O300976,P200045,1,45.94
O300976,P200037,2,46.11
O300977,P200229,3,31.95
O300977,P200136,1,138.62
O300977,P200185,3,123.37
O300977,P200148,3,38.75
O300978,P200246,3,91.62
O300978,P200124,2,303.74
O300979,P200160,3,50.5
O300980,P200208,2,12.19
O300980,P200057,3,146.93
O300980,P200146,3,15.48
O300980,P200229,3,31.39
O300980,P200007,3,67.69
O300981,P200216,2,117.86
O300981,P200018,3,44.63
O300982,P200091,1,66.01
O300982,P200242,1,80.23
O300982,P200173,1,12.71
O300982,P200081,1,552.76
O300982,P200147,1,79.27
O300983,P200167,2,125.49
O300983,P200153,3,31.36
O300983,P200155,1,124.02
O300983,P200006,2,180.46
O300984,P200132,1,118.3
O300984,P200094,2,62.68
O300984,P200009,2,12.06
O300984,P200150,1,19.77
O300984,P200212,2,64.23
O300985,P200143,1,13.12
O300985,P200189,3,111.33
O300985,P200199,1,265.41
O300985,P200148,1,37.26
O300986,P200191,2,6.46
O300987,P200194,3,117.7
O300988,P200209,1,61.78
O300988,P200048,3,22.45
O300989,P200081,1,638.82
O300989,P200013,2,77.59
O300989,P200210,3,91.79
O300990,P200237,2,102.08
O300990,P200137,1,78.32
O300990,P200036,1,53.49
O300990,P200122,2,70.69
O300991,P200095,3,146.03
O300991,P200055,2,95.83
O300991,P200223,1,38.49
O300991,P200235,3,16.1
O300991,P200076,2,63.66
O300992,P200240,3,287.1
O300993,P200190,2,18.15
O300993,P200188,1,48.66
O300993,P200154,2,288.14
O300993,P200184,1,91.72
O300994,P200114,1,133.97
O300995,P200112,2,121.86
O300995,P200243,2,65.81
O300995,P200107,1,39.71
O300996,P200077,2,42.51
O300997,P200189,1,112.85
O300997,P200154,2,267.52
O300998,P200191,3,7.19
O300998,P200036,3,57.2
O300998,P200167,1,125.19
O300998,P200159,3,17.19
O300999,P200020,2,119.3
O300999,P200061,3,81.15
O300999,P200099,1,15.36
O300999,P200116,1,148.33
O301000,P200070,2,17.87
O301000,P200182,1,8.54
O301000,P200112,2,100.62
O301000,P200149,1,96.45
O301000,P200029,3,17.22
O301001,P200209,3,69.55
O301001,P200171,1,100.33
O301001,P200096,3,26.79
O301002,P200206,2,39.72
O301002,P200010,3,121.68
O301003,P200015,3,139.88
O301003,P200077,1,44.88
O301003,P200203,1,450.46
O301003,P200204,3,750.03
O301003,P200003,3,110.42
O301004,P200202,1,125.8
O301004,P200135,3,29.16
O301004,P200108,2,66.71
O301004,P200215,3,99.69
O301004,P200228,3,125.04
O301005,P200209,3,66.61
O301005,P200030,2,54.96
O301005,P200193,3,36.79
O301005,P200207,3,36.35
O301005,P200215,3,119.03
O301006,P200028,1,98.57
O301006,P200023,1,119.42
O301006,P200218,2,102.79
O301006,P200221,2,400.91
O301007,P200151,1,119.4
O301007,P200011,2,43.2
O301007,P200153,1,26.44
O301007,P200078,2,17.57
O301008,P200080,2,32.61
O301009,P200084,1,63.68
O301009,P200219,2,257.27
O301009,P200017,3,141.81
O301010,P200243,1,59.13
O301010,P200007,3,71.4
O301010,P200153,3,29.76
O301011,P200245,2,9.52
O301011,P200131,3,278.54
O301012,P200186,3,11.18
O301013,P200076,1,65.16
O301013,P200125,1,87.17
O301014,P200088,3,116.07
O301014,P200232,1,100.31
O301014,P200020,1,119.97
O301014,P200239,2,38.28
O301014,P200243,1,66.0
O301015,P200247,2,18.72
O301015,P200090,3,126.53
O301015,P200033,3,28.26
O301015,P200121,3,40.15
O301015,P200177,3,24.5
O301016,P200074,1,62.86
O301016,P200229,2,28.22
O301016,P200247,2,18.15
O301016,P200065,2,139.05
O301017,P200110,3,77.17
O301018,P200049,2,36.74
O301018,P200199,1,294.17
O301018,P200011,1,44.87
O301018,P200207,1,41.98
O301019,P200039,3,71.33
O301020,P200112,1,113.92
O301020,P200240,3,273.8
O301020,P200081,1,601.82
O301020,P200017,3,133.97
O301021,P200113,3,63.0
O301022,P200218,1,92.88
O301022,P200033,3,31.08
O301023,P200045,2,52.76
O301024,P200174,1,137.74
O301024,P200030,1,53.1
O301024,P200065,2,126.26
O301024,P200160,3,49.28
O301024,P200243,3,61.8
O301025,P200012,1,64.51
O301025,P200118,2,50.71
O301025,P200011,1,36.23
O301026,P200124,2,290.87
O301026,P200108,1,65.5
O301026,P200112,2,118.66
O301026,P200007,2,70.61
O301026,P200217,1,130.45
O301027,P200077,3,45.56
O301028,P200078,1,16.42
O301028,P200220,2,33.95
O301028,P200143,3,11.9
O301028,P200084,1,68.39
O301029,P200244,2,39.36
O301029,P200163,1,65.47
O301029,P200226,1,116.89
O301030,P200047,1,78.14
O301030,P200104,3,84.47
O301030,P200225,1,8.89
O301031,P200063,2,77.64
O301031,P200068,2,21.44
O301031,P200248,1,5.28
O301031,P200235,3,19.06
O301031,P200247,2,18.16
O301032,P200152,1,137.46
O301033,P200231,1,29.0
O301033,P200100,2,34.24
O301033,P200147,3,76.0
O301033,P200051,2,128.81
O301033,P200136,1,153.74
O301034,P200003,1,123.78
O301035,P200170,1,47.91
O301035,P200015,1,146.16
O301036,P200228,1,128.38
O301037,P200111,3,36.96
O301037,P200158,3,135.74
O301037,P200010,3,140.8
O301038,P200172,3,60.02
O301038,P200079,3,8.33
O301038,P200033,2,27.8
O301039,P200116,1,144.08
O301039,P200026,3,133.39
O301039,P200110,1,89.51
O301039,P200049,2,36.81
O301040,P200092,3,34.5
O301040,P200061,3,78.82
O301040,P200236,1,40.17
O301040,P200033,1,27.54
O301041,P200199,1,253.9
O301041,P200080,3,34.59
O301041,P200083,3,128.06
O301041,P200177,3,27.56
O301042,P200148,1,38.71
O301042,P200013,3,78.16
O301042,P200247,1,16.87
O301042,P200204,1,768.44
O301042,P200200,2,70.28
O301043,P200085,2,25.75
O301043,P200224,2,115.88
O301043,P200119,1,69.29
O301044,P200048,1,20.36
O301045,P200202,1,103.26
O301046,P200204,2,747.95
O301046,P200069,1,37.46
O301047,P200206,1,41.61
O301047,P200091,1,55.58
O301047,P200042,1,84.57
O301047,P200073,3,160.24
O301048,P200061,2,85.01
O301049,P200072,1,37.16
O301049,P200032,3,562.72
O301049,P200094,2,60.35
O301049,P200177,3,28.0
O301049,P200049,2,40.03
O301050,P200179,3,87.18
O301050,P200153,2,27.43
O301050,P200018,1,43.35
O301050,P200068,2,17.49
O301050,P200151,1,134.11
O301051,P200051,2,109.3
O301052,P200185,2,115.97
O301052,P200166,3,18.7
O301052,P200238,1,33.46
O301052,P200039,2,74.17
O301053,P200204,2,759.54
O301053,P200089,1,36.49
O301053,P200049,2,34.73
O301054,P200168,1,296.06
O301054,P200247,3,18.24
O301054,P200003,3,116.16
O301055,P200064,2,7.07
O301055,P200081,1,517.77
O301055,P200012,1,64.92
O301055,P200016,2,379.25
O301056,P200149,1,83.62
O301056,P200100,3,36.25
O301056,P200004,2,44.1
O301057,P200095,3,139.22
O301057,P200057,2,140.42
O301058,P200136,1,138.9
O301058,P200016,1,371.08
O301058,P200069,2,33.01
O301059,P200165,3,17.19
O301060,P200229,3,31.72
O301060,P200233,1,108.47
O301061,P200089,1,42.02
O301061,P200159,1,20.26
O301061,P200181,2,89.78
O301061,P200164,2,134.5
O301061,P200192,1,54.33
O301062,P200041,3,125.33
O301063,P200234,2,13.56
O301063,P200066,1,38.43
O301063,P200061,2,84.16
O301064,P200112,1,114.37
O301064,P200171,1,94.98
O301065,P200182,1,9.28
O301065,P200088,2,107.02
O301065,P200234,3,12.01
O301066,P200127,1,124.64
O301066,P200158,1,125.51
O301067,P200045,3,54.39
O301067,P200106,3,7.83
O301067,P200163,3,74.44
O301068,P200149,1,91.59
O301068,P200105,3,133.32
O301068,P200039,2,75.16
O301069,P200019,3,405.37
O301069,P200172,1,68.24
O301069,P200057,2,126.41
O301069,P200071,1,50.98
O301070,P200050,1,36.19
O301070,P200241,1,112.25
O301071,P200186,1,10.47
O301071,P200066,1,41.1
O301071,P200102,1,107.29
O301072,P200185,2,115.66
O301072,P200068,1,19.17
O301072,P200229,3,28.98
O301072,P200166,1,19.23
O301073,P200063,3,80.4
O301073,P200185,3,131.78
O301073,P200032,1,579.22
O301073,P200057,2,138.42
O301074,P200249,1,99.92
O301074,P200118,2,54.87
O301074,P200162,3,133.54
O301075,P200125,1,72.88
O301075,P200170,2,51.56
O301076,P200080,3,35.23
O301076,P200243,3,65.63
O301076,P200115,2,43.72
O301077,P200217,1,157.95
O301077,P200027,3,31.27
O301077,P200123,1,22.6
O301078,P200074,2,51.82
O301078,P200111,2,36.15
O301078,P200207,1,41.33
O301078,P200217,1,153.91
O301078,P200036,3,50.93
O301079,P200060,1,74.16
O301079,P200206,1,37.21
O301080,P200001,2,6.18
O301080,P200056,2,102.33
O301081,P200095,2,115.21
O301081,P200179,1,87.57
O301081,P200137,1,82.13
O301081,P200228,2,127.81
O301082,P200073,2,182.55
O301082,P200134,1,99.83
O301082,P200057,1,121.98
O301082,P200193,3,38.23
O301083,P200231,3,29.64
O301083,P200217,1,163.86
O301083,P200021,3,65.01
O301084,P200191,3,7.75
O301085,P200192,2,54.4
O301085,P200106,3,9.41
O301085,P200091,3,59.81
O301085,P200163,2,71.98
O301086,P200220,1,28.33
O301086,P200155,1,100.38
O301086,P200139,3,244.72
O301086,P200114,1,134.87
O301087,P200013,3,95.82
O301087,P200089,2,38.26
O301087,P200150,2,19.56
O301087,P200199,1,265.1
O301087,P200091,2,60.33
O301088,P200041,1,108.17
O301088,P200213,1,17.26
O301088,P200115,1,43.14
O301089,P200225,1,9.38
O301089,P200105,2,124.42
O301089,P200049,3,41.34
O301090,P200020,1,115.44
O301090,P200123,3,27.84
O301091,P200156,1,113.63
O301091,P200178,2,11.02
O301091,P200216,2,116.42
O301092,P200210,1,109.96
O301093,P200185,1,131.28
O301093,P200178,3,10.51
O301093,P200130,2,107.75
O301094,P200193,1,42.47
O301094,P200137,3,82.29
O301094,P200196,3,40.61
O301094,P200218,3,106.83
O301095,P200077,3,47.32
O301095,P200222,3,117.65
O301095,P200076,2,62.64
O301095,P200073,3,171.6
O301096,P200028,1,84.41
O301096,P200239,2,44.76
O301096,P200011,1,41.79
O301096,P200145,2,110.59
O301097,P200237,3,121.4
O301097,P200231,1,28.56
O301097,P200156,1,103.78
O301097,P200135,2,30.42
O301097,P200104,1,78.43
O301098,P200167,2,120.18
O301098,P200201,3,121.74
O301098,P200166,3,19.78
O301098,P200202,2,121.74
O301099,P200226,1,104.94
O301099,P200248,1,5.75
O301099,P200057,1,139.01
O301099,P200132,1,125.69
O301100,P200215,1,129.1
O301100,P200068,2,19.97
O301100,P200131,3,287.67
O301101,P200099,1,19.27
O301101,P200124,1,256.75
O301101,P200115,2,41.45
O301101,P200002,3,23.47
O301102,P200161,2,65.17
O301102,P200103,2,123.13
O301102,P200195,2,29.22
O301102,P200092,1,31.7
O301103,P200183,1,118.82
O301103,P200191,2,6.27
O301103,P200044,2,114.96
O301104,P200197,3,517.48
O301104,P200116,3,188.39
O301104,P200093,3,153.73
O301105,P200093,1,156.81
O301105,P200140,3,22.23
O301105,P200200,3,74.26
O301105,P200182,3,8.81
O301106,P200202,2,110.62
O301106,P200196,2,38.64
O301107,P200226,1,117.5
O301107,P200208,2,11.47
O301108,P200243,3,67.24
O301108,P200112,3,123.56
O301108,P200128,2,47.6
O301109,P200241,3,94.15
O301109,P200214,3,102.52
O301109,P200067,2,6.01
O301109,P200057,2,146.9
O301110,P200078,3,17.05
O301110,P200002,2,21.79
O301110,P200024,3,125.31
O301111,P200050,2,33.72
O301112,P200091,2,68.34
O301112,P200107,3,41.23
O301112,P200103,2,125.36
O301112,P200017,3,132.91
O301112,P200093,1,153.02
O301113,P200049,3,38.72
O301113,P200123,1,28.17
O301113,P200213,1,15.86
O301114,P200153,1,26.28
O301114,P200072,1,47.53
O301114,P200071,1,43.15
O301115,P200073,2,175.01
O301115,P200039,2,66.02
O301115,P200179,3,98.19
O301115,P200088,2,115.57
O301115,P200018,3,39.33
O301116,P200204,1,779.46
O301116,P200025,3,77.33
O301116,P200198,1,271.46
O301117,P200179,3,92.81
O301118,P200155,2,117.78
O301118,P200032,1,488.31
O301118,P200042,3,87.59
O301118,P200246,2,106.23
O301118,P200223,3,45.01
O301119,P200106,1,9.36
O301119,P200002,1,21.62
O301120,P200128,2,49.54
O301120,P200141,1,106.64
O301120,P200124,1,247.08
O301120,P200168,2,298.44
O301120,P200079,1,8.54
O301121,P200149,2,103.14
O301121,P200177,3,25.28
O301121,P200098,3,96.93
O301122,P200087,3,96.17
O301122,P200044,3,114.68
O301123,P200072,3,47.31
O301123,P200056,2,92.79
O301124,P200015,2,135.48
O301124,P200143,3,11.21
O301124,P200072,3,41.36
O301124,P200198,3,318.12
O301124,P200242,1,78.42
O301125,P200165,2,18.59
O301125,P200185,1,133.03
O301125,P200094,3,63.99
O301125,P200066,3,45.33
O301125,P200023,2,134.24
O301126,P200213,3,16.67
O301127,P200146,1,12.13
O301127,P200066,3,35.9
O301127,P200079,1,7.65
O301127,P200188,2,54.48
O301127,P200163,3,76.68
O301128,P200195,2,28.14
O301128,P200016,3,429.19
O301128,P200188,1,50.86
O301128,P200075,3,55.33
O301128,P200162,3,115.05
O301129,P200161,2,69.36
O301129,P200106,2,8.11
O301129,P200197,1,489.41
O301129,P200168,3,278.89
O301130,P200059,3,23.66
O301131,P200177,3,24.04
O301131,P200134,1,92.86
O301131,P200075,3,54.07
O301132,P200229,2,31.9
O301132,P200169,2,72.86
O301132,P200155,3,103.3
O301133,P200030,3,57.43
O301134,P200087,1,119.8
O301134,P200149,1,101.59
O301134,P200065,3,112.85
O301134,P200029,1,17.29
O301134,P200194,1,108.94
O301135,P200149,3,87.92
O301135,P200148,1,38.44
O301135,P200089,3,37.36
O301135,P200060,3,78.75
O301136,P200177,3,28.83
O301137,P200168,2,298.65
O301137,P200186,1,10.3
O301138,P200113,1,59.99
O301138,P200107,1,44.89
O301138,P200200,1,68.71
O301138,P200000,3,148.88
O301138,P200166,3,20.4
O301139,P200218,3,94.56
O301139,P200103,2,124.31
O301139,P200076,3,61.03
O301140,P200165,3,16.9
O301140,P200158,2,123.19
O301140,P200217,3,151.97
O301141,P200186,2,9.65
O301142,P200165,3,16.41
O301143,P200200,1,76.6
O301143,P200063,3,79.63
O301143,P200064,1,5.85
O301143,P200224,3,116.51
O301143,P200073,2,157.24
O301144,P200179,2,82.07
O301144,P200155,2,111.37
O301144,P200220,2,33.27
O301144,P200119,3,73.0
O301144,P200120,2,56.79
O301145,P200163,3,63.67
O301146,P200010,3,145.86
O301146,P200102,3,102.69
O301146,P200234,1,14.08
O301147,P200005,2,23.68
O301147,P200002,3,24.43
O301147,P200074,3,56.29
O301147,P200089,1,34.54
O301148,P200059,1,24.53
O301148,P200005,2,22.84
O301148,P200046,3,10.27
O301148,P200042,2,87.68
O301148,P200218,3,104.46
O301149,P200062,3,25.56
O301149,P200215,3,117.88
O301149,P200202,2,115.97
O301150,P200006,1,199.38
O301150,P200073,2,156.76
O301150,P200211,1,128.36
O301150,P200007,2,73.81
O301150,P200058,3,75.47
O301151,P200105,3,116.21
O301152,P200048,2,23.98
O301153,P200166,3,17.66
O301153,P200077,1,54.27
O301153,P200085,2,23.68
O301154,P200118,2,45.11
O301154,P200059,3,27.96
O301155,P200190,2,17.02
O301155,P200220,3,32.38
O301155,P200214,3,110.93
O301155,P200228,1,118.36
O301156,P200087,2,109.94
O301156,P200168,2,265.88
O301157,P200134,3,97.09
O301157,P200127,2,110.49
O301157,P200001,1,6.09
O301158,P200105,3,111.41
O301158,P200065,1,141.94
O301158,P200083,2,139.57
O301159,P200060,1,78.21
O301159,P200177,1,30.35
O301159,P200036,2,56.07
O301159,P200249,3,89.02
O301159,P200115,3,44.59
O301160,P200102,2,107.75
O301161,P200013,1,93.66
O301161,P200148,1,42.49
O301161,P200246,1,113.99
O301162,P200174,2,141.29
O301162,P200209,1,68.61
O301163,P200055,2,112.16
O301164,P200108,2,59.29
O301164,P200050,2,33.79
O301164,P200006,2,198.06
O301164,P200038,1,548.88
O301164,P200057,3,141.0
O301165,P200233,1,108.35
O301165,P200074,1,49.19
O301165,P200000,2,144.11
O301165,P200243,2,66.39
O301165,P200088,3,109.28
O301166,P200181,3,83.91
O301167,P200053,3,141.96
O301167,P200059,2,27.19
O301167,P200007,1,64.54
O301167,P200122,2,80.63
O301168,P200027,2,30.91
O301168,P200196,1,42.71
O301168,P200200,2,83.85
O301168,P200066,2,43.59
O301169,P200152,1,129.91
O301169,P200086,2,17.23
O301169,P200057,3,125.75
O301169,P200124,1,272.55
O301170,P200206,3,44.44
O301170,P200174,3,116.12
O301170,P200162,3,132.46
O301171,P200160,2,47.72
O301171,P200069,1,32.13
O301172,P200066,3,36.4
O301173,P200103,1,123.7
O301174,P200046,3,8.71
O301175,P200216,3,101.91
O301175,P200088,2,111.8
O301175,P200192,1,58.95
O301176,P200047,2,78.68
O301177,P200183,2,133.03
O301177,P200172,2,58.79
O301177,P200226,3,101.02
O301177,P200162,1,106.36
O301178,P200181,3,94.93
O301178,P200065,2,115.66
O301178,P200174,2,130.78
O301178,P200124,3,293.52
O301179,P200080,3,34.27
O301179,P200232,3,104.71
O301180,P200148,2,43.92
O301181,P200224,3,134.83
O301181,P200006,2,193.2
O301181,P200092,1,36.93
O301182,P200192,3,53.4
O301182,P200014,1,55.3
O301182,P200152,3,120.0
O301182,P200119,3,67.13
O301182,P200200,2,85.6
O301183,P200078,2,16.5
O301183,P200154,3,267.81
O301184,P200227,2,34.41
O301184,P200175,3,13.99
O301184,P200105,3,129.83
O301184,P200065,2,115.48
O301184,P200097,3,120.26
O301185,P200008,2,23.23
O301185,P200105,3,127.72
O301186,P200238,2,35.1
O301187,P200087,3,108.09
O301187,P200217,1,130.52
O301187,P200094,2,71.85
O301187,P200168,3,278.79
O301188,P200226,3,114.08
O301188,P200050,1,34.08
O301188,P200190,2,16.34
O301188,P200229,2,27.88
O301188,P200129,2,127.77
O301189,P200010,3,138.53
O301189,P200223,2,44.77
O301189,P200179,2,85.54
O301189,P200159,2,20.68
O301189,P200198,3,310.95
O301190,P200084,2,78.54
O301190,P200231,3,27.71
O301190,P200249,1,101.28
O301190,P200141,2,97.78
O301190,P200137,3,90.79
O301191,P200104,2,93.82
O301192,P200190,1,16.04
O301193,P200185,1,114.03
O301193,P200177,3,28.58
O301193,P200169,1,68.75
O301194,P200178,1,9.64
O301194,P200077,3,44.58
O301194,P200217,1,160.15
O301194,P200031,1,34.37
O301194,P200179,3,83.72
O301195,P200109,2,18.68
O301195,P200165,1,16.49
O301195,P200181,1,100.11
O301195,P200133,1,25.48
O301195,P200139,1,253.93
O301196,P200071,2,52.76
O301196,P200234,2,14.87
O301197,P200157,2,69.25
O301197,P200237,3,106.75
O301198,P200076,1,62.76
O301198,P200157,3,62.81
O301198,P200119,1,63.9
O301198,P200170,1,46.13
O301199,P200182,3,8.83
O301199,P200172,1,60.21
O301199,P200064,3,5.77
O301199,P200167,1,142.69
O301199,P200010,1,114.43
O301200,P200133,2,20.86
O301201,P200041,2,125.64
O301201,P200184,1,116.42
O301201,P200043,1,36.52
O301201,P200029,3,18.58
O301201,P200182,2,7.99
O301202,P200113,1,57.52
O301202,P200198,3,334.06
O301202,P200074,2,56.17
O301202,P200213,2,19.18
O301202,P200049,1,37.87
O301203,P200127,3,109.52
O301204,P200076,2,74.38
O301204,P200238,1,31.04
O301204,P200124,1,269.49
O301204,P200223,3,39.11
O301204,P200029,3,19.34
O301205,P200079,3,8.16
O301205,P200177,2,23.69
O301205,P200069,2,37.97
O301205,P200215,1,117.29
O301206,P200024,1,105.98
O301206,P200047,1,66.54
O301206,P200017,2,153.02
O301206,P200069,2,35.3
O301206,P200033,2,30.67
O301207,P200096,2,26.16
O301207,P200116,1,169.52
O301208,P200042,3,75.35
O301208,P200120,2,59.29
O301208,P200011,1,42.31
O301208,P200029,2,17.77
O301208,P200152,3,125.82
O301209,P200141,3,100.76
O301210,P200113,3,60.51
O301211,P200150,3,21.96
O301211,P200093,3,144.05
O301211,P200169,2,59.63
O301212,P200144,1,94.56
O301212,P200153,1,26.21
O301212,P200100,1,29.27
O301212,P200076,2,68.72
O301213,P200048,2,22.6
O301214,P200110,3,81.29
O301214,P200055,1,103.73
O301215,P200010,3,128.95
O301215,P200052,1,103.62
O301216,P200060,2,74.81
O301217,P200094,3,63.7
O301218,P200203,2,389.77
O301219,P200103,2,114.39
O301219,P200061,3,67.44
O301219,P200062,2,28.18
O301219,P200231,3,29.5
O301219,P200096,2,26.92
O301220,P200145,3,98.82
O301220,P200040,1,46.79
O301220,P200134,2,103.71
O301220,P200115,1,44.67
O301220,P200019,3,431.36
O301221,P200056,2,105.41
O301221,P200235,1,18.73
O301221,P200240,1,275.4
O301221,P200224,3,136.56
O301222,P200198,2,313.1
O301222,P200247,2,17.16
O301222,P200138,2,40.84
O301222,P200126,1,22.03
O301223,P200236,2,45.38
O301224,P200098,2,109.98
O301225,P200140,2,17.68
O301225,P200209,3,66.07
O301226,P200224,3,120.77
O301226,P200119,3,80.08
O301226,P200138,3,41.29
O301226,P200145,3,103.29
O301226,P200169,1,64.08
O301227,P200184,3,112.67
O301227,P200063,1,79.9
O301227,P200183,1,139.37
O301228,P200242,2,94.63
O301228,P200231,2,32.86
O301228,P200079,2,9.02
O301228,P200224,1,121.87
O301228,P200026,1,137.9
O301229,P200092,3,32.65
O301229,P200194,1,110.96
O301230,P200146,2,14.48
O301230,P200103,1,122.68
O301231,P200127,3,113.71
O301231,P200164,2,145.07
O301231,P200089,1,42.92
O301231,P200222,2,100.25
O301231,P200165,1,18.59
O301232,P200075,3,55.25
O301232,P200217,3,148.44
O301232,P200113,3,61.32
O301233,P200172,1,61.18
O301233,P200163,2,66.87
O301233,P200106,1,8.25
O301233,P200016,3,425.72
O301234,P200218,3,113.76
O301234,P200055,3,99.1
O301234,P200074,1,53.68
O301234,P200086,1,16.24
O301235,P200117,3,58.37
O301235,P200165,1,16.07
O301235,P200057,1,129.27
O301235,P200152,2,134.17
O301236,P200000,2,151.74
O301236,P200174,2,132.63
O301236,P200119,2,66.54
O301236,P200100,2,32.19
O301237,P200081,3,503.26
O301237,P200146,3,15.14
O301237,P200239,2,40.55
O301237,P200025,2,67.87
O301237,P200122,3,77.0
O301238,P200164,1,138.38
O301238,P200157,1,70.42
O301238,P200167,2,141.24
O301239,P200158,2,139.21
O301239,P200093,1,134.97
O301240,P200181,3,92.73
O301240,P200054,1,75.94
O301240,P200031,3,31.2
O301241,P200079,1,6.99
O301241,P200163,3,62.69
O301242,P200020,2,127.5
O301243,P200031,2,28.17
O301243,P200083,3,123.84
O301244,P200028,1,81.2
O301244,P200226,1,118.44
O301244,P200171,1,94.7
O301245,P200153,2,32.03
O301245,P200038,1,523.06
O301245,P200173,2,12.29
O301246,P200092,2,33.68
O301246,P200146,3,14.34
O301247,P200121,2,42.32
O301247,P200109,3,21.15
O301247,P200205,3,158.0
O301247,P200145,3,122.62
O301248,P200103,3,124.28
O301248,P200114,2,136.14
O301249,P200153,2,30.35
O301249,P200063,2,96.97
O301249,P200113,3,61.86
O301249,P200014,3,60.58
O301250,P200236,3,47.0
O301250,P200008,3,22.33
O301251,P200212,1,69.77
O301251,P200123,2,22.17
O301251,P200005,2,23.27
O301251,P200009,1,10.66
O301251,P200029,2,17.27
O301252,P200016,2,394.62
O301252,P200162,1,107.06
O301252,P200140,3,19.79
O301252,P200205,2,137.38
O301253,P200023,3,112.91
O301253,P200150,2,21.62
O301253,P200108,3,57.14
O301254,P200055,3,104.96
O301254,P200100,2,30.04
O301254,P200095,2,122.22
O301255,P200151,2,135.33
O301255,P200238,1,30.06
O301255,P200139,2,240.74
O301255,P200016,3,360.03
O301256,P200196,2,43.09
O301256,P200239,3,42.51
O301256,P200079,1,8.24
O301257,P200020,1,135.69
O301257,P200145,2,119.76
O301257,P200179,1,91.3
O301257,P200152,3,126.67
O301257,P200247,1,17.89
O301258,P200156,2,93.67
O301259,P200236,3,40.53
O301259,P200079,2,8.98
O301259,P200067,1,6.65
O301259,P200025,3,77.84
O301259,P200244,2,47.38
O301260,P200145,1,109.53
O301260,P200184,1,97.02
O301260,P200146,1,12.41
O301260,P200057,2,149.94
O301260,P200005,1,26.09
O301261,P200045,1,49.79
O301261,P200013,2,85.33
O301262,P200135,2,26.02
O301262,P200245,1,10.79
O301263,P200040,1,51.23
O301263,P200198,3,308.8
O301263,P200024,3,108.25
O301263,P200243,2,70.88
O301263,P200145,1,102.13
O301264,P200089,2,42.99
O301264,P200132,2,116.17
O301264,P200215,3,123.48
O301265,P200126,3,22.17
O301265,P200047,2,67.84
O301265,P200153,3,30.85
O301265,P200170,2,53.08
O301266,P200170,2,50.13
O301267,P200104,3,89.25
O301267,P200048,3,20.2
O301267,P200072,3,47.73
O301268,P200088,2,119.76
O301268,P200211,2,127.58
O301268,P200248,2,5.12
O301268,P200187,3,251.92
O301269,P200004,3,45.79
O301269,P200189,2,94.48
O301269,P200041,1,107.0
O301269,P200183,3,144.0
O301269,P200175,2,14.32
O301270,P200193,2,42.97
O301270,P200120,3,60.05
O301270,P200130,1,121.74
O301271,P200058,1,78.56
O301272,P200152,1,120.9
O301272,P200212,3,72.77
O301272,P200021,3,71.26
O301273,P200105,1,120.2
O301273,P200226,2,113.22
O301273,P200069,2,34.17
O301273,P200154,3,276.05
O301274,P200231,2,31.52
O301274,P200089,3,42.34
O301274,P200212,3,57.7
O301274,P200115,2,43.96
O301274,P200240,2,278.63
O301275,P200029,1,17.18
O301275,P200235,3,15.02
O301275,P200007,3,74.62
O301275,P200092,3,35.18
O301275,P200200,3,72.31
O301276,P200238,1,34.92
O301276,P200199,3,264.63
O301276,P200224,2,121.08
O301276,P200193,1,42.02
O301277,P200154,3,244.92
O301278,P200077,1,54.49
O301278,P200143,2,13.39
O301278,P200065,2,115.45
O301279,P200034,1,91.22
O301279,P200088,3,120.44
O301279,P200049,2,39.66
O301280,P200025,3,82.16
O301280,P200024,3,120.71
O301280,P200241,2,93.39
O301281,P200223,1,36.82
O301281,P200063,1,78.69
O301281,P200125,2,88.31
O301281,P200012,3,80.97
O301281,P200144,1,78.65
O301282,P200110,2,82.45
O301282,P200209,3,66.37
O301282,P200236,2,37.98
O301282,P200015,3,125.96
O301282,P200042,2,92.24
O301283,P200075,1,57.13
O301283,P200120,2,56.07
O301284,P200216,3,98.35
O301284,P200168,2,260.76
O301284,P200102,2,107.41
O301284,P200206,2,43.3
O301284,P200032,2,539.58
O301285,P200121,2,39.59
O301285,P200111,2,38.05
O301285,P200161,1,57.93
O301285,P200179,2,80.08
O301285,P200077,1,47.16
O301286,P200157,3,72.22
O301286,P200160,3,40.92
O301286,P200091,2,59.18
O301286,P200212,1,58.44
O301287,P200211,3,140.85
O301287,P200033,1,32.0
O301288,P200112,3,120.55
O301288,P200231,2,26.86
O301288,P200109,1,22.3
O301288,P200176,3,100.37
O301289,P200217,3,150.56
O301289,P200111,1,42.77
O301289,P200248,3,5.74
O301290,P200215,3,113.85
O301290,P200071,3,47.11
O301290,P200201,2,95.41
O301290,P200124,2,251.61
O301290,P200200,3,70.76
O301291,P200155,1,108.99
O301291,P200135,1,30.24
O301291,P200156,3,97.85
O301291,P200060,2,65.15
O301292,P200123,2,23.66
O301292,P200195,3,30.38
O301292,P200147,2,70.2
O301292,P200143,3,12.04
O301292,P200103,2,99.22
O301293,P200038,2,541.97
O301293,P200178,1,8.93
O301293,P200139,2,251.36
O301294,P200112,2,110.78
O301295,P200124,2,283.7
O301295,P200192,2,49.73
O301295,P200183,2,135.76
O301296,P200038,2,518.53
O301296,P200130,1,121.49
O301296,P200198,1,290.39
O301296,P200113,2,58.24
O301296,P200176,2,97.07
O301297,P200128,3,58.25
O301297,P200042,3,71.62
O301297,P200157,2,65.6
O301297,P200209,1,58.95
O301298,P200008,2,19.69
O301298,P200189,1,93.2
O301298,P200094,1,61.27
O301298,P200197,3,475.97
O301299,P200167,3,138.23
O301299,P200028,1,81.99
O301299,P200040,2,52.1
O301299,P200159,1,17.94
O301300,P200116,1,154.3
O301300,P200185,1,106.78
O301300,P200205,3,157.21
O301301,P200036,2,53.13
O301302,P200185,1,132.87
O301302,P200198,3,321.21
O301302,P200063,1,93.01
O301303,P200070,1,14.74
O301304,P200026,1,125.57
O301304,P200146,3,15.16
O301305,P200160,3,42.73
O301305,P200042,1,77.92
O301305,P200088,1,98.1
O301305,P200080,1,33.0
O301306,P200222,2,111.33
O301306,P200175,1,15.21
O301306,P200232,3,90.94
O301306,P200186,3,10.23
O301306,P200003,2,130.64
O301307,P200159,3,19.38
O301307,P200121,1,41.25
O301308,P200038,1,469.57
O301308,P200223,3,43.16
O301308,P200202,3,115.01
O301308,P200182,1,8.06
O301309,P200063,1,90.9
O301309,P200134,2,112.12
O301310,P200089,2,44.81
O301310,P200169,3,67.8
O301311,P200121,2,41.24
O301311,P200098,2,103.52
O301311,P200067,3,6.87
O301311,P200170,1,53.43
O301311,P200212,1,57.48
O301312,P200113,1,55.72
O301312,P200203,1,409.63
O301312,P200158,2,134.66
O301312,P200188,3,48.22
O301313,P200125,1,88.55
O301314,P200109,2,18.68
O301315,P200144,2,94.66
O301316,P200028,3,86.21
O301316,P200099,3,18.12
O301316,P200039,3,60.78
O301317,P200217,3,151.03
O301318,P200122,3,79.81
O301318,P200040,1,51.29
O301318,P200064,1,7.29
O301319,P200008,2,23.33
O301319,P200094,3,56.86
O301319,P200167,3,119.5
O301320,P200067,1,6.38
O301320,P200097,1,127.68
O301320,P200170,3,58.18
O301320,P200139,3,246.2
O301321,P200216,2,119.14
O301321,P200100,1,35.96
O301322,P200154,1,252.65
O301323,P200035,1,40.29
O301324,P200099,1,17.81
O301325,P200022,3,63.65
O301326,P200043,2,34.5
O301326,P200240,3,273.98
O301327,P200127,2,107.47
O301327,P200115,3,44.06
O301327,P200200,2,73.57
O301327,P200140,1,19.65
O301327,P200231,2,29.44
O301328,P200130,3,110.55
O301328,P200082,2,145.38
O301328,P200200,3,69.89
O301328,P200092,3,33.48
O301329,P200030,2,54.57
O301329,P200018,2,38.82
O301330,P200048,1,19.02
O301330,P200029,3,15.52
O301330,P200097,3,128.56
O301330,P200046,1,10.27
O301330,P200230,3,121.97
O301331,P200153,3,31.66
O301331,P200235,1,16.72
O301331,P200224,1,128.05
O301331,P200032,2,519.9
O301332,P200189,2,112.89
O301332,P200240,1,252.15
O301332,P200035,1,38.86
O301332,P200130,3,98.9
O301333,P200078,3,16.76
O301333,P200162,3,123.55
O301333,P200020,1,120.94
O301333,P200164,3,129.9
O301333,P200195,2,34.94
O301334,P200012,1,80.73
O301334,P200103,3,109.57
O301334,P200068,1,17.04
O301334,P200196,3,37.89
O301335,P200249,2,100.19
O301335,P200007,1,60.49
O301335,P200140,1,19.43
O301335,P200226,2,112.9
O301335,P200232,2,97.33
O301336,P200170,2,54.91
O301336,P200003,2,106.84
O301337,P200213,3,16.64
O301337,P200145,3,105.95
O301337,P200126,2,20.09
O301337,P200164,2,138.45
O301337,P200183,3,142.76
O301338,P200213,2,17.96
O301339,P200080,3,28.68
O301339,P200235,2,16.04
O301340,P200126,1,22.77
O301340,P200238,1,29.85
O301340,P200244,3,43.76
O301340,P200207,3,42.43
O301340,P200184,3,118.47
O301341,P200199,2,255.35
O301342,P200204,2,745.8
O301342,P200106,2,9.61
O301342,P200011,1,38.9
O301343,P200094,3,65.01
O301343,P200071,1,48.88
O301344,P200147,2,65.49
O301345,P200049,3,33.76
O301345,P200116,3,162.49
O301346,P200068,1,18.16
O301346,P200134,3,111.08
O301346,P200197,2,441.85
O301347,P200246,3,92.7
O301347,P200186,1,9.66
O301347,P200190,2,17.45
O301347,P200196,2,41.89
O301348,P200150,1,19.24
O301348,P200045,2,54.88
O301348,P200200,1,70.47
O301348,P200195,2,35.03
O301349,P200228,3,130.16
O301350,P200166,1,18.49
O301350,P200043,1,37.54
O301351,P200110,1,93.89
O301352,P200158,1,136.77
O301353,P200241,1,92.35
O301353,P200017,1,150.39
O301354,P200157,1,67.14
O301354,P200013,2,92.49
O301354,P200162,1,133.73
O301354,P200082,3,155.98
O301355,P200122,1,66.77
O301355,P200200,3,69.99
O301356,P200075,3,54.16
O301357,P200166,1,20.72
O301357,P200247,3,14.78
O301358,P200166,2,19.82
O301358,P200042,3,89.1
O301358,P200003,1,119.98
O301359,P200232,2,102.36
O301359,P200045,3,44.7
O301360,P200085,3,27.76
O301360,P200235,1,18.72
O301360,P200024,1,108.6
O301360,P200143,3,11.72
O301360,P200010,3,140.68
O301361,P200230,2,123.3
O301361,P200113,1,59.0
O301361,P200019,1,403.14
O301362,P200198,3,338.98
O301362,P200071,3,52.5
O301362,P200192,2,54.28
O301362,P200007,1,62.3
O301362,P200179,3,103.5
O301363,P200222,3,112.72
O301364,P200139,2,272.83
O301364,P200127,1,115.89
O301365,P200238,3,33.58
O301366,P200061,2,81.19
O301367,P200055,2,96.5
O301367,P200058,1,68.63
O301367,P200023,2,119.05
O301367,P200197,2,504.84
O301367,P200079,1,7.68
O301368,P200000,2,151.03
O301368,P200061,2,72.15
O301368,P200052,2,104.01
O301369,P200128,3,59.98
O301369,P200167,1,132.4
O301369,P200221,1,488.81
O301369,P200035,1,42.64
O301370,P200103,1,111.36
O301370,P200028,1,94.3
O301371,P200119,1,68.66
O301372,P200153,3,27.92
O301372,P200210,2,100.61
O301372,P200100,1,31.62
O301372,P200024,3,119.68
O301372,P200033,1,32.09
O301373,P200242,3,88.49
O301373,P200146,1,12.29
O301373,P200103,3,116.66
O301373,P200167,3,128.34
O301374,P200239,3,47.45
O301374,P200167,1,139.46
O301374,P200064,2,7.24
O301374,P200185,3,131.29
O301375,P200047,1,72.11
O301375,P200104,2,86.88
O301375,P200175,1,15.95
O301376,P200049,2,40.32
O301376,P200151,1,120.88
O301376,P200037,1,52.12
O301377,P200114,2,136.02
O301377,P200206,3,45.25
O301377,P200179,1,85.78
O301378,P200033,1,29.31
O301378,P200138,3,45.22
O301378,P200238,1,35.44
O301378,P200169,1,63.91
O301379,P200035,1,43.64
O301379,P200178,3,8.94
O301380,P200186,1,9.68
O301380,P200029,1,17.83
O301381,P200215,1,106.79
O301381,P200150,1,19.1
O301382,P200032,3,481.3
O301382,P200136,1,169.91
O301382,P200161,1,65.56
O301383,P200165,2,15.99
O301383,P200068,2,20.58
O301383,P200041,2,105.68
O301383,P200231,2,28.07
O301383,P200004,2,54.48
O301384,P200035,1,43.13
O301384,P200224,1,128.49
O301384,P200178,1,10.55
O301384,P200080,3,32.38
O301384,P200159,1,17.52
O301385,P200081,3,590.05
O301385,P200048,1,23.08
O301385,P200038,2,515.25
O301386,P200016,3,339.24
O301386,P200200,1,72.15
O301387,P200042,3,86.99
O301387,P200017,3,143.92
O301387,P200077,2,42.88
O301387,P200189,2,96.4
O301387,P200164,2,128.19
O301388,P200135,1,28.12
O301388,P200246,1,102.61
O301389,P200023,2,123.87
O301389,P200130,2,123.95
O301390,P200158,3,118.15
O301390,P200047,2,66.1
O301390,P200237,1,114.71
O301390,P200107,1,42.17
O301390,P200198,2,284.23
O301391,P200051,3,117.34
O301391,P200247,1,17.95
O301392,P200125,1,91.27
O301392,P200025,2,72.91
O301392,P200212,1,59.01
O301393,P200186,3,11.23
O301393,P200051,3,118.67
O301393,P200030,3,64.4
O301393,P200234,3,11.97
O301393,P200021,1,69.18
O301394,P200175,1,14.36
O301394,P200195,2,32.6
O301395,P200082,1,143.72
O301395,P200222,2,94.16
O301395,P200122,1,70.6
O301395,P200113,2,68.26
O301396,P200150,3,18.09
O301397,P200103,3,107.54
O301397,P200152,2,130.58
O301397,P200208,2,12.8
O301397,P200109,3,20.53
O301397,P200095,2,143.33
O301398,P200103,2,118.86
O301398,P200046,3,9.79
O301398,P200065,3,119.97
O301399,P200219,2,254.17
O301399,P200228,1,127.79
O301399,P200216,2,109.04
O301399,P200144,3,82.89
O301400,P200036,2,45.57
O301400,P200118,3,49.7
O301400,P200096,2,23.3
O301401,P200152,1,132.16
O301401,P200204,2,782.44
O301401,P200064,1,5.78
O301402,P200010,3,147.19
O301402,P200092,3,33.42
O301402,P200152,3,109.73
O301403,P200216,1,96.0
O301404,P200197,2,461.29
O301404,P200231,1,30.16
O301405,P200047,2,79.01
O301405,P200244,2,41.75
O301406,P200217,3,149.76
O301406,P200158,1,141.8
O301407,P200105,3,133.07
O301407,P200192,3,50.32
O301408,P200070,3,17.33
O301408,P200026,3,122.7
O301408,P200031,1,29.63
O301408,P200012,2,70.88
O301409,P200005,1,21.3
O301409,P200105,3,128.03
O301409,P200113,1,67.98
O301409,P200054,1,86.66
O301409,P200198,3,323.53
O301410,P200185,3,125.2
O301410,P200220,2,30.43
O301410,P200129,2,124.95
O301410,P200107,3,40.56
O301410,P200071,1,45.51
O301411,P200051,3,102.61
O301411,P200115,3,41.96
O301411,P200153,1,32.38
O301411,P200213,1,17.04
O301411,P200201,1,99.82
O301412,P200107,3,36.34
O301412,P200019,2,405.22
O301412,P200167,3,123.05
O301412,P200138,2,35.78
O301413,P200025,3,73.26
O301413,P200105,3,106.73
O301413,P200242,1,77.79
O301414,P200048,2,19.71
O301414,P200190,3,18.37
O301414,P200161,3,64.16
O301414,P200012,1,74.77
O301415,P200069,1,33.35
O301416,P200027,1,30.76
O301416,P200152,3,131.41
O301416,P200023,2,117.5
O301416,P200030,3,51.37
O301416,P200127,2,129.49
O301417,P200045,1,48.19
O301417,P200015,3,138.51
O301417,P200028,2,79.9
O301418,P200189,2,91.86
O301419,P200093,1,149.08
O301419,P200076,3,68.84
O301419,P200052,3,101.31
O301420,P200137,1,73.85
O301420,P200181,2,85.55
O301421,P200127,1,128.98
O301421,P200179,2,100.75
O301422,P200071,1,44.6
O301423,P200175,3,14.67
O301424,P200181,3,96.32
O301424,P200126,1,23.81
O301425,P200021,1,66.52
O301425,P200169,2,66.11
O301426,P200027,1,26.9
O301426,P200123,3,26.04
O301426,P200083,2,123.91
O301426,P200210,1,109.18
O301426,P200178,3,9.93
O301427,P200063,1,85.92
O301427,P200114,1,119.62
O301428,P200001,3,6.69
O301428,P200096,1,26.99
O301429,P200150,2,19.85
O301429,P200078,2,14.59
O301429,P200081,3,612.67
O301429,P200166,3,19.86
O301429,P200110,3,87.57
O301430,P200128,3,52.25
O301430,P200131,2,248.16
O301430,P200143,1,13.81
O301430,P200017,2,117.19
O301430,P200041,3,104.89
O301431,P200097,3,130.29
O301432,P200070,1,14.64
O301433,P200091,1,55.51
O301434,P200125,2,75.75
O301434,P200101,3,9.66
O301434,P200038,3,606.63
O301435,P200050,3,39.99
O301435,P200228,3,133.87
O301435,P200109,2,21.29
O301436,P200231,2,27.55
O301436,P200226,1,121.04
O301437,P200210,3,86.5
O301438,P200028,1,85.26
O301438,P200103,3,100.27
O301439,P200117,2,54.13
O301439,P200042,3,75.49
O301439,P200211,1,153.08
O301439,P200186,1,10.08
O301440,P200235,3,16.95
O301440,P200087,1,122.29
O301441,P200048,1,23.29
O301442,P200075,2,59.16
O301442,P200083,2,131.71
O301442,P200102,1,108.73
O301442,P200060,2,72.35
O301443,P200232,2,96.81
O301443,P200159,1,16.32
O301443,P200227,2,36.66
O301443,P200222,2,116.13
O301444,P200114,2,125.7
O301444,P200080,3,31.32
O301444,P200023,3,124.01
O301445,P200233,1,103.48
O301445,P200153,1,28.89
O301445,P200247,1,17.43
O301445,P200179,2,89.39
O301445,P200090,2,126.08
O301446,P200085,2,23.16
O301446,P200022,3,55.26
O301446,P200134,3,112.42
O301446,P200010,3,134.06
O301446,P200051,2,115.92
O301447,P200015,3,139.8
O301448,P200177,1,23.93
O301448,P200206,3,39.97
O301448,P200014,1,54.56
O301448,P200091,1,56.89
O301448,P200054,1,82.34
O301449,P200104,3,86.67
O301450,P200074,2,50.5
O301450,P200248,3,5.09
O301450,P200016,2,382.65
O301451,P200119,3,75.81
O301451,P200172,1,63.01
O301451,P200013,3,89.13
O301451,P200159,1,16.45
O301451,P200098,3,98.06
O301452,P200163,2,71.09
O301452,P200164,2,116.92
O301452,P200099,1,16.56
O301452,P200005,1,26.62
O301452,P200034,3,99.87
O301453,P200176,2,97.66
O301454,P200151,1,117.53
O301455,P200003,3,117.52
O301455,P200103,3,96.8
O301456,P200085,2,26.23
O301456,P200131,3,291.31
O301457,P200070,3,14.88
O301457,P200175,2,15.83
O301458,P200220,2,34.47
O301458,P200038,2,488.22
O301458,P200077,1,45.47
O301459,P200169,2,56.25
O301459,P200054,1,79.79
O301460,P200243,2,63.63
O301460,P200105,1,123.07
O301460,P200177,2,28.66
O301461,P200162,1,120.15
O301461,P200005,3,25.59
O301461,P200026,1,136.47
O301461,P200235,1,15.37
O301461,P200050,3,36.33
O301462,P200201,3,103.53
O301462,P200136,2,138.14
O301462,P200249,3,113.12
O301463,P200220,3,31.6
O301463,P200213,2,17.12
O301464,P200197,3,512.45
O301464,P200027,2,28.74
O301464,P200085,2,27.89
O301465,P200039,1,73.24
O301465,P200169,2,66.15
O301465,P200226,2,95.02
O301465,P200055,2,110.43
O301466,P200094,2,68.15
O301466,P200103,1,110.47
O301466,P200180,2,262.02
O301466,P200018,3,43.32
O301466,P200089,1,35.71
O301467,P200085,2,25.28
O301467,P200185,2,137.23
O301467,P200100,2,33.76
O301467,P200052,1,122.33
O301467,P200242,2,80.26
O301468,P200055,1,112.57
O301468,P200071,1,50.87
O301469,P200031,3,34.74
O301469,P200191,1,6.32
O301469,P200221,2,422.89
O301469,P200099,2,17.11
O301469,P200038,2,498.62
O301470,P200198,3,332.83
O301470,P200029,1,19.17
O301470,P200072,2,43.07
O301470,P200102,1,115.33
O301470,P200238,2,29.23
O301471,P200199,3,279.94
O301472,P200005,3,22.25
O301472,P200013,3,92.63
O301472,P200122,1,63.67
O301473,P200135,3,30.85
O301474,P200058,2,62.79
O301474,P200036,3,47.48
O301474,P200228,1,105.89
O301475,P200097,2,155.39
O301476,P200076,2,62.21
O301476,P200117,2,63.12
O301477,P200080,1,30.92
O301477,P200225,1,8.23
O301477,P200221,1,521.04
O301478,P200113,3,53.71
O301478,P200223,3,43.77
O301479,P200222,2,110.22
O301480,P200028,1,99.84
O301480,P200158,1,151.25
O301481,P200170,2,49.96
O301481,P200219,2,242.34
O301481,P200130,3,120.99
O301482,P200104,2,90.38
O301482,P200052,3,117.31
O301482,P200043,1,31.94
O301482,P200137,1,91.68
O301483,P200081,2,557.0
O301484,P200241,3,94.34
O301484,P200193,2,40.25
O301484,P200214,3,105.44
O301485,P200009,3,11.15
O301486,P200127,2,129.14
O301487,P200181,2,82.73
O301488,P200129,3,150.54
O301488,P200074,3,61.75
O301488,P200033,2,28.38
O301488,P200181,3,97.75
O301489,P200019,3,402.02
O301489,P200126,1,24.68
O301489,P200111,2,35.69
O301489,P200059,1,26.31
O301489,P200192,1,59.97
O301490,P200097,3,138.37
O301490,P200049,3,32.04
O301490,P200069,3,32.21
O301490,P200023,2,122.73
O301491,P200027,3,29.21
O301491,P200153,1,27.84
O301492,P200070,3,17.6
O301492,P200152,1,137.28
O301492,P200055,2,97.4
O301492,P200145,1,116.71
O301492,P200230,3,121.16
O301493,P200075,1,60.75
O301493,P200137,1,75.14
O301493,P200247,3,16.11
O301494,P200049,1,38.8
O301494,P200131,2,255.13
O301494,P200170,2,46.56
O301495,P200169,3,71.51
O301495,P200200,1,67.94
O301495,P200215,3,98.61
O301495,P200041,1,129.99
O301496,P200151,2,142.29
O301496,P200137,3,85.23
O301496,P200238,2,32.65
O301496,P200184,3,92.18
O301497,P200029,1,19.21
O301497,P200182,3,8.29
O301497,P200117,2,54.91
O301498,P200048,1,23.04
O301498,P200216,2,94.9
O301498,P200106,3,8.34
O301499,P200194,1,107.94
O301499,P200135,1,27.29
O301500,P200077,1,44.03
O301500,P200079,3,8.94
O301500,P200208,2,10.97
O301500,P200154,1,274.67
O301501,P200127,3,108.9
O301501,P200093,1,171.04
O301501,P200218,3,112.29
O301501,P200162,2,133.32
O301502,P200231,2,27.83
O301502,P200137,2,80.07
O301502,P200016,2,355.57
O301503,P200003,3,112.81
O301503,P200125,3,82.27
O301503,P200196,1,42.07
O301503,P200108,3,62.9
O301504,P200145,1,114.13
O301505,P200014,3,54.66
O301505,P200116,3,187.74
O301505,P200190,1,18.04
O301506,P200225,1,9.77
O301506,P200172,2,54.72
O301506,P200155,1,126.75
O301506,P200071,2,48.32
O301506,P200249,1,102.21
O301507,P200201,2,100.49
O301507,P200206,1,48.02
O301507,P200176,1,105.11
O301507,P200039,3,66.79
O301508,P200201,1,99.77
O301508,P200092,1,41.13
O301508,P200053,3,127.97
O301508,P200003,3,128.53
O301509,P200044,2,133.37
O301509,P200004,3,48.71
O301509,P200050,3,31.9
O301509,P200042,1,80.0
O301509,P200076,1,61.78
O301510,P200225,1,9.95
O301510,P200204,1,755.14
O301510,P200082,2,129.66
O301510,P200080,3,30.04
O301511,P200131,3,297.48
O301511,P200221,1,429.97
O301511,P200090,3,138.16
O301511,P200045,2,53.72
O301512,P200115,3,39.64
O301512,P200139,1,289.24
O301512,P200221,3,408.67
O301513,P200169,2,63.8
O301513,P200147,2,74.39
O301513,P200151,2,121.51
O301513,P200023,1,113.54
O301513,P200082,2,139.98
O301514,P200159,3,19.69
O301514,P200087,2,103.4
O301514,P200229,2,34.85
O301514,P200151,2,128.11
O301515,P200173,3,12.81
O301515,P200130,3,123.81
O301515,P200062,2,29.37
O301516,P200221,1,501.53
O301517,P200106,2,7.62
O301517,P200216,2,117.77
O301517,P200224,2,137.36
O301517,P200233,3,107.88
O301517,P200093,3,151.75
O301518,P200112,3,99.82
O301518,P200151,3,135.85
O301519,P200016,2,393.6
O301519,P200042,1,87.67
O301520,P200209,3,58.03
O301521,P200084,2,70.19
O301521,P200202,2,120.02
O301522,P200065,3,112.21
O301523,P200212,3,72.84
O301524,P200226,3,100.29
O301525,P200138,2,44.29
O301525,P200043,1,31.65
O301526,P200124,2,312.31
O301526,P200247,2,15.8
O301526,P200204,1,673.74
O301526,P200095,2,117.48
O301527,P200064,2,7.02
O301527,P200011,3,45.26
O301527,P200132,3,121.56
O301527,P200040,3,46.03
O301527,P200226,2,100.3
O301528,P200154,3,242.5
O301528,P200128,2,49.39
O301529,P200204,2,645.82
O301529,P200247,2,16.4
O301529,P200063,1,89.99
O301530,P200082,3,123.55
O301530,P200060,3,73.52
O301530,P200200,2,76.04
O301530,P200123,1,21.92
O301530,P200164,3,117.71
O301531,P200188,1,59.12
O301531,P200055,3,105.81
O301531,P200149,3,92.68
O301531,P200166,3,19.52
O301532,P200164,3,134.41
O301532,P200061,2,70.19
O301532,P200148,1,37.78
O301532,P200023,1,107.93
O301532,P200149,2,100.69
O301533,P200037,2,46.86
O301533,P200018,2,40.81
O301533,P200163,2,65.67
O301534,P200054,2,83.16
O301535,P200065,1,128.47
O301536,P200183,3,130.65
O301536,P200071,2,40.55
O301536,P200141,1,121.39
O301536,P200021,2,65.4
O301537,P200192,2,59.7
O301538,P200136,3,167.18
O301538,P200181,2,103.84
O301538,P200079,3,8.23
O301539,P200119,2,71.31
O301539,P200217,1,161.63
O301540,P200058,1,74.55
O301540,P200000,2,127.87
O301540,P200177,3,29.4
O301540,P200039,3,76.13
O301540,P200147,3,76.06
O301541,P200027,1,26.65
O301541,P200148,1,40.37
O301541,P200115,3,38.76
O301541,P200070,1,17.64
O301541,P200142,2,100.39
O301542,P200036,2,58.42
O301542,P200106,3,8.14
O301542,P200237,1,120.39
O301543,P200219,3,248.65
O301543,P200139,2,256.61
O301543,P200082,2,125.11
O301544,P200113,3,69.79
O301544,P200020,1,134.83
O301545,P200206,1,43.82
O301545,P200237,3,118.03
O301545,P200061,3,83.69
O301545,P200004,2,48.09
O301546,P200205,2,141.34
O301546,P200070,2,17.37
O301547,P200086,1,18.31
O301547,P200114,3,137.5
O301547,P200174,1,113.72
O301547,P200248,3,5.18
O301548,P200040,3,49.94
O301548,P200039,1,58.12
O301548,P200070,3,14.56
O301548,P200046,1,9.19
O301548,P200031,1,30.14
O301549,P200185,2,132.47
O301550,P200246,1,93.58
O301550,P200162,2,133.07
O301551,P200006,3,156.84
O301551,P200062,3,30.33
O301552,P200085,2,29.22
O301552,P200125,2,74.95
O301552,P200220,2,32.14
O301552,P200127,2,120.52
O301552,P200001,2,6.68
O301553,P200121,1,37.2
O301553,P200172,1,60.08
O301553,P200104,2,87.4
O301553,P200147,2,75.93
O301554,P200249,2,105.66
O301555,P200139,2,276.82
O301555,P200182,2,9.38
O301556,P200057,3,146.69
O301556,P200192,3,53.7
O301556,P200149,2,101.12
O301556,P200240,3,235.12
O301557,P200132,1,129.35
O301557,P200022,3,61.12
O301557,P200106,1,9.74
O301557,P200018,2,40.98
O301557,P200063,3,95.5
O301558,P200189,3,104.44
O301558,P200192,2,57.04
O301558,P200045,1,51.21
O301559,P200046,1,9.18
O301560,P200123,2,22.99
O301561,P200105,3,108.15
O301562,P200036,3,57.12
O301563,P200122,3,67.87
O301563,P200134,1,88.12
O301563,P200195,1,27.12
O301564,P200087,1,117.17
O301564,P200129,2,125.43
O301565,P200000,2,131.57
O301565,P200209,3,63.32
O301566,P200229,3,30.85
O301566,P200166,3,20.66
O301566,P200139,1,291.2
O301566,P200211,3,137.44
O301567,P200249,1,99.9
O301567,P200099,3,16.12
O301567,P200158,3,141.35
O301568,P200074,2,55.82
O301568,P200018,3,35.3
O301568,P200232,2,104.45
O301568,P200019,3,365.45
O301569,P200066,2,44.52
O301569,P200161,1,61.67
O301569,P200187,2,282.39
O301570,P200152,2,123.09
O301570,P200036,2,53.85
O301571,P200235,3,15.45
O301571,P200194,2,126.44
O301571,P200234,3,14.74
O301571,P200123,1,22.06
O301571,P200154,2,278.16
O301572,P200159,1,16.73
O301572,P200233,3,108.45
O301572,P200078,3,14.72
O301573,P200146,3,13.37
O301573,P200035,2,42.73
O301573,P200029,1,16.64
O301573,P200079,3,8.67
O301573,P200054,1,80.98
O301574,P200247,2,15.69
O301575,P200208,1,13.2
O301575,P200202,2,106.54
O301575,P200249,3,91.08
O301575,P200016,2,412.53
O301575,P200118,3,52.22
O301576,P200107,2,38.72
O301576,P200130,2,109.62
O301576,P200182,3,8.49
O301576,P200059,2,29.86
O301577,P200013,3,85.86
O301577,P200176,2,97.39
O301578,P200152,2,117.34
O301578,P200130,2,101.48
O301578,P200061,2,70.89
O301578,P200055,2,107.0
O301579,P200071,3,42.14
O301579,P200196,3,42.47
O301579,P200157,3,64.0
O301579,P200060,1,80.5
O301580,P200104,2,74.06
O301580,P200087,2,103.54
O301580,P200240,3,286.16
O301580,P200030,3,61.98
O301580,P200216,1,117.98
O301581,P200157,1,69.89
O301581,P200057,2,134.3
O301582,P200136,3,158.53
O301582,P200013,3,98.22
O301582,P200055,2,97.2
O301582,P200158,3,131.18
O301582,P200216,2,100.26
O301583,P200062,3,26.86
O301583,P200111,3,36.98
O301583,P200216,2,114.52
O301583,P200005,3,24.35
O301584,P200181,1,80.48
O301584,P200082,1,145.31
O301585,P200100,3,35.38
O301585,P200150,3,20.13
O301586,P200013,3,99.69
O301586,P200025,1,78.56
O301587,P200221,2,513.64
O301587,P200190,3,17.21
O301587,P200126,1,22.9
O301588,P200229,2,28.68
O301588,P200014,2,68.23
O301588,P200112,1,101.58
O301588,P200165,2,17.55
O301588,P200125,1,88.41
O301589,P200173,1,11.86
O301589,P200177,2,29.24
O301589,P200181,3,96.3
O301589,P200247,3,17.42
O301589,P200239,2,46.6
O301590,P200038,1,511.35
O301591,P200140,1,17.45
O301592,P200228,2,111.57
O301593,P200058,3,64.57
O301593,P200209,1,66.13
O301593,P200165,3,15.91
O301593,P200021,2,59.78
O301594,P200178,2,8.63
O301594,P200138,1,42.41
O301595,P200136,2,134.15
O301595,P200053,3,132.01
O301595,P200230,2,133.01
O301595,P200225,2,8.23
O301596,P200199,3,272.63
O301596,P200001,2,6.96
O301596,P200078,3,15.53
O301596,P200202,3,96.29
O301597,P200052,3,125.52
O301598,P200167,2,112.2
O301598,P200099,1,19.4
O301598,P200052,2,113.7
O301598,P200106,1,7.58
O301599,P200226,2,112.86
O301599,P200005,1,21.42
O301599,P200201,3,101.02
O301599,P200070,3,14.69
O301600,P200097,3,144.25
O301600,P200076,1,66.93
O301600,P200073,1,162.29
O301600,P200015,2,118.41
O301600,P200221,1,500.6
O301601,P200015,3,114.59
O301601,P200229,1,31.38
O301601,P200024,1,109.12
O301601,P200022,1,60.83
O301602,P200117,1,57.25
O301602,P200160,2,44.55
O301603,P200190,2,16.43
O301603,P200084,3,76.86
O301603,P200085,3,27.11
O301603,P200232,2,113.0
O301603,P200243,1,57.38
O301604,P200179,1,104.4
O301604,P200086,1,15.86
O301605,P200145,3,121.73
O301605,P200067,2,6.22
O301605,P200107,3,37.14
O301605,P200229,1,32.31
O301605,P200042,2,75.75
O301606,P200114,2,123.02
O301606,P200012,2,75.23
O301607,P200044,1,132.8
O301607,P200169,2,61.77
O301607,P200005,1,27.04
O301607,P200244,3,47.43
O301607,P200052,3,119.26
O301608,P200019,1,384.34
O301608,P200121,2,42.07
O301608,P200052,3,120.05
O301608,P200231,2,26.43
O301609,P200058,3,62.3
O301609,P200192,2,60.93
O301609,P200030,1,62.78
O301610,P200240,3,279.79
O301610,P200143,2,13.42
O301611,P200182,2,7.98
O301612,P200230,2,134.56
O301612,P200080,3,30.04
O301612,P200159,3,19.54
O301612,P200050,1,34.11
O301612,P200208,1,13.64
O301613,P200166,1,17.77
O301613,P200173,2,13.89
O301613,P200000,2,121.7
O301613,P200037,3,53.75
O301613,P200087,1,98.73
O301614,P200071,1,49.49
O301614,P200048,1,18.69
O301614,P200000,2,124.82
O301615,P200137,1,74.57
O301615,P200243,2,62.69
O301615,P200134,3,111.0
O301615,P200022,2,56.9
O301615,P200154,1,228.93
O301616,P200171,3,97.78
O301616,P200195,3,29.43
O301616,P200064,2,5.96
O301616,P200154,3,269.54
O301617,P200019,2,432.89
O301617,P200242,2,77.69
O301618,P200123,2,22.02
O301618,P200069,3,41.49
O301618,P200184,2,116.13
O301618,P200145,3,124.26
O301618,P200000,1,153.11
O301619,P200063,1,91.95
O301619,P200048,2,20.13
O301619,P200183,2,124.35
O301619,P200010,3,132.57
O301620,P200123,2,24.82
O301620,P200229,1,33.14
O301620,P200089,2,44.6
O301621,P200083,2,145.29
O301622,P200222,2,106.76
O301622,P200210,2,99.66
O301622,P200029,1,16.23
O301622,P200134,2,88.96
O301623,P200144,1,86.7
O301623,P200185,1,107.85
O301624,P200060,3,71.37
O301624,P200133,2,26.37
O301625,P200115,2,35.62
O301625,P200169,1,68.28
O301625,P200107,3,43.37
O301625,P200002,1,26.0
O301626,P200169,3,64.46
O301626,P200249,2,92.37
O301626,P200083,1,122.07
O301626,P200162,2,118.47
O301626,P200071,2,52.5
O301627,P200222,1,100.92
O301628,P200186,3,9.24
O301628,P200198,2,333.15
O301628,P200246,3,93.73
O301628,P200005,1,27.48
O301628,P200092,3,39.34
O301629,P200114,1,132.48
O301629,P200223,2,39.45
O301630,P200196,3,42.28
O301630,P200038,2,527.26
O301630,P200239,1,46.22
O301631,P200062,3,30.78
O301631,P200132,2,116.94
O301631,P200180,3,231.54
O301631,P200143,1,11.96
O301631,P200079,1,8.22
O301632,P200197,1,485.32
O301632,P200039,3,69.4
O301633,P200107,2,40.52
O301633,P200069,2,36.39
O301634,P200224,3,108.08
O301634,P200066,3,45.39
O301634,P200233,3,100.65
O301634,P200139,1,224.27
O301634,P200025,1,65.88
O301635,P200096,2,28.91
O301635,P200093,1,150.48
O301636,P200130,2,99.12
O301636,P200123,3,26.1
O301636,P200094,1,71.01
O301636,P200241,3,111.46
O301636,P200218,1,103.06
O301637,P200118,2,48.31
O301637,P200199,3,305.12
O301638,P200131,1,294.3
O301638,P200146,3,14.09
O301638,P200214,1,96.75
O301638,P200056,3,94.86
O301639,P200050,2,36.32
O301639,P200133,1,22.67
O301639,P200171,2,86.52
O301640,P200125,1,73.73
O301640,P200172,1,54.21
O301640,P200135,2,25.2
O301640,P200211,1,119.05
O301640,P200056,1,100.58
O301641,P200219,3,222.76
O301641,P200076,1,69.09
O301641,P200177,1,29.53
O301642,P200211,3,139.07
O301642,P200046,3,9.94
O301642,P200180,2,231.7
O301643,P200103,1,100.4
O301643,P200227,3,31.89
O301643,P200060,3,74.32
O301644,P200163,1,77.26
O301644,P200190,1,15.45
O301645,P200236,2,41.71
O301645,P200221,3,407.36
O301645,P200079,1,7.08
O301646,P200038,3,541.65
O301646,P200232,2,107.85
O301646,P200066,1,38.13
O301647,P200123,1,28.21
O301647,P200098,3,116.4
O301647,P200021,2,69.53
O301647,P200052,2,125.1
O301648,P200056,2,96.88
O301649,P200048,2,22.92
O301649,P200238,1,35.52
O301649,P200221,2,442.27
O301650,P200079,2,7.6
O301650,P200247,1,16.77
O301650,P200042,2,76.39
O301651,P200005,1,21.36
O301651,P200156,3,98.89
O301651,P200011,3,43.02
O301651,P200053,2,127.25
O301652,P200141,3,113.93
O301652,P200052,1,110.43
O301652,P200185,1,135.0
O301652,P200210,1,93.24
O301653,P200004,1,52.89
O301653,P200168,2,243.5
O301653,P200219,3,267.96
O301654,P200115,3,45.57
O301655,P200240,3,270.97
O301655,P200055,3,98.92
O301656,P200164,3,133.62
O301656,P200026,1,151.82
O301657,P200056,1,93.16
O301657,P200173,2,11.01
O301658,P200146,2,13.33
O301658,P200240,3,285.21
O301658,P200041,1,107.27
O301658,P200106,1,9.5
O301659,P200174,3,119.35
O301659,P200105,2,105.23
O301659,P200055,1,106.81
O301660,P200185,1,113.55
O301660,P200136,2,151.91
O301660,P200014,3,65.82
O301660,P200096,3,23.45
O301661,P200017,1,124.87
O301662,P200209,1,63.77
O301662,P200127,2,114.21
O301662,P200194,3,104.83
O301662,P200201,2,122.03
O301662,P200046,3,9.24
O301663,P200236,2,41.47
O301663,P200040,1,56.72
O301663,P200179,3,102.57
O301664,P200041,3,132.49
O301664,P200244,2,46.18
O301665,P200055,1,103.11
O301665,P200076,3,68.55
O301666,P200219,1,225.36
O301666,P200237,3,116.58
O301666,P200036,2,45.77
O301666,P200204,2,714.65
O301666,P200065,3,133.06
O301667,P200206,1,38.89
O301667,P200160,3,46.82
O301667,P200183,2,122.0
O301667,P200231,3,30.56
O301668,P200135,2,23.86
O301669,P200043,1,34.84
O301669,P200004,3,45.4
O301669,P200017,1,130.38
O301669,P200178,3,11.1
O301669,P200193,2,37.48
O301670,P200087,2,114.85
O301671,P200221,3,460.43
O301671,P200220,1,30.47
O301672,P200094,1,63.78
O301672,P200065,1,135.81
O301672,P200081,3,527.66
O301672,P200193,2,34.24
O301673,P200054,3,90.5
O301673,P200088,2,108.3
O301673,P200087,2,119.84
O301674,P200101,2,9.95
O301674,P200192,3,57.36
O301674,P200220,1,30.83
O301675,P200030,1,57.34
O301675,P200037,3,54.52
O301675,P200186,3,11.29
O301675,P200163,3,63.74
O301675,P200201,3,122.22
O301676,P200240,1,252.16
O301676,P200084,3,64.28
O301676,P200153,2,33.29
O301676,P200012,3,75.15
O301677,P200113,1,61.84
O301677,P200137,2,89.76
O301677,P200196,2,39.34
O301677,P200229,2,32.12
O301677,P200243,2,70.24
O301678,P200105,1,123.33
O301678,P200135,1,27.25
O301679,P200037,2,51.92
O301679,P200174,2,124.96
O301679,P200233,2,109.37
O301679,P200176,1,110.81
O301679,P200052,3,106.4
O301680,P200228,3,107.82
O301680,P200008,2,21.23
O301681,P200038,2,530.78
O301681,P200080,2,31.81
O301681,P200130,3,102.78
O301681,P200167,2,146.75
O301681,P200181,3,84.45
O301682,P200191,1,7.88
O301682,P200093,3,144.87
O301682,P200131,3,257.71
O301683,P200237,1,107.01
O301683,P200022,1,61.09
O301683,P200154,1,284.41
O301684,P200022,2,62.75
O301685,P200230,1,127.62
O301685,P200179,1,80.47
O301685,P200204,2,704.56
O301685,P200043,3,37.08
O301685,P200103,1,109.71
O301686,P200137,1,92.74
O301686,P200065,1,143.38
O301687,P200175,1,15.14
O301687,P200045,2,48.51
O301687,P200182,3,8.64
O301688,P200230,1,126.1
O301689,P200063,2,83.73
O301689,P200096,3,25.36
O301689,P200156,2,99.59
O301689,P200100,3,27.88
O301689,P200169,1,73.08
O301690,P200055,1,112.85
O301690,P200232,3,108.1
O301691,P200000,3,147.78
O301691,P200181,1,94.35
O301691,P200227,3,35.74
O301691,P200144,2,80.33
O301692,P200161,1,64.73
O301692,P200199,3,236.97
O301692,P200186,2,9.59
O301692,P200209,2,69.41
O301693,P200100,3,29.41
O301693,P200129,1,119.68
O301693,P200153,1,30.23
O301694,P200222,1,97.9
O301695,P200092,2,35.1
O301695,P200189,2,112.8
O301696,P200197,1,443.92
O301696,P200158,2,150.63
O301696,P200233,2,94.81
O301696,P200228,3,111.87
O301697,P200055,1,111.69
O301697,P200187,2,274.37
O301697,P200028,3,81.1
O301698,P200173,2,14.15
O301698,P200068,3,18.36
O301698,P200037,1,51.69
O301699,P200132,3,104.5
O301699,P200011,2,35.77
O301700,P200019,3,428.59
O301700,P200149,1,88.72
O301700,P200228,1,114.71
O301701,P200053,3,130.28
O301702,P200042,3,86.54
O301702,P200018,1,35.19
O301702,P200138,3,38.29
O301703,P200147,1,70.04
O301704,P200203,1,434.45
O301704,P200071,3,45.16
O301704,P200163,2,69.13
O301704,P200181,3,91.42
O301705,P200072,3,43.26
O301705,P200025,2,79.33
O301705,P200010,3,116.78
O301706,P200023,3,108.87
O301706,P200084,2,68.2
O301706,P200047,2,79.02
O301706,P200048,3,20.8
O301706,P200044,2,115.22
O301707,P200174,3,108.9
O301707,P200249,1,92.53
O301707,P200123,3,23.98
O301708,P200145,1,125.71
O301709,P200055,2,92.51
O301709,P200242,1,90.02
O301710,P200053,1,120.09
O301710,P200228,1,133.36
O301710,P200082,1,146.86
O301710,P200105,1,112.69
O301710,P200179,2,84.25
O301711,P200167,2,130.4
O301711,P200066,1,43.66
O301711,P200157,2,71.38
O301711,P200199,2,248.32
O301711,P200219,3,268.94
O301712,P200133,2,26.68
O301713,P200174,1,127.36
O301713,P200101,1,10.15
O301713,P200169,3,65.95
O301713,P200146,3,15.0
O301714,P200231,3,29.69
O301714,P200198,2,324.8
O301714,P200193,3,39.67
O301715,P200204,1,726.35
O301715,P200177,3,27.72
O301716,P200194,3,122.46
O301716,P200014,1,65.63
O301716,P200155,1,112.08
O301717,P200213,3,15.19
O301717,P200215,1,121.6
O301717,P200221,2,507.71
O301717,P200233,3,85.94
O301717,P200007,3,68.02
O301718,P200180,1,273.42
O301719,P200156,1,110.84
O301719,P200009,1,13.07
O301719,P200170,3,45.69
O301719,P200220,1,32.93
O301719,P200194,1,126.86
O301720,P200077,1,43.25
O301721,P200188,3,51.9
O301721,P200062,3,31.41
O301721,P200044,2,112.95
O301721,P200120,1,65.04
O301722,P200132,2,120.0
O301723,P200096,1,27.3
O301724,P200008,1,22.13
O301725,P200185,2,121.51
O301725,P200066,1,42.1
O301725,P200025,2,72.35
O301725,P200105,2,121.41
O301725,P200190,3,16.42
O301726,P200173,1,12.61
O301726,P200164,2,117.97
O301726,P200175,2,14.91
O301727,P200197,3,482.15
O301727,P200089,3,34.7
O301727,P200030,2,63.03
O301727,P200215,3,122.34
O301728,P200127,2,109.14
O301729,P200003,1,129.4
O301729,P200036,3,49.28
O301729,P200196,2,42.4
O301729,P200162,3,134.55
O301729,P200184,3,106.02
O301730,P200134,2,102.17
O301730,P200039,2,65.59
O301730,P200230,3,107.21
O301730,P200041,1,134.89
O301730,P200000,3,130.98
O301731,P200002,3,22.78
O301731,P200098,3,95.07
O301731,P200152,3,129.81
O301732,P200068,2,20.4
O301732,P200241,2,96.16
O301732,P200171,2,92.43
O301732,P200215,2,118.15
O301732,P200159,3,18.91
O301733,P200044,1,118.15
O301734,P200235,1,17.59
O301734,P200133,2,22.99
O301735,P200087,2,99.42
O301736,P200123,1,21.86
O301737,P200226,2,117.16
O301737,P200092,3,40.21
O301737,P200232,2,92.76
O301737,P200070,1,16.93
O301737,P200149,2,94.49
O301738,P200103,3,101.8
O301738,P200151,2,134.72
O301738,P200169,1,70.1
O301739,P200206,2,41.02
O301739,P200051,3,122.27
O301739,P200177,1,30.01
O301739,P200171,2,83.7
O301740,P200038,2,469.06
O301740,P200190,3,18.0
O301740,P200053,2,115.28
O301740,P200124,3,291.05
O301740,P200168,1,264.67
O301741,P200023,2,110.1
O301741,P200154,1,253.93
O301741,P200124,2,249.46
O301741,P200119,1,71.46
O301742,P200068,2,19.63
O301742,P200050,3,39.13
O301743,P200167,3,131.33
O301743,P200248,2,5.57
O301744,P200192,3,58.85
O301745,P200223,3,35.08
O301745,P200118,1,49.36
O301745,P200078,2,14.47
O301745,P200205,1,144.19
O301745,P200184,1,108.54
O301746,P200040,3,49.5
O301746,P200142,3,111.97
O301746,P200236,1,40.17
O301746,P200056,1,101.11
O301746,P200165,1,18.02
O301747,P200224,3,128.16
O301747,P200158,1,118.23
O301747,P200203,3,402.45
O301748,P200015,1,139.31
O301748,P200049,1,39.62
O301748,P200200,3,85.0
O301749,P200119,2,62.96
O301749,P200005,3,26.71
O301749,P200014,3,57.65
O301749,P200047,2,70.85
O301749,P200037,1,47.32
O301750,P200168,1,287.65
O301750,P200224,3,112.04
O301751,P200200,1,71.82
O301751,P200177,3,30.14
O301751,P200091,3,58.99
O301752,P200117,2,60.45
O301752,P200114,1,116.16
O301752,P200011,2,42.84
O301752,P200057,2,144.92
O301752,P200244,2,47.6
O301753,P200130,3,98.41
O301753,P200133,2,23.08
O301754,P200174,3,126.34
O301754,P200097,3,144.51
O301754,P200135,2,29.36
O301754,P200087,3,115.44
O301754,P200204,2,653.9
O301755,P200211,3,130.75
O301756,P200138,1,37.48
O301756,P200165,1,18.55
O301756,P200247,1,16.5
O301757,P200012,1,63.71
O301757,P200194,3,100.78
O301757,P200136,3,170.55
O301758,P200165,1,16.0
O301758,P200195,2,27.08
O301759,P200115,1,38.32
O301759,P200101,2,9.5
O301759,P200147,2,68.16
O301759,P200239,1,49.6
O301759,P200175,1,15.45
O301760,P200091,2,68.06
O301760,P200028,3,90.87
O301760,P200079,1,6.96
O301761,P200232,1,91.26
O301761,P200197,3,423.06
O301761,P200230,2,118.58
O301761,P200052,1,122.05
O301761,P200220,1,30.23
O301762,P200107,1,37.09
O301762,P200030,2,49.62
O301763,P200201,1,95.12
O301763,P200004,2,47.26
O301764,P200110,2,85.46
O301764,P200133,2,26.82
O301764,P200113,1,54.21
O301765,P200116,1,183.16
O301765,P200205,1,150.59
O301765,P200217,2,126.1
O301766,P200065,1,138.15
O301766,P200235,2,16.65
O301767,P200143,2,14.15
O301767,P200057,1,139.87
O301768,P200173,3,13.18
O301768,P200202,1,97.52
O301768,P200182,2,8.77
O301768,P200195,3,32.69
O301769,P200184,3,104.66
O301769,P200145,3,108.79
O301770,P200092,2,36.91
O301770,P200231,3,32.28
O301770,P200194,1,125.29
O301770,P200151,2,139.96
O301771,P200009,2,10.45
O301771,P200086,1,15.82
O301771,P200002,3,26.38
O301772,P200182,3,7.99
O301772,P200140,3,22.24
O301772,P200161,1,73.45
O301772,P200203,2,487.14
O301772,P200223,1,39.73
O301773,P200168,2,259.98
O301773,P200064,1,5.69
O301774,P200127,2,128.68
O301774,P200211,3,136.93
O301774,P200180,2,264.32
O301774,P200026,2,126.59
O301774,P200100,2,31.5
O301775,P200053,1,125.04
O301775,P200242,3,79.86
O301775,P200000,3,139.26
O301776,P200153,2,30.71
O301777,P200006,1,187.88
O301777,P200131,1,291.8
O301777,P200052,1,116.56
O301777,P200112,3,121.06
O301778,P200082,2,132.27
O301778,P200092,2,36.02
O301779,P200114,1,122.19
O301780,P200056,3,92.69
O301780,P200220,2,30.38
O301780,P200187,2,255.59
O301781,P200081,2,580.27
O301781,P200073,2,173.98
O301781,P200234,3,11.4
O301781,P200026,1,145.29
O301782,P200178,3,9.34
O301782,P200061,3,81.05
O301783,P200076,3,68.65
O301783,P200166,3,21.96
O301783,P200203,2,431.72
O301783,P200063,2,91.22
O301784,P200012,1,65.18
O301785,P200182,1,7.94
O301786,P200215,1,108.97
O301786,P200022,3,60.65
O301786,P200047,3,74.67
O301786,P200043,1,30.54
O301787,P200113,3,63.88
O301788,P200023,2,121.85
O301788,P200202,3,110.95
O301789,P200171,1,87.98
O301789,P200050,1,37.06
O301789,P200206,3,45.84
O301790,P200102,1,121.88
O301791,P200063,3,86.74
O301791,P200216,2,114.81
O301791,P200180,2,290.64
O301791,P200114,2,129.27
O301791,P200170,2,51.74
O301792,P200012,3,75.54
O301792,P200106,2,8.84
O301792,P200054,2,82.32
O301793,P200050,3,32.33
O301793,P200060,2,79.64
O301794,P200240,1,286.48
O301794,P200020,1,135.77
O301794,P200224,2,125.36
O301794,P200184,3,98.23
O301794,P200130,1,99.45
O301795,P200081,1,592.49
O301795,P200008,1,24.4
O301795,P200249,3,96.9
O301796,P200030,2,58.25
O301796,P200110,2,91.46
O301796,P200142,1,93.87
O301796,P200115,2,44.93
O301797,P200236,1,43.19
O301798,P200139,1,269.66
O301799,P200032,1,565.42
O301800,P200009,2,12.21
O301800,P200051,3,124.47
O301800,P200167,2,126.82
O301801,P200148,3,41.26
O301801,P200180,1,277.13
O301801,P200149,1,84.64
O301801,P200026,3,131.53
O301801,P200008,3,24.22
O301802,P200067,1,6.25
O301802,P200041,1,128.56
O301802,P200021,3,60.94
O301802,P200113,2,56.15
O301802,P200114,3,117.66
O301803,P200006,2,205.28
O301803,P200028,2,93.26
O301803,P200137,3,78.19
O301804,P200063,2,94.98
O301805,P200160,1,51.67
O301805,P200187,2,277.81
O301805,P200246,2,108.86
O301805,P200040,1,54.08
O301806,P200097,2,132.01
O301806,P200009,3,10.99
O301806,P200239,3,48.77
O301806,P200092,3,36.92
O301807,P200025,2,67.36
O301807,P200235,2,17.77
O301807,P200141,3,99.57
O301808,P200110,2,90.55
O301808,P200038,3,567.99
O301808,P200098,3,119.8
O301808,P200170,3,57.34
O301809,P200166,2,17.75
O301809,P200229,1,32.17
O301809,P200023,1,122.0
O301810,P200247,3,18.22
O301810,P200202,1,99.26
O301810,P200004,3,42.02
O301810,P200098,2,117.94
O301811,P200040,1,56.5
O301811,P200007,3,71.39
O301811,P200108,3,63.89
O301812,P200072,3,47.51
O301813,P200101,2,10.24
O301814,P200191,3,7.48
O301814,P200083,3,145.44
O301814,P200085,1,25.53
O301814,P200091,2,64.74
O301814,P200219,3,223.92
O301815,P200197,1,475.62
O301815,P200014,3,61.64
O301815,P200065,2,132.07
O301816,P200045,3,49.24
O301816,P200120,2,66.33
O301817,P200119,1,67.45
O301817,P200013,2,89.72
O301818,P200072,3,40.26
O301819,P200116,1,170.28
O301819,P200170,2,57.92
O301819,P200065,1,129.45
O301819,P200110,3,89.39
O301819,P200057,2,132.97
O301820,P200184,2,95.85
O301821,P200241,3,88.96
O301821,P200004,2,50.83
O301822,P200016,3,368.4
O301822,P200079,1,7.26
O301822,P200035,1,41.25
O301823,P200139,2,290.63
O301823,P200126,2,19.23
O301824,P200049,3,33.98
O301825,P200218,2,99.18
O301825,P200106,3,7.9
O301826,P200249,3,108.33
O301826,P200059,1,25.44
O301826,P200227,2,30.15
O301826,P200017,3,134.72
O301827,P200206,3,41.14
O301827,P200100,2,36.06
O301828,P200016,2,344.93
O301828,P200014,1,63.31
O301828,P200082,2,121.14
O301828,P200133,2,26.02
O301828,P200092,3,31.66
O301829,P200235,1,14.86
O301829,P200239,3,42.97
O301830,P200035,1,40.72
O301831,P200077,1,44.47
O301832,P200082,2,126.25
O301832,P200138,1,44.08
O301832,P200242,1,79.11
O301832,P200103,3,114.19
O301832,P200217,2,158.15
O301833,P200018,3,34.65
O301833,P200240,3,246.54
O301833,P200017,3,129.45
O301834,P200028,1,91.51
O301834,P200146,3,13.14
O301834,P200017,3,131.39
O301834,P200050,1,34.18
O301834,P200109,1,18.13
O301835,P200086,1,15.61
O301835,P200143,1,12.31
O301835,P200015,3,136.15
O301835,P200043,3,37.57
O301836,P200211,2,120.65
O301837,P200215,3,100.57
O301837,P200216,1,93.55
O301838,P200017,3,151.62
O301838,P200188,2,57.69
O301838,P200117,3,55.52
O301838,P200085,2,29.4
O301839,P200008,1,22.42
O301840,P200119,3,66.41
O301840,P200105,3,130.29
O301840,P200163,2,61.25
O301840,P200060,1,81.54
O301840,P200029,1,15.34
O301841,P200172,3,52.48
O301842,P200004,1,46.42
O301842,P200221,2,426.82
O301842,P200212,2,62.36
O301842,P200021,3,71.54
O301843,P200219,2,244.4
O301843,P200189,2,107.67
O301843,P200180,2,232.99
O301843,P200093,3,142.8
O301843,P200084,2,71.51
O301844,P200105,1,110.17
O301844,P200053,2,131.56
O301844,P200242,3,97.74
O301845,P200213,1,17.25
O301845,P200177,1,30.59
O301845,P200180,2,266.63
O301845,P200042,1,86.51
O301845,P200003,1,109.18
O301846,P200182,3,8.28
O301846,P200066,1,40.23
O301846,P200144,1,83.89
O301846,P200124,1,256.46
O301846,P200046,2,9.27
O301847,P200189,2,89.68
O301847,P200204,2,682.04
O301847,P200072,2,44.03
O301847,P200119,3,63.16
O301848,P200064,2,6.59
O301848,P200103,3,104.59
O301848,P200241,3,86.25
O301848,P200134,1,94.26
O301849,P200147,1,63.61
O301849,P200080,2,27.48
O301850,P200115,2,40.16
O301850,P200155,3,126.74
O301851,P200167,1,135.62
O301851,P200048,3,20.67
O301851,P200198,2,317.35
O301851,P200204,2,703.47
O301851,P200249,2,113.99
O301852,P200176,3,102.71
O301852,P200062,1,31.03
O301853,P200071,3,51.5
O301853,P200067,2,6.59
O301853,P200084,1,69.09
O301854,P200186,2,10.57
O301854,P200004,1,46.5
O301854,P200215,2,111.77
O301855,P200075,1,58.07
O301855,P200013,1,88.38
O301856,P200060,2,68.37
O301856,P200211,3,147.64
O301857,P200001,3,6.72
O301857,P200209,1,64.26
O301857,P200010,3,128.6
O301858,P200053,1,132.56
O301858,P200167,1,116.77
O301859,P200162,3,135.07
O301859,P200093,1,137.43
O301859,P200154,1,269.04
O301859,P200056,2,95.43
O301859,P200070,1,16.69
O301860,P200216,1,98.53
O301861,P200173,1,14.04
O301861,P200120,3,60.74
O301862,P200187,3,265.27
O301862,P200245,1,9.1
O301862,P200020,1,109.55
O301862,P200149,3,102.59
O301862,P200054,2,87.05
O301863,P200006,2,182.83
O301863,P200038,1,518.84
O301863,P200248,1,4.62
O301864,P200042,3,82.45
O301864,P200135,3,28.28
O301864,P200150,2,18.75
O301864,P200235,3,16.3
O301865,P200122,2,64.01
O301865,P200110,2,92.78
O301865,P200099,2,16.22
O301865,P200218,1,100.24
O301866,P200086,3,19.23
O301866,P200188,2,48.33
O301867,P200064,1,5.89
O301867,P200055,1,95.61
O301867,P200100,2,33.5
O301867,P200153,3,26.29
O301868,P200126,2,21.23
O301868,P200004,1,42.46
O301869,P200071,2,48.37
O301869,P200249,2,98.1
O301869,P200184,3,97.74
O301869,P200062,1,25.78
O301870,P200093,1,170.38
O301871,P200191,3,7.34
O301871,P200076,2,71.56
O301871,P200240,1,304.79
O301871,P200105,1,127.84
O301872,P200058,1,69.53
O301873,P200095,1,124.95
O301873,P200194,1,98.45
O301873,P200112,1,112.01
O301873,P200020,2,128.98
O301873,P200225,1,9.57
O301874,P200164,3,130.25
O301874,P200080,1,27.51
O301874,P200115,1,45.63
O301874,P200238,1,30.13
O301875,P200163,1,69.56
O301876,P200125,3,84.56
O301877,P200106,3,8.19
O301878,P200240,2,246.72
O301878,P200216,3,118.46
O301878,P200139,1,268.52
O301878,P200077,1,45.38
O301878,P200233,2,100.12
O301879,P200170,1,51.46
O301879,P200064,3,5.7
O301879,P200142,3,100.3
O301880,P200117,3,66.17
O301880,P200140,2,22.6
O301881,P200121,1,41.55
O301881,P200215,1,102.66
O301882,P200114,2,121.23
O301883,P200236,2,43.18
O301883,P200126,3,24.51
O301884,P200047,1,62.13
O301884,P200088,1,105.07
O301884,P200036,2,49.34
O301884,P200042,2,92.12
O301884,P200018,2,41.51
O301885,P200100,2,29.6
O301885,P200007,3,70.42
O301885,P200170,2,55.57
O301886,P200020,1,129.24
O301886,P200134,3,93.45
O301887,P200207,1,40.09
O301888,P200161,3,64.9
O301888,P200239,2,40.63
O301889,P200191,1,7.19
O301889,P200132,3,111.05
O301890,P200204,1,643.44
O301891,P200172,3,56.35
O301891,P200163,2,72.78
O301891,P200136,2,141.12
O301891,P200072,1,42.74
O301892,P200235,1,15.56
O301892,P200248,2,5.02
O301892,P200174,2,139.64
O301892,P200247,2,15.4
O301893,P200172,2,58.81
O301893,P200245,1,9.11
O301893,P200074,1,50.42
O301893,P200155,3,121.75
O301893,P200017,1,133.78
O301894,P200096,3,27.86
O301894,P200241,1,107.66
O301895,P200235,1,16.95
O301895,P200234,1,12.1
O301896,P200066,2,38.5
O301896,P200167,3,120.89
O301896,P200084,2,67.89
O301896,P200053,2,129.45
O301896,P200109,1,21.64
O301897,P200213,1,18.54
O301897,P200233,3,108.43
O301898,P200039,2,59.46
O301898,P200091,1,61.98
O301898,P200238,3,35.29
O301898,P200206,1,42.94
O301899,P200003,1,108.9
O301899,P200209,3,62.15
O301899,P200192,2,55.33
O301899,P200247,3,15.23
O301900,P200053,1,134.76
O301900,P200086,1,18.21
O301900,P200122,1,70.82
O301900,P200168,3,297.85
O301900,P200112,1,102.97
O301901,P200014,2,65.59
O301901,P200122,1,72.92
O301902,P200115,1,45.51
O301902,P200212,1,71.31
O301902,P200097,2,124.21
O301902,P200120,3,60.99
O301903,P200167,2,116.35
O301904,P200232,2,98.39
O301904,P200230,1,114.51
O301904,P200189,1,93.72
O301904,P200059,1,27.69
O301905,P200236,1,37.47
O301906,P200132,2,107.6
O301906,P200175,2,15.47
O301906,P200090,2,116.58
O301906,P200199,3,244.71
O301907,P200106,2,8.17
O301907,P200230,1,134.89
O301908,P200214,3,115.46
O301908,P200124,1,251.36
O301908,P200212,2,71.82
O301909,P200146,3,15.08
O301910,P200215,2,112.58
O301910,P200072,3,38.17
O301910,P200160,1,41.12
O301910,P200235,2,15.27
O301911,P200166,1,20.24
O301911,P200225,3,9.31
O301911,P200077,1,47.85
O301912,P200070,2,15.01
O301912,P200200,3,71.42
O301912,P200127,1,115.55
O301912,P200016,3,407.96
O301913,P200225,2,8.5
O301913,P200144,3,89.38
O301914,P200152,1,110.64
O301915,P200054,2,95.18
O301915,P200030,1,55.58
O301915,P200242,2,87.81
O301916,P200207,2,39.71
O301916,P200154,2,257.98
O301916,P200123,3,24.17
O301916,P200073,1,152.66
O301917,P200232,1,91.97
O301917,P200190,2,19.11
O301917,P200193,2,37.6
O301917,P200055,1,104.3
O301918,P200233,2,109.75
O301918,P200087,2,113.32
O301919,P200053,3,141.1
O301919,P200010,2,118.01
O301919,P200204,3,622.77
O301919,P200065,2,132.41
O301920,P200106,2,9.26
O301920,P200167,3,118.46
O301920,P200170,3,47.16
O301921,P200120,3,55.64
O301921,P200156,1,92.67
O301922,P200152,2,140.28
O301923,P200207,2,33.4
O301923,P200085,2,28.01
O301924,P200112,1,123.22
O301925,P200166,3,21.42
O301925,P200233,2,111.43
O301925,P200211,2,124.39
O301925,P200122,1,77.17
O301926,P200022,2,52.23
O301927,P200235,1,15.46
O301928,P200147,1,72.57
O301929,P200002,2,24.13
O301929,P200012,3,76.67
O301930,P200236,1,36.9
O301931,P200034,3,82.39
O301931,P200230,3,137.03
O301931,P200008,3,20.68
O301931,P200072,1,44.98
O301932,P200174,3,109.68
O301933,P200143,1,11.71
O301933,P200152,2,128.39
O301933,P200038,2,592.98
O301933,P200121,3,39.26
O301933,P200060,3,78.92
O301934,P200165,1,16.7
O301934,P200029,1,15.52
O301934,P200197,1,415.07
O301935,P200151,3,136.96
O301936,P200208,3,12.55
O301936,P200038,1,533.9
O301936,P200144,3,93.25
O301937,P200115,3,40.81
O301938,P200118,1,44.67
O301938,P200071,3,49.55
O301938,P200232,1,111.06
O301938,P200025,3,67.17
O301938,P200191,1,7.11
O301939,P200221,1,465.58
O301939,P200055,1,93.41
O301939,P200130,2,99.43
O301940,P200006,2,187.21
O301940,P200248,1,5.81
O301940,P200021,1,71.25
O301940,P200204,1,763.29
O301940,P200097,3,151.81
O301941,P200028,2,89.7
O301941,P200031,3,32.87
O301942,P200059,1,23.8
O301943,P200010,1,121.91
O301943,P200242,1,88.7
O301944,P200036,3,45.62
O301944,P200136,1,140.1
O301944,P200138,3,36.9
O301945,P200139,2,278.27
O301945,P200045,1,54.89
O301945,P200124,2,281.21
O301945,P200183,2,143.31
O301946,P200243,1,58.55
O301946,P200127,3,99.69
O301946,P200003,2,111.51
O301947,P200037,2,50.58
O301947,P200129,3,147.33
O301947,P200141,1,98.94
O301947,P200066,3,36.78
O301947,P200211,2,136.61
O301948,P200062,1,32.23
O301948,P200048,3,21.56
O301949,P200076,2,62.75
O301949,P200233,1,107.82
O301950,P200122,1,67.85
O301950,P200003,2,111.87
O301950,P200201,1,100.65
O301951,P200027,2,25.66
O301952,P200139,2,243.13
O301952,P200113,2,61.0
O301952,P200042,1,72.57
O301952,P200191,3,6.7
O301953,P200101,2,9.73
O301954,P200237,2,117.02
O301954,P200149,2,90.2
O301954,P200020,3,121.4
O301954,P200076,2,72.88
O301955,P200007,3,63.03
O301955,P200104,1,85.97
O301956,P200239,2,40.52
O301956,P200079,2,9.0
O301957,P200025,2,85.04
O301957,P200165,1,17.54
O301957,P200199,2,278.12
O301957,P200022,3,59.29
O301958,P200194,3,106.52
O301958,P200232,2,96.04
O301958,P200187,3,259.34
O301958,P200069,2,31.99
O301959,P200021,3,67.84
O301959,P200067,1,6.45
O301959,P200044,1,123.2
O301959,P200026,3,149.68
O301959,P200034,2,83.96
O301960,P200108,1,63.96
O301960,P200244,3,47.79
O301961,P200198,1,265.03
O301961,P200037,2,52.27
O301961,P200051,1,114.49
O301961,P200038,3,567.37
O301961,P200185,1,126.74
O301962,P200133,2,23.75
O301962,P200187,3,273.24
O301962,P200081,3,545.43
O301962,P200015,3,126.42
O301962,P200151,3,131.88
O301963,P200018,3,37.39
O301963,P200116,1,187.03
O301963,P200169,3,69.48
O301963,P200217,2,158.57
O301963,P200164,1,122.45
O301964,P200029,3,16.22
O301964,P200094,2,63.29
O301964,P200215,3,121.32
O301964,P200035,2,45.03
O301964,P200007,1,63.64
O301965,P200211,1,135.65
O301965,P200190,2,17.41
O301965,P200024,3,101.98
O301965,P200072,1,45.78
O301966,P200211,1,153.15
O301966,P200099,3,18.37
O301967,P200190,2,15.8
O301967,P200143,2,11.66
O301967,P200202,3,125.55
O301967,P200112,1,105.63
O301968,P200066,1,45.11
O301968,P200241,2,111.73
O301968,P200239,3,47.89
O301968,P200132,3,128.69
O301969,P200192,1,49.2
O301969,P200096,1,22.86
O301970,P200246,3,97.24
O301970,P200069,1,32.82
O301970,P200059,3,27.72
O301970,P200013,3,93.29
O301970,P200055,2,104.87
O301971,P200080,2,32.92
O301971,P200041,2,129.68
O301971,P200182,2,7.75
O301971,P200242,3,86.9
O301972,P200235,1,16.49
O301972,P200026,2,125.39
O301972,P200229,1,34.95
O301973,P200143,1,11.0
O301973,P200045,1,55.67
O301973,P200158,1,151.11
O301973,P200010,3,115.35
O301973,P200093,2,157.72
O301974,P200232,1,104.67
O301975,P200095,3,117.73
O301975,P200096,1,27.11
O301975,P200107,1,36.4
O301975,P200184,1,95.07
O301976,P200206,1,45.53
O301976,P200045,1,46.59
O301976,P200156,1,103.56
O301976,P200180,1,230.26
O301977,P200237,1,104.46
O301978,P200228,3,135.22
O301978,P200068,2,20.9
O301978,P200130,2,110.9
O301979,P200053,2,121.47
O301979,P200056,2,106.41
O301979,P200162,2,137.99
O301980,P200235,2,19.23
O301980,P200018,2,38.93
O301981,P200166,2,18.89
O301981,P200150,1,19.89
O301981,P200051,1,111.63
O301981,P200076,3,70.67
O301981,P200065,3,126.58
O301982,P200034,2,86.75
O301982,P200104,3,88.09
O301982,P200244,2,48.5
O301982,P200049,3,39.62
O301983,P200144,1,88.48
O301983,P200147,2,63.52
O301984,P200214,3,101.03
O301984,P200204,3,622.0
O301984,P200093,3,166.6
O301985,P200189,1,93.75
O301986,P200015,3,145.16
O301987,P200196,3,41.36
O301987,P200242,2,83.94
O301987,P200016,1,397.81
O301987,P200220,2,26.93
O301988,P200086,2,16.38
O301988,P200032,3,570.61
O301988,P200164,2,142.91
O301988,P200203,2,481.16
O301988,P200128,3,53.79
O301989,P200167,1,135.08
O301989,P200005,1,23.47
O301990,P200024,3,103.21
O301990,P200220,1,30.82
O301991,P200249,2,114.47
O301991,P200028,1,83.75
O301991,P200183,3,120.94
O301991,P200225,2,9.86
O301992,P200211,1,143.65
O301992,P200210,1,107.23
O301992,P200034,2,86.16
O301993,P200133,3,25.46
O301994,P200050,2,33.78
O301994,P200233,2,99.06
O301994,P200156,1,103.29
O301994,P200203,3,450.98
O301995,P200177,1,26.49
O301995,P200151,3,144.86
O301996,P200054,1,77.7
O301997,P200172,1,63.9
O301997,P200184,2,116.41
O301997,P200048,2,23.42
O301998,P200168,3,275.53
O301998,P200124,2,256.89
O301998,P200239,1,42.31
O301998,P200045,1,46.98
O301999,P200091,3,63.09
O301999,P200135,3,27.26
O301999,P200107,1,41.21
O302000,P200081,3,617.54
O302000,P200194,2,100.04
O302000,P200154,3,235.77
O302000,P200111,1,44.8
O302001,P200095,1,127.04
O302001,P200157,2,69.95
O302002,P200234,3,13.04
O302002,P200103,3,109.33
O302002,P200208,1,13.6
O302003,P200060,3,68.19
O302003,P200069,2,35.78
O302003,P200107,2,36.86
O302003,P200153,2,28.25
O302004,P200063,1,97.54
O302004,P200117,1,60.25
O302004,P200188,3,48.65
O302005,P200125,1,82.44
O302005,P200172,3,64.95
O302006,P200073,1,173.48
O302006,P200219,2,268.13
O302006,P200127,2,121.37
O302006,P200195,3,29.84
O302006,P200204,2,773.44
O302007,P200072,3,37.72
O302008,P200125,1,86.26
O302008,P200093,2,152.46
O302008,P200083,3,129.49
O302008,P200165,2,17.69
O302008,P200004,2,46.07
O302009,P200223,3,42.09
O302009,P200157,3,58.76
O302009,P200155,3,105.0
O302009,P200111,3,39.45
O302010,P200054,3,76.99
O302011,P200099,3,16.21
O302011,P200048,1,19.81
O302012,P200061,2,71.66
O302012,P200230,3,123.08
O302013,P200185,3,119.96
O302013,P200219,1,248.4
O302013,P200210,3,110.49
O302013,P200066,2,41.9
O302013,P200115,2,40.25
O302014,P200066,2,40.04
O302014,P200231,3,31.64
O302014,P200212,1,70.38
O302015,P200237,2,97.15
O302015,P200182,3,8.13
O302016,P200032,2,526.07
O302016,P200123,1,22.33
O302016,P200027,1,32.81
O302016,P200141,3,116.15
O302016,P200202,3,96.55
O302017,P200182,3,9.37
O302018,P200032,3,508.36
O302018,P200149,2,81.61
O302018,P200072,2,44.66
O302018,P200167,3,136.44
O302018,P200111,2,45.48
O302019,P200173,3,13.46
O302019,P200155,3,124.07
O302019,P200039,2,63.9
O302019,P200182,2,8.77
O302019,P200028,2,90.68
O302020,P200035,2,39.66
O302020,P200004,1,42.71
O302021,P200248,2,4.61
O302022,P200214,2,100.18
O302022,P200106,2,9.39
O302022,P200226,1,96.8
O302022,P200019,1,404.86
O302022,P200175,2,15.64
O302023,P200015,2,121.5
O302023,P200139,3,264.94
O302023,P200180,2,271.29
O302023,P200103,3,126.73
O302023,P200211,2,147.3
O302024,P200147,2,67.02
O302024,P200226,3,112.21
O302025,P200089,2,43.71
O302026,P200177,3,30.29
O302026,P200091,2,66.27
O302027,P200063,3,79.43
O302028,P200126,2,20.6
O302028,P200115,3,43.61
O302028,P200002,2,26.55
O302028,P200058,1,68.55
O302029,P200159,3,20.56
O302029,P200048,1,19.73
O302029,P200212,2,70.0
O302030,P200033,3,30.88
O302030,P200032,2,556.01
O302031,P200044,1,136.27
O302031,P200225,3,8.54
O302031,P200224,3,125.96
O302031,P200116,1,162.12
O302032,P200163,2,76.14
O302032,P200246,2,92.99
O302032,P200092,1,35.75
O302032,P200039,2,69.59
O302033,P200038,1,581.15
O302034,P200130,2,110.35
O302034,P200209,1,61.27
O302034,P200149,1,100.1
O302035,P200079,3,7.79
O302035,P200000,3,119.69
O302035,P200033,2,27.78
O302035,P200013,3,89.96
O302035,P200092,1,39.77
O302036,P200024,1,125.04
O302036,P200086,2,17.69
O302036,P200069,1,36.36
O302036,P200119,1,64.15
O302037,P200100,2,36.11
O302037,P200073,2,141.05
O302037,P200010,3,118.46
O302037,P200235,1,15.81
O302037,P200244,2,49.23
O302038,P200033,3,32.19
O302038,P200102,1,113.06
O302038,P200073,2,166.42
O302038,P200152,3,126.38
O302038,P200145,1,110.81
O302039,P200185,2,133.64
O302040,P200089,3,42.53
O302040,P200074,2,61.84
O302041,P200111,2,43.17
O302041,P200010,3,116.62
O302041,P200245,3,10.21
O302042,P200048,3,20.64
O302042,P200056,2,102.01
O302042,P200222,1,93.27
O302043,P200185,1,131.63
O302043,P200192,2,56.38
O302043,P200030,2,52.23
O302043,P200096,2,24.42
O302044,P200000,3,138.71
O302044,P200166,3,17.23
O302044,P200181,3,83.35
O302044,P200053,2,142.05
O302045,P200003,3,123.37
O302045,P200081,1,598.62
O302045,P200141,3,98.41
O302045,P200219,1,219.87
O302046,P200057,2,155.88
O302047,P200240,3,272.08
O302047,P200186,2,9.55
O302047,P200027,2,26.77
O302047,P200026,2,147.79
O302048,P200066,3,45.26
O302048,P200101,3,9.48
O302048,P200237,2,113.27
O302048,P200091,1,61.81
O302049,P200219,2,253.92
O302049,P200104,1,90.15
O302049,P200002,1,21.67
O302049,P200245,2,10.8
O302050,P200071,3,49.85
O302050,P200047,1,67.17
O302050,P200248,3,5.32
O302051,P200001,1,7.63
O302052,P200217,2,151.23
O302053,P200086,1,18.38
O302053,P200108,1,63.71
O302053,P200176,1,94.47
O302053,P200038,2,487.87
O302054,P200112,2,101.73
O302054,P200078,3,16.77
O302054,P200125,1,88.73
O302054,P200063,3,80.06
O302054,P200012,3,75.43
O302055,P200100,2,32.67
O302055,P200057,1,145.86
O302055,P200046,2,10.12
O302055,P200114,1,134.48
O302055,P200178,2,9.6
O302056,P200210,1,95.8
O302056,P200061,3,81.58
O302056,P200053,1,137.4
O302057,P200031,1,31.22
O302057,P200019,3,351.63
O302057,P200167,1,131.62
O302058,P200065,2,126.11
O302059,P200228,1,112.58
O302059,P200016,2,387.67
O302059,P200076,2,76.38
O302060,P200079,3,6.94
O302061,P200221,2,484.02
O302061,P200056,1,101.51
O302061,P200220,1,28.36
O302061,P200190,2,15.15
O302062,P200229,2,27.91
O302062,P200041,1,133.47
O302062,P200061,3,69.04
O302062,P200036,1,53.32
O302063,P200113,1,56.6
O302064,P200176,3,101.75
O302064,P200200,2,71.36
O302064,P200186,2,10.24
O302064,P200017,1,131.16
O302064,P200244,3,40.02
O302065,P200120,3,60.58
O302065,P200093,2,132.62
O302065,P200063,2,93.46
O302065,P200039,2,65.52
O302066,P200119,2,66.84
O302066,P200137,2,85.91
O302067,P200129,3,121.09
O302067,P200200,2,82.76
O302067,P200097,3,133.16
O302068,P200088,3,117.63
O302069,P200191,3,6.72
O302069,P200014,3,57.75
O302069,P200072,2,37.27
O302069,P200169,2,66.23
O302069,P200090,3,117.89
O302070,P200113,3,62.06
O302071,P200196,2,44.31
O302071,P200070,1,14.37
O302071,P200054,3,87.16
O302071,P200102,3,104.77
O302071,P200024,1,107.57
O302072,P200234,1,12.52
O302072,P200042,2,81.15
O302072,P200116,3,178.75
O302072,P200108,1,55.56
O302073,P200125,2,87.5
O302073,P200103,2,126.82
O302073,P200201,2,115.63
O302073,P200012,1,62.62
O302073,P200032,2,514.38
O302074,P200032,3,566.73
O302074,P200175,3,15.25
O302075,P200084,3,70.78
O302075,P200004,2,44.22
O302075,P200241,3,102.53
O302075,P200185,3,112.15
O302075,P200161,2,69.16
O302076,P200063,3,91.25
O302076,P200111,2,34.95
O302076,P200224,1,125.98
O302077,P200056,3,91.19
O302077,P200132,1,124.89
O302078,P200116,1,170.96
O302078,P200248,1,5.45
O302079,P200214,3,102.98
O302079,P200243,1,68.84
O302079,P200242,1,97.71
O302079,P200238,2,34.51
O302079,P200184,2,101.76
O302080,P200184,2,104.64
O302080,P200235,3,16.63
O302080,P200219,1,226.16
O302081,P200244,3,44.86
O302081,P200196,3,41.49
O302081,P200118,2,50.92
O302082,P200060,3,72.64
O302082,P200154,2,287.71
O302082,P200237,3,93.81
O302082,P200214,2,94.65
O302083,P200121,2,39.13
O302083,P200195,2,30.59
O302083,P200175,3,13.4
O302084,P200203,2,458.97
O302084,P200054,2,96.59
O302084,P200216,1,119.31
O302085,P200235,2,15.05
O302085,P200035,1,39.7
O302086,P200025,1,66.32
O302087,P200096,2,22.67
O302087,P200119,2,72.8
O302087,P200109,2,22.87
O302087,P200080,1,31.15
O302087,P200051,1,123.93
O302088,P200225,1,9.19
O302088,P200199,2,237.53
O302088,P200122,3,67.09
O302089,P200090,3,129.31
O302089,P200029,1,19.61
O302089,P200146,1,13.87
O302089,P200131,3,262.52
O302089,P200207,2,33.06
O302090,P200038,3,479.64
O302090,P200054,1,74.78
O302090,P200000,1,142.24
O302091,P200059,1,28.01
O302091,P200238,2,34.7
O302091,P200245,1,10.91
O302092,P200177,1,27.73
O302092,P200069,2,34.97
O302092,P200228,3,121.43
O302093,P200186,3,9.98
O302093,P200195,2,29.71
O302093,P200001,3,6.49
O302093,P200151,2,142.97
O302093,P200197,1,509.83
O302094,P200100,2,28.66
O302095,P200015,2,124.49
O302095,P200028,3,84.53
O302095,P200241,2,111.8
O302096,P200063,1,90.25
O302097,P200134,3,109.79
O302097,P200048,2,19.52
O302097,P200225,2,9.8
O302097,P200177,1,24.47
O302097,P200033,2,31.06
O302098,P200015,1,118.04
O302098,P200088,3,107.56
O302098,P200010,1,128.77
O302099,P200006,1,168.93
O302099,P200230,3,106.42
O302099,P200123,3,25.48
O302099,P200153,2,29.92
O302099,P200248,3,5.71
O302100,P200113,2,60.67
O302100,P200102,2,111.55
O302101,P200037,1,48.63
O302102,P200062,3,27.69
O302102,P200041,3,112.62
O302102,P200174,3,140.27
O302102,P200215,1,108.34
O302103,P200039,1,62.43
O302104,P200039,2,61.76
O302104,P200195,1,27.56
O302105,P200066,2,39.33
O302105,P200145,1,100.6
O302106,P200182,3,8.45
O302106,P200077,3,48.97
O302107,P200060,1,73.96
O302108,P200192,2,53.91
O302108,P200008,3,23.33
O302108,P200179,2,98.55
O302108,P200087,1,103.22
O302109,P200118,3,49.5
O302109,P200244,2,45.71
O302109,P200111,2,37.73
O302109,P200065,2,119.49
O302110,P200053,1,116.1
O302110,P200133,1,22.28
O302111,P200247,3,18.56
O302111,P200147,2,65.51
O302112,P200135,1,24.0
O302113,P200146,2,13.44
O302113,P200093,3,131.93
O302113,P200045,2,56.73
O302113,P200195,1,28.06
O302114,P200209,2,57.24
O302114,P200219,1,271.92
O302114,P200130,2,112.89
O302114,P200183,3,142.38
O302114,P200164,1,141.04
O302115,P200124,3,271.79
O302115,P200058,2,74.32
O302115,P200206,3,36.79
O302116,P200234,3,14.23
O302116,P200205,3,135.98
O302116,P200176,1,91.07
O302117,P200010,3,134.53
O302117,P200217,2,145.69
O302117,P200084,3,64.06
O302117,P200183,3,129.22
O302118,P200222,3,95.43
O302118,P200030,2,52.55
O302118,P200068,2,21.2
O302118,P200036,2,56.5
O302118,P200151,2,129.8
O302119,P200172,3,65.01
O302119,P200165,3,15.09
O302119,P200010,1,137.24
O302119,P200011,2,43.19
O302119,P200136,1,171.24
O302120,P200133,3,22.32
O302121,P200198,1,306.77
O302121,P200131,3,233.75
O302121,P200121,3,41.67
O302122,P200085,2,24.29
O302122,P200249,1,104.51
O302122,P200235,1,16.86
O302122,P200165,1,17.41
O302122,P200068,1,20.18
O302123,P200012,2,79.92
O302123,P200095,2,114.73
O302123,P200022,3,63.74
O302123,P200203,1,460.8
O302124,P200034,2,86.92
O302124,P200020,1,112.89
O302124,P200216,2,106.6
O302124,P200102,3,116.63
O302124,P200226,1,105.3
O302125,P200016,3,384.33
O302125,P200210,1,110.7
O302125,P200107,1,36.62
O302125,P200240,3,264.71
O302125,P200200,1,70.4
O302126,P200015,1,136.11
O302127,P200055,2,92.16
O302127,P200104,1,74.21
O302127,P200153,3,26.74
O302127,P200208,3,13.15
O302128,P200167,3,142.77
O302128,P200039,1,75.03
O302128,P200171,1,78.36
O302129,P200123,3,23.42
O302129,P200222,3,108.49
O302130,P200152,1,108.4
O302130,P200120,1,63.75
O302130,P200213,3,18.16
O302130,P200012,3,76.66
O302131,P200199,1,268.49
O302132,P200086,2,16.29
O302132,P200114,2,112.04
O302132,P200192,2,58.18
O302133,P200061,1,86.26
O302133,P200155,2,123.85
O302133,P200032,1,533.31
O302134,P200149,1,90.86
O302134,P200002,1,23.06
O302135,P200066,1,41.21
O302135,P200078,3,18.27
O302135,P200028,3,99.71
O302135,P200208,1,13.79
O302136,P200125,1,81.69
O302136,P200085,1,29.29
O302136,P200092,2,34.96
O302136,P200053,3,145.36
O302136,P200234,3,11.97
O302137,P200185,1,116.98
O302137,P200086,3,19.06
O302137,P200198,1,292.84
O302137,P200100,1,28.19
O302137,P200163,2,65.08
O302138,P200182,3,8.17
O302138,P200120,2,66.43
O302138,P200235,2,17.71
O302138,P200098,1,115.77
O302139,P200081,3,604.15
O302139,P200226,2,114.4
O302140,P200118,1,46.74
O302140,P200122,3,77.99
O302140,P200061,3,82.29
O302140,P200227,1,34.64
O302140,P200150,1,18.96
O302141,P200027,3,31.82
O302141,P200065,1,119.43
O302141,P200127,2,121.56
O302141,P200246,3,109.02
O302141,P200134,1,90.9
O302142,P200134,3,103.95
O302142,P200010,1,126.25
O302142,P200087,1,115.09
O302142,P200196,1,40.5
O302142,P200202,1,125.18
O302143,P200057,2,120.46
O302143,P200170,3,52.1
O302143,P200029,2,16.29
O302143,P200066,2,39.16
O302143,P200141,1,98.96
O302144,P200138,1,38.14
O302144,P200071,3,52.68
O302144,P200198,3,261.63
O302144,P200053,3,136.84
O302144,P200120,3,67.23
O302145,P200132,2,129.61
O302145,P200228,3,121.01
O302145,P200115,1,41.7
O302145,P200133,2,24.9
O302146,P200162,3,116.25
O302146,P200215,3,106.05
O302146,P200197,1,417.56
O302146,P200169,2,63.82
O302147,P200091,2,71.3
O302147,P200154,2,225.05
O302147,P200040,3,54.01
O302147,P200010,2,133.13
O302148,P200083,1,146.44
O302148,P200164,3,125.41
O302148,P200070,1,14.8
O302148,P200236,3,44.11
O302149,P200072,2,40.14
O302149,P200028,1,89.54
O302150,P200040,2,46.99
O302150,P200027,1,27.16
O302150,P200035,3,42.46
O302150,P200113,2,59.39
O302150,P200051,1,117.99
O302151,P200050,3,34.32
O302151,P200024,1,99.71
O302151,P200068,1,19.65
O302151,P200117,3,62.13
O302152,P200110,3,99.0
O302152,P200166,3,19.28
O302152,P200142,3,105.54
O302152,P200131,1,234.0
O302153,P200246,3,108.04
O302153,P200079,1,6.99
O302153,P200009,3,10.27
O302153,P200188,2,60.56
O302154,P200035,2,34.92
O302155,P200151,3,123.01
O302155,P200217,2,148.82
O302155,P200138,1,36.3
O302155,P200007,2,70.85
O302155,P200028,2,99.5
O302156,P200103,1,118.08
O302156,P200095,3,130.33
O302156,P200174,3,110.27
O302157,P200150,3,20.47
O302157,P200215,2,110.28
O302157,P200059,3,23.95
O302157,P200149,3,92.44
O302157,P200246,1,107.88
O302158,P200011,3,40.32
O302159,P200018,3,40.2
O302159,P200175,2,17.11
O302160,P200186,2,11.63
O302160,P200159,1,19.58
O302160,P200080,1,29.24
O302160,P200128,3,59.81
O302160,P200105,1,119.84
O302161,P200240,3,261.4
O302161,P200194,1,125.01
O302161,P200003,2,119.19
O302161,P200224,2,105.09
O302162,P200061,1,83.4
O302162,P200072,1,40.08
O302162,P200029,3,18.05
O302162,P200102,2,108.0
O302163,P200099,3,19.0
O302163,P200136,2,165.83
O302163,P200075,3,58.33
O302164,P200077,1,46.74
O302164,P200192,2,59.49
O302164,P200091,3,66.45
O302165,P200225,1,8.8
O302165,P200076,3,69.49
O302165,P200167,2,124.12
O302166,P200152,2,131.68
O302167,P200044,3,139.82
O302167,P200019,2,424.8
O302167,P200143,1,12.75
O302168,P200199,2,265.43
O302168,P200246,3,106.83
O302168,P200136,1,145.31
O302169,P200018,2,35.24
O302169,P200076,1,67.65
O302170,P200153,3,27.98
O302170,P200134,1,114.77
O302171,P200156,1,110.6
O302171,P200061,1,79.52
O302171,P200032,2,454.55
O302171,P200137,1,77.57
O302172,P200108,2,57.38
O302172,P200068,1,18.55
O302172,P200172,1,53.13
O302172,P200038,2,604.83
O302173,P200138,1,40.73
O302173,P200087,1,94.34
O302173,P200009,3,11.81
O302174,P200179,1,95.18
O302174,P200122,1,65.43
O302174,P200101,1,10.28
O302174,P200212,3,71.25
O302175,P200028,3,79.57
O302175,P200090,3,121.85
O302176,P200075,1,62.49
O302176,P200129,1,121.73
O302176,P200194,3,100.32
O302177,P200197,2,484.18
O302177,P200042,1,84.08
O302177,P200017,3,135.91
O302178,P200127,1,119.84
O302178,P200215,2,126.43
O302179,P200088,1,103.04
O302180,P200056,3,89.64
O302180,P200119,3,64.97
O302180,P200085,3,24.4
O302181,P200189,3,96.24
O302181,P200016,3,402.78
O302181,P200094,3,66.58
O302181,P200116,2,169.26
O302181,P200124,1,242.81
O302182,P200231,3,28.26
O302182,P200062,1,25.64
O302182,P200047,2,79.11
O302183,P200078,2,15.95
O302183,P200135,1,25.07
O302183,P200121,1,40.11
O302183,P200209,1,64.51
O302183,P200030,3,63.61
O302184,P200053,2,129.9
O302184,P200002,1,22.34
O302184,P200046,3,8.89
O302184,P200056,3,97.43
O302184,P200052,1,120.01
O302185,P200183,3,138.82
O302185,P200172,2,60.66
O302185,P200135,2,27.6
O302185,P200093,2,159.24
O302186,P200027,1,30.43
O302186,P200121,3,40.27
O302186,P200191,3,7.19
O302186,P200017,3,143.79
O302186,P200223,3,35.76
O302187,P200249,1,115.29
O302187,P200179,3,84.98
O302187,P200141,3,117.82
O302188,P200123,2,24.32
O302188,P200146,2,14.98
O302188,P200217,2,144.91
O302188,P200145,3,129.36
O302189,P200088,2,116.54
O302190,P200132,1,120.0
O302190,P200069,2,39.71
O302191,P200001,3,6.76
O302191,P200114,1,122.78
O302191,P200131,1,299.75
O302192,P200036,3,52.51
O302193,P200245,2,10.26
O302193,P200204,3,704.1
O302193,P200236,1,43.63
O302193,P200054,1,89.91
O302194,P200150,1,23.11
O302194,P200134,1,92.43
O302194,P200112,2,117.8
O302194,P200086,1,16.13
O302194,P200201,2,114.85
O302195,P200077,3,52.55
O302196,P200041,2,115.34
O302196,P200038,1,466.58
O302196,P200095,1,133.33
O302196,P200096,2,24.94
O302196,P200067,2,5.78
O302197,P200222,3,98.33
O302198,P200230,1,112.65
O302199,P200220,1,34.46
O302199,P200239,1,46.56
O302199,P200114,2,106.69
O302199,P200104,2,91.0
O302200,P200116,2,153.65
O302200,P200138,1,38.85
O302200,P200085,3,25.1
O302200,P200160,3,47.89
O302201,P200230,3,131.77
O302201,P200182,1,8.09
O302201,P200036,1,51.69
O302201,P200150,2,19.53
O302201,P200059,1,25.41
O302202,P200029,2,15.54
O302202,P200035,2,36.21
O302202,P200215,1,100.55
O302203,P200207,1,42.59
O302203,P200146,2,14.78
O302203,P200093,1,137.09
O302204,P200174,2,126.79
O302205,P200230,3,131.06
O302205,P200026,3,149.29
O302205,P200167,3,122.73
O302205,P200173,2,13.04
O302206,P200164,1,115.44
O302206,P200132,3,122.6
O302206,P200003,2,130.54
O302206,P200018,3,41.92
O302206,P200102,2,111.82
O302207,P200221,1,477.95
O302207,P200249,1,89.34
O302207,P200214,3,98.33
O302208,P200097,1,156.11
O302208,P200092,1,41.21
O302208,P200135,2,29.23
O302208,P200235,2,18.27
O302208,P200152,1,115.71
O302209,P200117,1,62.11
O302209,P200222,3,98.51
O302210,P200048,3,19.03
O302210,P200106,2,8.5
O302210,P200053,3,123.37
O302210,P200137,3,79.33
O302210,P200030,3,59.12
O302211,P200134,2,94.02
O302211,P200216,3,113.76
O302211,P200019,3,428.42
O302212,P200240,3,287.3
O302213,P200042,3,89.35
O302213,P200112,3,102.13
O302214,P200138,1,38.7
O302214,P200024,3,108.03
O302214,P200246,3,90.69
O302215,P200077,2,49.68
O302216,P200207,3,37.15
O302216,P200024,3,112.66
O302216,P200154,3,242.9
O302216,P200186,2,9.33
O302216,P200194,3,122.21
O302217,P200059,3,24.69
O302217,P200221,2,503.07
O302218,P200155,3,101.27
O302218,P200120,3,65.4
O302218,P200127,1,116.41
O302218,P200238,1,29.17
O302219,P200140,1,17.8
O302219,P200122,2,66.17
O302219,P200108,1,66.66
O302219,P200240,2,244.32
O302219,P200189,1,104.7
O302220,P200223,1,42.02
O302220,P200088,2,107.75
O302220,P200197,2,410.88
O302221,P200144,3,90.13
O302221,P200214,3,94.33
O302221,P200040,3,54.0
O302221,P200130,2,98.1
O302222,P200042,1,87.83
O302222,P200210,3,105.29
O302222,P200067,3,6.44
O302223,P200211,1,148.45
O302223,P200108,3,67.93
O302223,P200056,1,107.45
O302223,P200074,1,51.37
O302224,P200011,2,41.91
O302225,P200143,1,12.45
O302225,P200128,1,59.03
O302226,P200059,1,27.9
O302226,P200046,1,10.49
O302226,P200158,2,141.62
O302226,P200186,1,11.4
O302227,P200226,3,107.62
O302228,P200249,2,114.15
O302228,P200247,1,15.23
O302228,P200076,3,71.09
O302228,P200109,2,21.57
O302228,P200020,3,115.87
O302229,P200024,2,98.68
O302229,P200143,2,11.66
O302229,P200069,1,33.07
O302229,P200145,1,110.51
O302230,P200026,3,122.93
O302231,P200167,3,134.6
O302232,P200236,2,46.31
O302233,P200200,1,85.5
O302233,P200215,3,113.99
O302233,P200172,3,61.23
O302233,P200050,1,32.33
O302234,P200135,2,29.61
O302234,P200224,3,131.04
O302234,P200217,3,135.05
O302235,P200000,2,155.59
O302235,P200065,2,121.24
O302235,P200107,1,40.37
O302236,P200041,1,111.18
O302236,P200047,1,69.58
O302236,P200128,3,49.21
O302237,P200083,1,112.53
O302237,P200204,2,628.98
O302237,P200215,1,118.28
O302238,P200194,1,106.2
O302238,P200235,3,18.88
O302239,P200126,1,21.4
O302240,P200118,1,43.35
O302241,P200197,1,529.66
O302241,P200054,2,77.63
O302241,P200212,1,74.41
O302241,P200239,2,46.83
O302242,P200005,1,27.08
O302242,P200112,2,122.98
O302242,P200104,2,94.35
O302242,P200070,2,17.86
O302243,P200000,1,140.32
O302243,P200215,1,102.47
O302244,P200225,3,8.37
O302244,P200021,1,68.04
O302245,P200151,3,113.22
O302245,P200235,2,19.22
O302245,P200063,2,81.67
O302246,P200198,1,328.97
O302246,P200120,2,67.84
O302246,P200086,1,18.27
O302246,P200228,2,104.3
O302247,P200113,3,53.49
O302247,P200192,1,51.28
O302247,P200234,3,14.18
O302248,P200034,1,89.69
O302248,P200188,3,58.39
O302248,P200091,3,60.33
O302249,P200204,1,664.68
O302250,P200216,1,102.31
O302250,P200136,1,155.27
O302250,P200052,2,108.07
O302251,P200001,1,7.56
O302251,P200070,2,15.08
O302251,P200077,3,46.24
O302251,P200058,2,71.8
O302252,P200043,2,29.96
O302252,P200173,2,13.92
O302252,P200234,3,13.48
O302253,P200227,1,30.19
O302253,P200172,1,56.14
O302253,P200117,3,69.48
O302253,P200070,1,14.32
O302253,P200179,1,83.27
O302254,P200091,1,56.71
O302254,P200135,3,27.58
O302254,P200119,2,76.81
O302254,P200050,1,33.84
O302255,P200062,1,28.89
O302255,P200021,1,65.63
O302255,P200145,1,113.21
O302255,P200242,2,83.99
O302255,P200018,2,43.04
O302256,P200177,1,28.93
O302256,P200087,2,100.36
O302256,P200164,3,139.88
O302257,P200221,1,402.82
O302257,P200062,2,32.04
O302257,P200018,3,39.22
O302258,P200109,3,23.18
O302258,P200209,3,67.53
O302258,P200193,2,37.16
O302259,P200223,1,44.38
O302259,P200191,3,6.8
O302260,P200031,1,28.34
O302260,P200058,2,76.87
O302260,P200242,3,77.02
O302261,P200153,3,28.8
O302262,P200160,3,45.02
O302262,P200142,2,91.2
O302262,P200122,3,71.86
O302263,P200028,2,92.13
O302264,P200067,1,6.49
O302264,P200195,1,32.81
O302264,P200105,3,134.33
O302265,P200150,2,17.95
O302265,P200002,2,25.83
O302265,P200008,1,20.0
O302265,P200110,2,82.17
O302265,P200058,1,64.8
O302266,P200159,2,17.48
O302266,P200187,1,248.7
O302266,P200192,1,55.34
O302267,P200188,1,61.05
O302267,P200182,3,7.47
O302267,P200150,2,19.51
O302267,P200153,3,29.4
O302268,P200009,2,12.75
O302268,P200189,1,112.88
O302268,P200001,3,6.74
O302269,P200025,3,78.99
O302269,P200161,1,59.47
O302269,P200241,1,104.42
O302269,P200197,3,450.29
O302269,P200070,1,17.54
O302270,P200130,2,102.1
O302270,P200005,3,21.45
O302271,P200177,2,30.05
O302271,P200053,2,135.18
O302271,P200045,3,52.6
O302271,P200038,2,508.61
O302271,P200126,1,24.21
O302272,P200086,2,17.89
O302272,P200006,2,179.19
O302272,P200108,3,64.73
O302272,P200142,1,113.24
O302273,P200045,1,48.09
O302273,P200102,1,99.69
O302273,P200034,1,94.58
O302273,P200117,1,66.02
O302273,P200209,2,54.24
O302274,P200030,2,54.56
O302275,P200132,3,117.54
O302275,P200158,2,138.5
O302275,P200194,2,121.76
O302275,P200100,3,35.46
O302275,P200026,3,139.23
O302276,P200099,3,18.8
O302276,P200168,3,290.37
O302276,P200143,2,13.24
O302276,P200016,1,397.63
O302276,P200082,2,124.57
O302277,P200008,1,23.4
O302277,P200143,3,14.02
O302278,P200064,3,6.92
O302278,P200163,1,69.8
O302278,P200179,1,101.29
O302278,P200004,1,51.03
O302279,P200219,3,260.98
O302279,P200022,2,58.65
O302279,P200210,2,85.85
O302280,P200084,1,74.98
O302281,P200203,3,397.63
O302281,P200068,1,18.03
O302281,P200211,3,119.59
O302282,P200225,2,9.79
O302282,P200128,2,50.28
O302282,P200021,3,61.28
O302282,P200067,1,6.39
O302283,P200227,2,30.85
O302283,P200022,1,52.47
O302284,P200034,3,96.54
O302284,P200029,2,18.16
O302285,P200071,1,41.03
O302285,P200013,3,92.08
O302285,P200150,1,20.03
O302286,P200063,1,88.56
O302286,P200219,1,234.34
O302286,P200183,3,135.96
O302286,P200189,1,113.88
O302286,P200057,1,155.52
O302287,P200018,1,36.21
O302288,P200023,1,111.22
O302288,P200009,2,10.06
O302288,P200116,2,180.29
O302288,P200248,3,5.12
O302288,P200161,3,60.41
O302289,P200219,2,226.04
O302289,P200076,2,72.29
O302289,P200168,3,257.1
O302289,P200130,3,116.96
O302289,P200172,2,64.58
O302290,P200045,1,55.99
O302290,P200175,3,15.86
O302290,P200171,3,79.44
O302290,P200033,2,27.82
O302290,P200140,3,19.01
O302291,P200009,2,12.27
O302292,P200112,1,111.87
O302292,P200140,2,19.95
O302292,P200043,1,29.69
O302293,P200120,2,65.18
O302293,P200094,2,68.6
O302294,P200169,2,69.61
O302294,P200152,1,111.72
O302294,P200038,2,477.7
O302294,P200145,3,110.72
O302294,P200106,2,7.68
O302295,P200025,2,79.62
O302295,P200125,2,71.48
O302295,P200182,3,9.17
O302295,P200016,3,371.86
O302296,P200100,1,33.42
O302296,P200115,1,43.97
O302296,P200099,3,19.37
O302296,P200030,1,56.35
O302297,P200134,2,103.18
O302298,P200139,3,265.83
O302298,P200191,2,6.63
O302298,P200109,1,21.39
O302298,P200038,2,555.11
O302298,P200145,3,112.4
O302299,P200042,2,77.2
O302299,P200141,1,98.98
O302299,P200204,1,698.82
O302300,P200206,2,47.84
O302301,P200112,3,117.95
O302301,P200126,2,20.08
O302301,P200211,1,154.26
O302301,P200151,1,145.04
O302301,P200045,2,51.45
O302302,P200235,1,17.49
O302302,P200135,2,26.32
O302302,P200118,3,54.47
O302302,P200190,1,15.8
O302302,P200029,3,18.61
O302303,P200146,2,15.51
O302303,P200074,1,57.63
O302303,P200170,2,45.7
O302304,P200121,3,38.7
O302304,P200113,1,57.88
O302304,P200122,1,65.0
O302304,P200079,2,7.23
O302305,P200075,3,63.12
O302305,P200190,1,17.95
O302305,P200221,1,410.36
O302305,P200202,1,104.16
O302306,P200025,2,80.23
O302306,P200234,2,13.63
O302307,P200194,3,118.66
O302307,P200246,2,103.02
O302307,P200142,1,101.08
O302307,P200015,1,140.28
O302308,P200151,1,141.02
O302308,P200245,3,10.28
O302308,P200200,3,84.59
O302308,P200246,1,94.76
O302308,P200225,2,10.26
O302309,P200013,3,78.7
O302309,P200126,2,21.74
O302309,P200064,3,6.25
O302309,P200077,2,51.77
O302309,P200202,3,103.11
O302310,P200020,2,107.79
O302310,P200215,2,110.94
O302310,P200005,3,23.25
O302310,P200018,1,39.12
O302311,P200031,2,29.93
O302311,P200230,1,136.96
O302312,P200056,1,100.33
O302312,P200068,2,20.83
O302312,P200190,3,17.47
O302312,P200153,1,28.58
O302312,P200162,3,128.14
O302313,P200174,3,118.82
O302313,P200108,1,62.34
O302313,P200061,1,68.88
O302313,P200247,3,17.93
O302313,P200154,2,277.28
O302314,P200057,3,149.6
O302315,P200038,2,517.7
O302315,P200151,2,138.99
O302316,P200143,1,13.34
O302316,P200123,1,26.03
O302316,P200013,1,96.26
O302317,P200016,2,344.59
O302317,P200144,1,87.7
O302317,P200196,2,40.66
O302318,P200071,1,41.33
O302318,P200195,2,28.16
O302318,P200242,1,98.11
O302318,P200156,1,89.36
O302319,P200029,2,19.62
O302319,P200196,1,42.84
O302319,P200222,1,98.71
O302320,P200035,2,39.81
O302321,P200021,1,58.78
O302322,P200068,1,19.66
O302322,P200199,3,271.09
O302322,P200084,1,74.37
O302322,P200086,2,15.92
O302323,P200185,1,135.43
O302323,P200206,2,40.92
O302323,P200211,3,148.03
O302323,P200132,1,122.94
O302324,P200173,1,13.8
O302324,P200193,2,39.25
O302324,P200053,1,137.45
O302324,P200049,2,36.57
O302325,P200008,3,20.51
O302325,P200162,3,125.63
O302325,P200052,1,99.98
O302326,P200142,3,109.38
O302326,P200181,2,80.1
O302327,P200083,2,128.53
O302327,P200031,1,35.15
O302328,P200053,1,138.94
O302328,P200203,1,395.25
O302328,P200134,3,95.04
O302328,P200199,3,289.01
O302329,P200019,3,395.6
O302329,P200159,1,16.72
O302329,P200237,1,101.35
O302330,P200115,2,41.86
O302331,P200069,1,37.04
O302331,P200095,1,141.33
O302332,P200248,3,5.6
O302332,P200031,3,33.76
O302332,P200201,3,93.91
O302332,P200179,1,82.5
O302332,P200078,2,14.55
O302333,P200177,3,28.49
O302333,P200066,2,35.34
O302333,P200133,2,22.44
O302334,P200225,1,9.8
O302334,P200218,2,115.26
O302334,P200183,2,124.48
O302334,P200077,1,52.28
O302334,P200006,2,171.58
O302335,P200082,2,133.82
O302335,P200226,3,100.22
O302335,P200184,3,91.43
O302336,P200184,2,114.41
O302336,P200057,3,145.25
O302336,P200011,3,44.91
O302337,P200080,3,28.37
O302337,P200038,3,482.34
O302337,P200232,1,106.69
O302337,P200075,1,56.7
O302337,P200100,2,33.45
O302338,P200018,3,40.43
O302338,P200129,1,130.19
O302338,P200058,3,60.77
O302339,P200073,2,178.13
O302340,P200042,1,87.99
O302340,P200063,1,89.01
O302340,P200117,1,63.89
O302341,P200221,1,407.3
O302341,P200048,2,20.54
O302341,P200007,1,60.57
O302341,P200139,1,246.51
O302342,P200143,2,11.19
O302342,P200028,3,93.4
O302343,P200240,3,241.05
O302343,P200126,3,20.0
O302343,P200180,3,252.31
O302344,P200196,2,35.49
O302344,P200227,3,31.56
O302344,P200169,2,72.19
O302344,P200108,3,64.45
O302344,P200165,2,16.86
O302345,P200115,3,43.2
O302345,P200053,1,121.77
O302345,P200169,3,60.12
O302346,P200157,3,64.6
O302346,P200196,1,37.97
O302347,P200089,2,36.48
O302348,P200010,3,122.43
O302348,P200227,3,32.69
O302348,P200171,3,98.03
O302349,P200030,2,53.39
O302349,P200186,2,9.44
O302349,P200120,2,55.34
O302349,P200059,3,29.14
O302350,P200018,1,39.74
O302350,P200058,3,73.98
O302351,P200038,1,570.19
O302351,P200198,3,274.39
O302351,P200016,3,420.53
O302352,P200102,3,97.16
O302352,P200165,3,15.48
O302352,P200113,2,57.71
O302352,P200239,2,43.91
O302353,P200112,2,106.23
O302353,P200160,1,46.88
O302353,P200065,3,127.71
O302353,P200234,2,13.41
O302353,P200092,2,37.23
O302354,P200016,1,355.88
O302354,P200180,2,278.67
O302354,P200193,3,39.27
O302354,P200107,1,41.79
O302354,P200102,2,121.53
O302355,P200146,1,11.91
O302355,P200101,2,8.43
O302356,P200223,3,44.54
O302357,P200007,1,61.47
O302357,P200123,3,25.38
O302357,P200233,1,87.23
O302357,P200093,2,165.24
O302358,P200198,1,287.32
O302358,P200098,3,104.95
O302359,P200018,2,39.91
O302359,P200146,3,13.43
O302360,P200196,2,38.16
O302361,P200227,1,34.12
O302361,P200135,3,28.85
O302361,P200149,2,81.26
O302361,P200018,3,41.0
O302362,P200140,1,19.58
O302363,P200009,1,13.08
O302363,P200095,3,144.64
O302364,P200030,2,50.05
O302364,P200169,2,69.53
O302364,P200091,3,63.21
O302365,P200119,1,64.06
O302366,P200222,2,100.93
O302366,P200226,2,110.68
O302366,P200070,2,16.46
O302366,P200177,1,30.73
O302367,P200049,3,38.81
O302367,P200177,1,27.27
O302367,P200086,1,16.54
O302367,P200220,1,33.62
O302368,P200094,3,68.19
O302368,P200185,2,135.69
O302368,P200169,1,60.94
O302369,P200209,1,60.91
O302370,P200058,3,66.34
O302371,P200199,1,279.12
O302372,P200083,1,119.0
O302372,P200003,3,112.0
O302372,P200033,2,25.57
O302372,P200030,2,58.25
O302373,P200115,2,40.32
O302373,P200009,1,10.13
O302373,P200149,1,97.16
O302373,P200014,2,55.24
O302374,P200247,1,17.45
O302374,P200120,1,58.82
O302374,P200236,1,46.99
O302374,P200212,1,67.44
O302375,P200147,1,67.18
O302375,P200097,3,128.87
O302375,P200197,3,482.44
O302375,P200041,1,119.1
O302375,P200228,3,135.53
O302376,P200232,3,96.68
O302376,P200048,1,19.21
O302377,P200064,3,6.34
O302378,P200145,2,117.59
O302378,P200223,1,35.01
O302379,P200150,1,17.99
O302379,P200198,3,340.1
O302379,P200209,1,57.77
O302379,P200232,2,105.18
O302380,P200029,1,18.44
O302380,P200231,1,32.8
O302380,P200123,2,26.38
O302380,P200059,3,26.48
O302381,P200011,2,35.86
O302381,P200056,3,108.85
O302381,P200221,2,474.66
O302382,P200064,2,7.01
O302383,P200162,2,119.82
O302383,P200154,1,273.91
O302383,P200142,3,101.8
O302383,P200024,2,102.97
O302384,P200208,2,11.74
O302384,P200229,3,35.34
O302384,P200091,2,62.96
O302384,P200193,3,39.28
O302384,P200228,2,116.09
O302385,P200221,1,426.77
O302385,P200201,1,111.72
O302386,P200023,3,132.74
O302386,P200175,3,14.25
O302386,P200232,3,88.73
O302386,P200208,2,11.23
O302386,P200213,1,15.23
O302387,P200008,2,23.38
O302387,P200116,2,158.31
O302387,P200127,3,100.66
O302387,P200239,2,46.17
O302388,P200192,1,48.78
O302388,P200195,2,26.92
O302388,P200233,1,106.48
O302388,P200051,3,123.2
O302388,P200206,2,46.06
O302389,P200151,2,128.88
O302389,P200015,3,124.94
O302389,P200126,1,20.59
O302389,P200047,1,74.83
O302390,P200045,1,52.48
O302391,P200090,1,134.59
O302391,P200196,2,36.02
O302391,P200095,1,126.76
O302391,P200119,2,68.6
O302392,P200246,1,110.74
O302393,P200142,2,107.19
O302393,P200221,2,412.11
O302394,P200009,1,12.76
O302394,P200196,3,44.53
O302394,P200071,3,42.66
O302394,P200212,2,64.33
O302394,P200192,1,46.85
O302395,P200187,2,252.62
O302395,P200242,3,86.42
O302395,P200034,2,106.48
O302395,P200227,1,36.28
O302395,P200249,3,89.58
O302396,P200087,2,120.0
O302396,P200030,2,52.04
O302396,P200102,1,119.4
O302397,P200126,2,24.13
O302397,P200029,2,18.77
O302398,P200240,1,278.87
O302398,P200181,2,95.31
O302399,P200003,1,112.68
O302399,P200143,1,12.37
O302400,P200124,2,263.09
O302400,P200024,2,118.88
O302400,P200019,2,407.6
O302401,P200109,1,18.77
O302401,P200032,1,524.93
O302401,P200093,2,152.44
O302402,P200042,3,85.33
O302403,P200015,2,121.89
O302403,P200197,2,463.15
O302403,P200227,3,37.73
O302403,P200226,1,105.81
O302404,P200128,3,52.54
O302404,P200081,2,489.44
O302404,P200196,3,34.73
O302404,P200136,3,165.35
O302405,P200034,3,83.23
O302405,P200008,1,20.86
O302405,P200005,3,21.9
O302405,P200222,1,117.5
O302406,P200081,2,535.15
O302406,P200085,3,29.78
O302406,P200036,1,50.93
O302406,P200077,3,51.0
O302406,P200171,1,95.53
O302407,P200117,2,55.02
O302407,P200008,1,23.37
O302407,P200113,3,54.5
O302407,P200180,2,255.65
O302408,P200221,2,475.71
O302408,P200045,2,44.68
O302408,P200020,1,114.53
O302408,P200166,2,21.16
O302409,P200185,2,125.01
O302409,P200107,3,40.15
O302410,P200229,1,34.79
O302410,P200217,3,133.73
O302410,P200207,1,37.81
O302411,P200132,3,111.51
O302411,P200121,1,36.76
O302411,P200199,2,244.61
O302412,P200028,2,92.73
O302412,P200093,1,170.22
O302412,P200099,1,15.38
O302412,P200020,2,132.5
O302412,P200021,1,71.48
O302413,P200127,2,118.64
O302413,P200069,3,35.86
O302413,P200163,2,77.07
O302414,P200218,2,93.26
O302414,P200183,2,137.5
O302414,P200229,3,31.54
O302414,P200180,1,275.1
O302415,P200155,3,102.39
O302415,P200045,1,54.96
O302415,P200028,1,90.11
O302416,P200095,3,114.68
O302417,P200238,2,27.23
O302417,P200178,3,9.0
O302417,P200022,3,58.66
O302417,P200086,3,17.21
O302417,P200222,3,100.82
O302418,P200108,2,60.62
O302418,P200191,3,7.82
O302418,P200058,2,66.26
O302418,P200248,1,5.16
O302419,P200045,1,52.66
O302419,P200153,2,28.45
O302420,P200211,3,131.79
O302421,P200175,3,14.46
O302421,P200208,2,14.0
O302421,P200186,1,10.5
O302421,P200004,1,48.2
O302421,P200139,3,238.78
O302422,P200021,3,62.13
O302422,P200091,3,59.91
O302423,P200026,3,151.0
O302424,P200172,1,59.65
O302424,P200241,1,104.25
O302424,P200156,1,105.05
O302424,P200094,1,70.31
O302425,P200126,2,21.41
O302426,P200035,3,36.4
O302426,P200128,1,52.44
O302427,P200123,3,26.07
O302427,P200109,1,18.83
O302427,P200194,1,117.18
O302427,P200014,2,53.29
O302427,P200245,1,9.79
O302428,P200234,1,14.01
O302429,P200137,3,86.54
O302429,P200171,1,94.48
O302429,P200048,2,18.9
O302429,P200028,2,83.51
O302430,P200209,2,68.2
O302430,P200077,3,44.61
O302430,P200183,1,144.58
O302430,P200222,1,116.03
O302431,P200206,2,45.04
O302431,P200060,1,76.71
O302432,P200227,2,32.97
O302432,P200175,1,16.47
O302433,P200058,3,78.55
O302433,P200230,2,109.32
O302433,P200176,1,90.7
O302434,P200086,3,15.4
O302434,P200042,2,89.65
O302434,P200142,1,90.86
O302435,P200156,1,105.91
O302435,P200231,2,33.47
O302435,P200141,1,113.95
O302435,P200017,2,149.83
O302435,P200071,1,41.98
O302436,P200195,1,32.5
O302436,P200181,2,83.14
O302437,P200206,3,46.81
O302437,P200195,2,31.4
O302437,P200202,3,99.17
O302438,P200001,2,6.4
O302438,P200061,3,80.02
O302438,P200082,3,147.53
O302438,P200208,3,12.23
O302439,P200246,2,109.83
O302440,P200135,3,23.84
O302440,P200050,3,31.1
O302440,P200106,3,8.58
O302440,P200199,2,256.45
O302440,P200171,3,85.59
O302441,P200117,3,54.66
O302441,P200214,2,120.41
O302441,P200074,3,51.27
O302441,P200223,1,42.69
O302441,P200213,2,17.49
O302442,P200101,2,10.12
O302443,P200145,3,110.0
O302443,P200176,2,87.8
O302444,P200099,1,17.09
O302444,P200091,1,58.59
O302444,P200044,1,123.7
O302444,P200050,3,32.32
O302445,P200181,1,91.58
O302445,P200238,1,30.67
O302445,P200021,1,70.46
O302445,P200038,3,539.7
O302445,P200118,2,45.79
O302446,P200183,2,136.98
O302447,P200117,1,54.37
O302447,P200037,2,51.36
O302447,P200115,2,40.01
O302447,P200123,1,25.81
O302447,P200093,3,150.37
O302448,P200169,2,57.18
O302448,P200025,2,76.48
O302449,P200162,2,114.46
O302449,P200097,2,133.57
O302450,P200017,2,136.89
O302450,P200018,2,35.97
O302451,P200083,3,122.34
O302451,P200142,1,113.24
O302451,P200229,1,34.46
O302451,P200087,3,122.1
O302452,P200122,3,63.71
O302452,P200010,2,126.33
O302453,P200012,2,74.5
O302453,P200082,1,129.28
O302453,P200090,2,116.29
O302454,P200115,2,36.49
O302455,P200180,2,300.58
O302456,P200245,2,9.89
O302456,P200236,3,36.45
O302456,P200129,3,128.41
O302456,P200011,2,39.18
O302457,P200127,2,124.44
O302457,P200158,1,143.08
O302458,P200058,2,75.61
O302458,P200216,1,96.75
O302458,P200178,2,10.27
O302458,P200148,2,40.74
O302459,P200193,3,37.02
O302459,P200026,2,117.78
O302459,P200176,1,99.49
O302459,P200069,3,35.94
O302460,P200062,3,29.56
O302460,P200097,2,134.2
O302460,P200067,2,6.35
O302460,P200002,1,21.89
O302460,P200218,2,95.75
O302461,P200249,2,103.76
O302462,P200039,3,69.22
O302462,P200096,1,28.12
O302462,P200062,2,24.73
O302462,P200209,3,60.33
O302462,P200191,3,7.06
O302463,P200024,2,99.24
O302463,P200216,1,110.96
O302463,P200247,3,16.61
O302463,P200248,1,4.81
O302463,P200204,2,761.87
O302464,P200126,2,22.12
O302464,P200237,1,98.25
O302464,P200163,3,61.87
O302465,P200072,2,46.19
O302466,P200042,2,87.07
O302467,P200196,3,43.92
O302467,P200116,3,172.75
O302467,P200059,1,23.93
O302468,P200020,3,121.66
O302469,P200021,1,64.5
O302470,P200177,3,27.6
O302470,P200031,3,29.34
O302470,P200144,3,96.25
O302471,P200220,3,28.28
O302471,P200075,3,62.03
O302471,P200008,2,19.38
O302472,P200030,1,62.52
O302472,P200007,1,73.04
O302472,P200081,1,600.91
O302472,P200005,3,21.53
O302472,P200046,1,9.93
O302473,P200152,3,138.63
O302473,P200240,3,267.73
O302473,P200026,3,139.89
O302473,P200249,1,94.28
O302473,P200224,2,115.09
O302474,P200175,1,14.2
O302474,P200169,1,72.34
O302475,P200134,3,109.08
O302475,P200226,3,95.11
O302476,P200219,2,226.3
O302477,P200126,1,23.53
O302477,P200200,1,70.07
O302478,P200216,3,117.62
O302478,P200203,1,444.39
O302478,P200113,1,65.55
O302479,P200208,2,12.23
O302479,P200063,1,79.44
O302479,P200030,2,63.97
O302479,P200128,2,51.17
O302479,P200150,2,18.06
O302480,P200184,1,115.82
O302480,P200130,2,106.11
O302480,P200047,1,64.48
O302480,P200018,2,40.53
O302480,P200243,1,58.64
O302481,P200245,2,9.81
O302481,P200041,2,133.14
O302481,P200142,1,92.24
O302481,P200182,3,9.24
O302481,P200114,1,138.94
O302482,P200209,2,67.1
O302482,P200031,1,29.83
O302482,P200097,2,156.16
O302483,P200228,3,121.03
O302483,P200057,1,136.33
O302483,P200109,3,18.45
O302483,P200147,3,70.66
O302484,P200248,2,5.91
O302484,P200079,1,7.38
O302484,P200126,2,24.36
O302484,P200039,2,68.46
O302485,P200076,2,62.11
O302485,P200005,1,26.13
O302486,P200017,2,131.15
O302486,P200024,2,112.91
O302486,P200056,3,102.2
O302487,P200177,1,30.71
O302487,P200076,2,67.49
O302487,P200111,1,45.55
O302488,P200102,2,99.87
O302488,P200162,1,126.8
O302489,P200051,2,121.67
O302489,P200191,1,6.34
O302489,P200152,2,136.17
O302490,P200183,2,137.52
O302490,P200033,3,32.14
O302490,P200224,1,127.69
O302491,P200036,1,56.06
O302492,P200249,3,97.06
O302492,P200212,3,58.76
O302492,P200087,3,116.12
O302492,P200076,1,64.97
O302493,P200126,3,24.63
O302493,P200214,3,105.58
O302493,P200184,1,114.92
O302493,P200143,1,11.75
O302493,P200000,1,151.15
O302494,P200151,3,135.54
O302494,P200201,3,108.42
O302494,P200134,2,94.27
O302494,P200057,2,119.98
O302495,P200165,2,16.77
O302495,P200196,3,34.66
O302495,P200194,1,110.45
O302495,P200220,1,29.67
O302495,P200084,1,77.12
O302496,P200090,2,139.01
O302496,P200048,3,23.27
O302496,P200184,3,102.0
O302497,P200182,2,8.92
O302498,P200244,2,43.89
O302498,P200017,3,143.97
O302499,P200019,3,395.43
O302499,P200148,2,43.23
O302499,P200030,2,50.34
O302499,P200237,3,103.51
O302499,P200130,2,119.77
O302500,P200036,2,51.46
O302501,P200115,1,37.63
O302501,P200049,1,37.85
O302501,P200012,3,70.18
O302502,P200127,1,115.82
O302503,P200036,1,50.08
O302503,P200186,1,9.29
O302504,P200109,3,22.1
O302505,P200011,1,40.27
O302506,P200124,3,238.33
O302507,P200022,1,60.57
O302507,P200230,1,135.99
O302507,P200183,3,128.47
O302508,P200064,1,6.81
O302508,P200032,3,573.58
O302508,P200116,1,152.71
O302508,P200095,3,115.52
O302509,P200151,1,122.06
O302509,P200239,2,42.91
O302510,P200044,3,129.93
O302510,P200205,2,169.22
O302510,P200199,3,235.79
O302510,P200031,1,28.29
O302510,P200007,3,62.5
O302511,P200053,1,122.26
O302511,P200018,2,41.87
O302512,P200099,3,16.76
O302512,P200122,2,78.56
O302512,P200064,2,6.87
O302512,P200134,3,97.89
O302513,P200092,2,36.61
O302513,P200109,3,18.15
O302513,P200235,2,19.04
O302514,P200060,2,65.51
O302514,P200096,1,25.88
O302514,P200124,2,283.89
O302514,P200228,1,134.06
O302515,P200006,3,158.28
O302515,P200044,2,133.02
O302515,P200138,1,35.37
O302515,P200038,3,475.42
O302515,P200178,3,9.63
O302516,P200129,1,140.4
O302516,P200137,3,86.98
O302516,P200007,3,68.02
O302516,P200050,2,33.19
O302516,P200249,2,106.34
O302517,P200071,3,51.24
O302517,P200117,1,61.4
O302517,P200217,2,145.11
O302518,P200132,3,102.76
O302518,P200249,1,97.27
O302518,P200025,2,82.92
O302518,P200130,2,108.72
O302518,P200173,1,12.65
O302519,P200073,2,166.22
O302519,P200122,3,63.07
O302519,P200137,2,93.5
O302519,P200224,3,120.91
O302520,P200199,2,285.65
O302520,P200025,1,85.37
O302521,P200013,2,91.71
O302521,P200039,2,61.24
O302521,P200053,2,118.49
O302521,P200027,1,31.68
O302521,P200089,1,38.93
O302522,P200205,2,143.93
O302523,P200179,2,89.84
O302523,P200020,1,113.22
O302523,P200165,2,16.18
O302524,P200009,3,11.9
O302525,P200141,3,105.73
O302525,P200238,1,28.21
O302525,P200021,1,67.36
O302525,P200102,2,97.65
O302526,P200145,2,98.87
O302526,P200085,2,26.96
O302526,P200200,3,75.12
O302526,P200077,2,50.79
O302526,P200210,2,107.47
O302527,P200015,2,128.19
O302527,P200195,1,28.01
O302527,P200089,2,37.55
O302527,P200057,1,133.51
O302527,P200003,1,116.28
O302528,P200055,2,103.12
O302529,P200209,1,57.87
O302529,P200093,2,155.34
O302530,P200212,1,67.21
O302530,P200199,1,268.97
O302531,P200212,2,70.21
O302532,P200158,2,151.78
O302532,P200239,1,43.47
O302532,P200032,1,517.59
O302533,P200015,3,136.92
O302534,P200040,3,59.87
O302534,P200012,2,72.88
O302534,P200025,3,69.9
O302534,P200226,2,121.01
O302535,P200196,1,42.57
O302535,P200210,3,110.68
O302535,P200108,3,61.8
O302536,P200161,2,57.5
O302536,P200040,1,47.08
O302536,P200069,2,40.19
O302537,P200114,1,109.14
O302537,P200232,3,87.48
O302537,P200059,3,29.44
O302537,P200235,2,18.75
O302537,P200150,3,20.81
O302538,P200189,3,101.85
O302538,P200084,3,63.34
O302538,P200010,1,145.12
O302538,P200093,3,154.54
O302539,P200100,1,30.79
O302539,P200099,1,18.38
O302540,P200233,3,97.15
O302540,P200124,2,262.19
O302540,P200088,1,117.64
O302541,P200221,2,451.83
O302541,P200130,1,116.99
O302541,P200164,2,133.07
O302541,P200117,2,65.99
O302541,P200211,1,151.11
O302542,P200218,3,97.55
O302542,P200186,1,11.35
O302542,P200031,2,32.89
O302542,P200164,2,124.18
O302542,P200111,3,45.03
O302543,P200133,1,22.39
O302543,P200063,3,97.53
O302543,P200128,2,61.01
O302543,P200105,1,115.68
O302544,P200131,1,265.47
O302545,P200113,1,69.07
O302545,P200128,1,61.63
O302545,P200229,3,33.39
O302546,P200148,2,44.19
O302546,P200062,1,25.7
O302546,P200165,1,15.42
O302546,P200032,3,525.96
O302546,P200102,3,109.84
O302547,P200149,3,104.93
O302548,P200030,1,64.43
O302548,P200161,3,72.67
O302548,P200068,3,21.2
O302549,P200054,2,76.71
O302549,P200105,2,112.18
O302549,P200171,3,96.49
O302550,P200063,3,91.01
O302550,P200055,2,89.64
O302551,P200130,3,124.39
O302551,P200056,2,105.59
O302552,P200013,1,80.18
O302552,P200002,1,24.34
O302552,P200160,3,44.21
O302552,P200069,2,37.1
O302552,P200184,3,108.06
O302553,P200129,3,117.48
O302553,P200147,2,71.81
O302553,P200202,1,108.19
O302554,P200105,2,123.09
O302554,P200177,1,29.58
O302554,P200044,3,121.03
O302554,P200028,2,89.27
O302554,P200033,1,28.7
O302555,P200198,2,268.89
O302555,P200027,3,33.06
O302555,P200193,3,40.87
O302556,P200205,2,163.02
O302556,P200021,1,70.78
O302556,P200153,2,31.86
O302556,P200110,3,92.17
O302556,P200184,3,100.82
O302557,P200109,3,23.33
O302557,P200123,3,27.88
O302557,P200161,1,61.65
O302557,P200206,3,47.21
O302558,P200147,1,73.88
O302558,P200230,3,122.01
O302558,P200097,2,156.34
O302558,P200010,3,132.84
O302558,P200200,2,83.58
O302559,P200034,1,89.45
O302559,P200228,3,134.09
O302560,P200219,2,230.63
O302560,P200132,2,119.29
O302561,P200111,2,37.55
O302562,P200199,3,281.03
O302562,P200032,1,461.65
O302563,P200247,1,16.43
O302564,P200183,1,120.49
O302565,P200237,2,120.32
O302565,P200232,3,92.81
O302566,P200208,3,11.07
O302566,P200007,1,69.08
O302566,P200094,2,55.19
O302566,P200044,3,121.19
O302566,P200179,1,103.95
O302567,P200053,3,136.4
O302567,P200136,3,164.31
O302568,P200132,1,102.77
O302568,P200191,3,6.4
O302568,P200082,2,138.44
O302568,P200045,2,45.48
O302568,P200204,3,805.54
O302569,P200012,3,64.24
O302569,P200055,1,103.74
O302569,P200040,3,51.92
O302569,P200078,2,16.32
O302569,P200156,1,101.08
O302570,P200002,1,20.64
O302570,P200246,1,113.12
O302570,P200017,3,152.23
O302570,P200045,3,45.65
O302570,P200096,3,26.8
O302571,P200192,1,52.51
O302571,P200172,1,62.96
O302571,P200135,3,26.27
O302572,P200216,3,95.63
O302572,P200191,3,6.58
O302572,P200125,2,70.79
O302572,P200009,2,12.14
O302572,P200155,2,101.86
O302573,P200074,1,58.53
O302573,P200020,2,118.11
O302573,P200166,2,21.79
O302574,P200190,2,18.25
O302574,P200223,1,43.46
O302574,P200103,2,110.35
O302574,P200110,3,88.89
O302575,P200048,3,23.47
O302575,P200137,2,82.67
O302575,P200117,3,67.68
O302575,P200093,2,169.27
O302575,P200162,2,112.19
O302576,P200080,3,32.46
O302577,P200132,2,114.24
O302578,P200119,1,66.26
O302579,P200166,2,17.64
O302579,P200137,3,71.98
O302579,P200072,2,38.61
O302579,P200074,1,61.27
O302580,P200106,1,9.0
O302580,P200030,1,60.91
O302580,P200087,2,97.81
O302581,P200233,3,100.87
O302581,P200096,3,27.93
O302582,P200130,2,112.51
O302582,P200201,2,106.51
O302582,P200038,2,566.17
O302582,P200071,1,46.95
O302583,P200216,3,112.36
O302584,P200119,3,66.46
O302585,P200051,3,104.79
O302585,P200004,3,45.81
O302585,P200126,3,19.06
O302586,P200107,2,46.02
O302586,P200194,3,122.12
O302586,P200179,3,89.54
O302586,P200084,3,66.86
O302586,P200121,1,36.02
O302587,P200136,3,151.45
O302587,P200110,3,97.44
O302587,P200179,2,82.66
O302587,P200233,1,88.9
O302588,P200166,2,17.74
O302588,P200211,1,127.99
O302588,P200133,1,25.02
O302588,P200061,2,78.14
O302589,P200117,1,59.15
O302589,P200036,1,49.4
O302589,P200233,3,90.98
O302589,P200200,1,77.73
O302590,P200195,3,33.8
O302590,P200108,1,63.94
O302591,P200004,3,46.9
O302591,P200189,2,105.82
O302591,P200242,3,75.02
O302592,P200052,2,105.63
O302592,P200044,2,120.64
O302592,P200110,3,83.22
O302592,P200192,2,57.05
O302592,P200188,1,49.63
O302593,P200111,3,40.87
O302593,P200094,3,59.92
O302593,P200015,3,118.32
O302593,P200000,1,154.93
O302594,P200128,3,61.65
O302594,P200182,3,9.37
O302594,P200000,1,139.48
O302595,P200164,3,132.96
O302596,P200159,3,19.04
O302596,P200213,3,16.32
O302596,P200190,1,17.6
O302596,P200226,1,120.92
O302597,P200209,1,67.94
O302597,P200228,1,122.92
O302598,P200232,3,102.99
O302598,P200214,2,111.84
O302599,P200180,3,290.28
O302599,P200076,1,71.89
O302599,P200019,3,378.26
O302599,P200096,1,23.45
O302600,P200181,1,95.92
O302600,P200025,1,77.25
O302601,P200107,2,43.69
O302601,P200210,2,103.5
O302601,P200082,3,127.36
O302602,P200064,1,6.17
O302603,P200185,2,119.92
O302604,P200230,1,110.59
O302604,P200010,3,130.71
O302604,P200237,3,110.6
O302605,P200195,2,29.21
O302605,P200070,3,16.9
O302605,P200019,3,427.72
O302605,P200099,1,19.03
O302605,P200147,1,81.01
O302606,P200025,1,78.7
O302606,P200073,1,143.83
O302606,P200178,3,10.25
O302606,P200120,3,53.01
O302607,P200200,1,85.06
O302607,P200005,2,24.42
O302607,P200120,3,59.28
O302608,P200119,3,71.93
O302608,P200148,1,43.33
O302608,P200246,2,106.79
O302608,P200026,1,139.9
O302608,P200075,2,56.31
O302609,P200076,3,67.98
O302609,P200042,2,73.67
O302610,P200173,3,13.62
O302610,P200180,1,251.75
O302610,P200022,1,62.1
O302610,P200011,1,44.58
O302610,P200166,3,21.48
O302611,P200088,3,109.66
O302611,P200221,1,432.95
O302611,P200151,3,126.8
O302612,P200115,3,38.92
O302613,P200071,1,43.45
O302614,P200169,2,71.8
O302614,P200081,3,511.57
O302614,P200079,1,7.61
O302614,P200075,3,60.57
O302614,P200173,2,11.08
O302615,P200213,1,17.07
O302615,P200237,2,103.08
O302615,P200145,1,105.66
O302615,P200210,1,108.13
O302616,P200051,2,120.04
O302617,P200064,1,6.05
O302617,P200232,3,102.78
O302617,P200007,3,76.94
O302617,P200158,3,119.4
O302617,P200228,2,116.49
O302618,P200227,2,35.16
O302619,P200136,3,141.57
O302619,P200138,2,38.87
O302620,P200133,2,23.81
O302620,P200207,1,39.97
O302620,P200203,3,498.9
O302620,P200083,1,118.64
O302621,P200009,1,12.08
O302622,P200161,2,60.97
O302622,P200248,1,5.42
O302622,P200033,1,25.16
O302622,P200134,2,95.2
O302622,P200167,1,115.49
O302623,P200196,3,36.33
O302623,P200028,3,93.92
O302623,P200227,1,37.09
O302623,P200041,1,111.55
O302624,P200204,3,746.87
O302624,P200076,1,64.81
O302624,P200038,3,588.95
O302624,P200031,1,28.66
O302624,P200108,1,60.73
O302625,P200168,3,287.81
O302625,P200199,3,251.3
O302625,P200245,3,10.0
O302625,P200055,3,99.3
O302625,P200008,1,24.88
O302626,P200166,3,21.45
O302626,P200108,3,64.88
O302626,P200209,2,63.47
O302626,P200048,2,23.09
O302626,P200216,2,112.52
O302627,P200147,1,80.87
O302627,P200069,1,39.02
O302628,P200141,3,99.72
O302628,P200139,1,260.38
O302629,P200031,1,33.72
O302629,P200028,2,91.44
O302630,P200174,2,129.84
O302631,P200124,2,293.02
O302631,P200180,1,266.46
O302631,P200049,2,40.68
O302631,P200223,1,43.7
O302632,P200020,1,120.25
O302633,P200116,2,150.13
O302633,P200213,2,16.92
O302633,P200154,1,238.18
O302634,P200144,3,74.7
O302634,P200079,1,7.17
O302634,P200233,1,96.2
O302635,P200054,1,88.25
O302635,P200140,3,22.74
O302635,P200019,1,376.19
O302636,P200170,1,56.19
O302636,P200091,2,57.77
O302636,P200223,1,38.78
O302637,P200215,3,120.32
O302637,P200151,3,129.68
O302638,P200127,1,118.13
O302639,P200148,3,35.92
O302639,P200204,3,770.84
O302639,P200144,3,90.05
O302639,P200027,1,28.32
O302639,P200101,2,9.43
O302640,P200044,1,138.05
O302640,P200022,1,65.63
O302640,P200093,1,144.55
O302641,P200053,1,140.81
O302641,P200100,3,34.81
O302641,P200033,1,31.11
O302642,P200068,3,18.91
O302642,P200168,2,231.75
O302642,P200112,2,119.49
O302643,P200121,2,41.04
O302643,P200158,1,127.54
O302644,P200114,3,109.24
O302644,P200106,1,9.31
O302644,P200030,1,54.45
O302644,P200053,1,132.57
O302645,P200121,1,41.9
O302645,P200032,3,465.95
O302646,P200125,1,86.13
O302646,P200191,2,8.08
O302646,P200204,2,756.75
O302647,P200165,2,17.85
O302647,P200095,1,145.45
O302647,P200112,3,108.73
O302647,P200153,1,27.18
O302647,P200188,1,60.27
O302648,P200100,2,35.44
O302648,P200196,1,36.88
O302649,P200247,1,15.08
O302649,P200039,1,65.2
O302649,P200031,1,32.11
O302649,P200110,3,88.6
O302650,P200040,3,52.92
O302650,P200091,2,70.73
O302650,P200242,3,92.77
O302650,P200003,2,128.78
O302651,P200008,2,22.31
O302652,P200171,1,86.9
O302652,P200107,1,36.74
O302652,P200248,3,4.95
O302652,P200199,3,265.26
O302653,P200118,3,42.75
O302653,P200218,1,94.49
O302653,P200000,3,128.22
O302653,P200046,3,9.33
O302653,P200141,3,108.04
O302654,P200066,3,43.08
O302654,P200134,2,108.02
O302655,P200020,2,116.72
O302655,P200064,1,6.9
O302655,P200077,3,53.79
O302655,P200129,3,137.45
O302655,P200170,2,52.73
O302656,P200057,2,146.66
O302657,P200116,1,184.04
O302658,P200030,1,58.88
O302658,P200209,2,59.54
O302658,P200015,2,132.58
O302658,P200054,3,97.55
O302658,P200070,1,15.38
O302659,P200049,3,31.79
O302659,P200115,1,44.26
O302659,P200061,3,84.49
O302659,P200174,2,125.85
O302659,P200206,3,37.32
O302660,P200097,3,130.83
O302660,P200192,1,51.95
O302660,P200143,2,11.09
O302660,P200041,3,122.99
O302661,P200088,1,107.72
O302661,P200225,3,10.6
O302661,P200023,3,115.1
O302661,P200149,1,81.63
O302662,P200127,2,127.61
O302662,P200081,2,522.2
O302663,P200193,1,42.57
O302663,P200120,3,59.04
O302663,P200031,3,30.17
O302664,P200057,2,154.99
O302664,P200166,2,19.44
O302664,P200051,2,108.72
O302665,P200162,3,112.15
O302666,P200249,1,99.21
O302666,P200196,3,39.71
O302666,P200023,3,125.54
O302667,P200206,2,46.8
O302668,P200040,2,49.02
O302669,P200037,2,50.65
O302670,P200038,3,558.84
O302671,P200090,1,140.38
O302672,P200155,3,110.46
O302672,P200179,3,82.18
O302672,P200172,1,59.13
O302672,P200200,3,72.53
O302672,P200248,1,5.88
O302673,P200014,3,68.05
O302673,P200028,1,100.76
O302673,P200145,3,129.3
O302673,P200154,3,244.96
O302673,P200229,2,29.49
O302674,P200044,2,110.53
O302674,P200107,2,36.24
O302674,P200074,2,52.43
O302675,P200009,1,11.04
O302675,P200168,1,235.82
O302676,P200108,1,54.1
O302677,P200031,2,30.48
O302677,P200241,2,111.22
O302677,P200183,3,135.85
O302677,P200118,3,47.76
O302677,P200116,1,162.41
O302678,P200135,1,30.98
O302678,P200058,2,74.04
O302678,P200201,3,119.95
O302678,P200247,1,16.04
O302679,P200175,1,16.44
O302679,P200216,3,97.42
O302679,P200090,3,130.78
O302679,P200098,1,118.44
O302680,P200073,3,161.7
O302680,P200008,1,22.23
O302680,P200119,2,73.98
O302681,P200027,3,32.08
O302682,P200023,1,127.48
O302682,P200043,2,33.52
O302682,P200007,1,70.75
O302682,P200087,1,103.71
O302683,P200182,3,7.58
O302683,P200180,2,284.0
O302683,P200044,3,128.87
O302684,P200003,2,117.07
O302684,P200205,3,139.45
O302685,P200063,2,89.74
O302685,P200179,2,89.95
O302686,P200003,3,107.71
O302687,P200122,1,69.08
O302687,P200207,2,33.85
O302687,P200009,1,12.88
O302687,P200152,1,130.69
O302687,P200144,3,80.26
O302688,P200215,2,123.92
O302689,P200086,2,19.05
O302689,P200142,2,95.19
O302689,P200239,2,47.77
O302689,P200114,3,108.06
O302689,P200081,2,548.79
O302690,P200157,1,56.22
O302690,P200068,2,17.42
O302690,P200216,2,94.39
O302690,P200001,1,7.18
O302690,P200222,1,110.74
O302691,P200196,3,35.05
O302692,P200189,1,112.05
O302692,P200198,1,326.41
O302692,P200122,3,73.4
O302692,P200171,2,97.86
O302693,P200244,3,45.75
O302694,P200082,3,148.3
O302694,P200153,1,31.17
O302694,P200127,3,107.14
O302694,P200159,1,18.21
O302694,P200198,2,305.41
O302695,P200148,3,42.79
O302695,P200091,2,68.5
O302695,P200037,3,53.9
O302696,P200142,1,111.08
O302697,P200069,2,35.05
O302697,P200101,3,9.72
O302697,P200181,3,80.42
O302697,P200178,3,8.8
O302698,P200228,3,127.82
O302698,P200151,1,138.6
O302698,P200074,3,62.32
O302698,P200059,2,27.97
O302699,P200248,1,5.92
O302699,P200227,1,34.28
O302699,P200192,1,48.76
O302699,P200053,2,143.48
O302699,P200068,1,19.89
O302700,P200151,3,142.15
O302700,P200183,1,115.54
O302700,P200118,2,43.09
O302701,P200139,3,245.32
O302701,P200101,2,9.71
O302701,P200069,3,41.41
O302701,P200100,1,28.35
O302701,P200113,2,60.1
O302702,P200154,1,274.0
O302702,P200225,2,8.45
O302702,P200159,1,19.07
O302702,P200086,1,18.32
O302703,P200207,2,33.98
O302703,P200165,1,16.45
O302703,P200248,2,5.11
O302704,P200227,3,33.2
O302704,P200230,3,131.73
O302705,P200178,2,9.12
O302705,P200007,3,69.57
O302706,P200028,1,79.6
O302706,P200133,1,26.0
O302706,P200096,1,23.9
O302706,P200056,2,107.84
O302707,P200120,3,53.5
O302707,P200062,1,26.77
O302707,P200128,1,60.12
O302707,P200184,1,105.99
O302708,P200210,2,100.48
O302709,P200137,1,86.52
O302709,P200200,1,84.87
O302709,P200166,2,22.11
O302710,P200018,3,43.77
O302711,P200045,2,55.0
O302711,P200066,1,35.91
O302712,P200110,3,82.17
O302712,P200055,3,89.02
O302712,P200187,3,266.27
O302712,P200070,1,16.69
O302713,P200097,1,131.21
O302713,P200247,3,15.64
O302713,P200116,3,157.91
O302713,P200082,2,143.09
O302714,P200091,1,65.51
O302715,P200005,3,25.88
O302715,P200094,3,56.6
O302715,P200008,2,19.66
O302715,P200086,2,17.92
O302716,P200175,3,13.35
O302717,P200230,1,117.82
O302718,P200173,1,13.54
O302718,P200032,1,485.5
O302718,P200057,2,134.53
O302718,P200036,2,46.59
O302718,P200240,3,236.8
O302719,P200248,1,5.51
O302720,P200013,2,84.83
O302720,P200151,3,146.15
O302721,P200074,1,62.36
O302722,P200037,2,54.41
O302722,P200041,3,108.38
O302722,P200119,1,67.87
O302723,P200081,1,637.51
O302723,P200025,2,81.91
O302723,P200181,3,82.62
O302724,P200055,1,109.18
O302724,P200100,2,31.85
O302724,P200225,2,9.52
O302724,P200018,2,34.45
O302724,P200133,1,26.88
O302725,P200053,3,141.07
O302725,P200019,3,389.7
O302725,P200012,3,69.75
O302725,P200245,2,10.9
O302725,P200136,2,167.47
O302726,P200115,1,38.55
O302726,P200214,2,99.93
O302726,P200110,2,88.18
O302726,P200223,1,35.26
O302727,P200000,3,118.88
O302727,P200225,3,9.28
O302727,P200243,3,58.11
O302728,P200029,1,16.97
O302729,P200025,2,76.15
O302729,P200136,2,162.52
O302729,P200240,3,247.53
O302729,P200088,1,109.56
O302729,P200097,2,147.01
O302730,P200197,3,525.79
O302730,P200011,2,44.68
O302730,P200123,3,26.4
O302731,P200155,2,97.92
O302731,P200006,2,194.8
O302732,P200110,3,80.2
O302732,P200079,1,8.99
O302732,P200246,2,106.83
O302733,P200143,3,10.97
O302733,P200108,3,58.72
O302734,P200075,2,57.34
O302734,P200217,2,157.52
O302735,P200059,3,26.81
O302735,P200228,2,125.3
O302735,P200128,1,51.03
O302736,P200136,1,170.89
O302736,P200031,2,34.55
O302736,P200127,2,127.3
O302736,P200000,1,155.15
O302737,P200193,3,40.09
O302738,P200176,2,91.95
O302738,P200032,3,562.84
O302738,P200110,1,76.52
O302738,P200020,1,135.83
O302738,P200201,2,98.74
O302739,P200184,2,104.47
O302740,P200130,3,98.24
O302741,P200034,1,107.27
O302741,P200117,3,60.19
O302741,P200143,1,12.45
O302741,P200170,1,55.03
O302742,P200098,2,118.33
O302743,P200076,3,75.49
O302743,P200042,2,78.06
O302743,P200161,3,59.91
O302743,P200017,3,149.63
O302744,P200142,1,107.36
O302744,P200191,1,7.25
O302744,P200249,3,96.15
O302744,P200246,3,110.15
O302745,P200219,3,265.42
O302745,P200123,1,25.02
O302745,P200037,3,48.43
O302746,P200086,3,15.67
O302746,P200228,3,118.65
O302746,P200089,2,36.87
O302747,P200033,1,27.97
O302747,P200129,3,139.58
O302747,P200111,2,39.21
O302747,P200205,1,151.29
O302747,P200245,3,10.92
O302748,P200048,1,19.89
O302748,P200142,3,104.01
O302748,P200027,2,32.88
O302748,P200108,2,54.71
O302749,P200090,1,133.3
O302749,P200224,3,113.16
O302749,P200010,3,136.92
O302749,P200202,3,106.61
O302750,P200180,3,299.76
O302751,P200191,3,7.19
O302751,P200121,1,35.32
O302751,P200167,3,135.86
O302752,P200076,1,64.64
O302753,P200111,3,39.17
O302753,P200216,3,95.01
O302754,P200126,1,18.93
O302754,P200016,3,419.0
O302754,P200086,2,19.08
O302754,P200116,1,172.27
O302755,P200141,3,118.4
O302755,P200153,2,32.22
O302755,P200090,1,130.06
O302756,P200201,3,102.01
O302756,P200018,2,43.26
O302756,P200111,3,40.92
O302756,P200156,3,101.62
O302756,P200065,1,118.7
O302757,P200177,3,28.53
O302757,P200113,2,56.13
O302757,P200029,3,16.23
O302757,P200211,2,147.33
O302757,P200020,1,108.3
O302758,P200148,3,36.97
O302759,P200139,1,224.76
O302759,P200158,3,148.5
O302759,P200132,1,103.66
O302759,P200053,2,113.66
O302759,P200037,3,51.73
O302760,P200048,3,22.06
O302760,P200153,3,32.32
O302760,P200032,1,507.89
O302760,P200150,2,21.12
O302760,P200080,1,28.82
O302761,P200022,1,54.97
O302762,P200205,1,153.4
O302762,P200144,3,74.91
O302763,P200039,3,64.98
O302763,P200145,2,127.51
O302763,P200238,2,32.42
O302763,P200118,2,49.34
O302763,P200062,3,28.28
O302764,P200140,2,20.45
O302765,P200123,2,26.93
O302766,P200027,2,32.01
O302766,P200200,3,71.13
O302766,P200096,3,26.85
O302767,P200245,3,9.46
O302767,P200238,3,28.54
O302767,P200025,2,66.93
O302767,P200130,1,102.75
O302767,P200053,2,142.59
O302768,P200247,2,18.44
O302768,P200037,2,52.64
O302769,P200239,1,45.42
O302769,P200226,1,103.12
O302769,P200020,2,116.93
O302769,P200088,3,107.43
O302770,P200202,2,116.85
O302770,P200036,1,51.52
O302770,P200152,1,126.71
O302770,P200247,2,18.16
O302771,P200063,2,95.78
O302772,P200197,3,449.53
O302772,P200238,1,27.45
O302773,P200062,1,30.62
O302773,P200176,1,109.39
O302773,P200099,3,17.83
O302773,P200075,1,56.41
O302774,P200125,2,81.61
O302774,P200151,1,123.93
O302774,P200045,3,44.43
O302775,P200241,2,108.92
O302775,P200011,3,43.33
O302776,P200112,3,107.72
O302776,P200054,1,74.73
O302777,P200140,2,20.03
O302777,P200195,2,27.89
O302777,P200205,2,140.94
O302778,P200079,2,7.1
O302778,P200220,1,27.22
O302778,P200194,1,122.24
O302778,P200174,2,136.27
O302778,P200238,2,27.31
O302779,P200239,1,44.8
O302779,P200034,3,83.88
O302779,P200078,1,17.05
O302780,P200158,3,140.39
O302780,P200025,2,81.39
O302780,P200020,2,129.81
O302780,P200065,1,125.23
O302780,P200170,2,49.93
O302781,P200120,2,57.96
O302781,P200142,1,101.56
O302781,P200093,3,163.47
O302781,P200155,2,116.7
O302782,P200000,3,150.86
O302782,P200217,3,126.85
O302782,P200178,2,11.02
O302783,P200122,1,77.01
O302783,P200105,2,103.53
O302783,P200016,3,398.09
O302783,P200037,3,56.3
O302784,P200132,1,125.0
O302784,P200150,1,21.25
O302784,P200039,2,63.56
O302785,P200118,1,48.14
O302785,P200125,3,89.13
O302785,P200195,2,33.17
O302785,P200197,2,446.35
O302786,P200085,3,25.99
O302786,P200225,3,9.21
O302786,P200029,3,16.22
O302786,P200084,1,67.42
O302786,P200248,1,5.55
O302787,P200248,2,5.23
O302787,P200154,1,235.5
O302787,P200100,1,30.83
O302787,P200015,3,141.05
O302788,P200121,1,38.06
O302789,P200025,3,81.55
O302790,P200101,1,9.32
O302790,P200094,2,55.93
O302790,P200225,2,9.68
O302790,P200241,3,87.76
O302790,P200170,2,47.92
O302791,P200247,3,18.4
O302791,P200227,3,36.33
O302791,P200001,2,6.03
O302791,P200213,1,19.26
O302791,P200197,2,454.26
O302792,P200193,1,43.57
O302792,P200146,1,13.89
O302792,P200197,1,410.75
O302793,P200138,2,35.64
O302793,P200146,3,13.85
O302794,P200106,3,8.33
O302794,P200243,1,57.37
O302794,P200214,3,120.89
O302794,P200156,1,93.27
O302794,P200108,1,57.59
O302795,P200196,2,39.93
O302795,P200162,3,134.37
O302795,P200093,3,171.04
O302796,P200016,2,338.7
O302796,P200085,3,28.56
O302797,P200156,2,99.77
O302797,P200244,3,44.67
O302798,P200088,1,98.81
O302798,P200090,1,115.0
O302799,P200243,3,67.62
O302799,P200242,2,94.4
O302800,P200141,3,96.42
O302800,P200025,1,80.87
O302801,P200198,1,327.25
O302801,P200222,2,115.09
O302801,P200013,2,78.4
O302801,P200237,1,104.25
O302802,P200137,3,88.44
O302803,P200074,3,51.67
O302803,P200233,3,88.72
O302804,P200151,3,117.35
O302805,P200215,1,129.24
O302805,P200217,1,163.95
O302805,P200181,3,89.7
O302805,P200188,2,48.69
O302806,P200038,2,565.97
O302806,P200106,3,9.75
O302806,P200178,3,9.88
O302806,P200102,1,119.87
O302806,P200069,1,41.69
O302807,P200159,1,17.19
O302807,P200005,1,25.9
O302807,P200082,2,122.91
O302807,P200130,3,112.37
O302808,P200057,3,143.4
O302808,P200089,3,42.49
O302809,P200217,1,154.47
O302809,P200025,2,78.91
O302809,P200201,1,110.07
O302810,P200240,2,270.08
O302811,P200114,1,121.53
O302811,P200055,2,112.0
O302811,P200081,3,532.08
O302812,P200241,2,91.08
O302812,P200191,1,7.94
O302813,P200199,2,254.4
O302813,P200182,1,8.84
O302813,P200085,1,25.69
O302814,P200141,1,115.01
O302814,P200099,1,18.56
O302814,P200096,2,28.64
O302815,P200202,2,117.53
O302815,P200196,1,44.77
O302815,P200171,1,82.46
O302815,P200011,2,43.89
O302816,P200159,1,20.37
O302816,P200221,2,498.07
O302816,P200116,3,186.5
O302817,P200038,3,537.31
O302817,P200068,2,17.83
O302817,P200234,1,13.94
O302817,P200062,1,25.56
O302817,P200064,2,6.08
O302818,P200133,2,25.97
O302819,P200210,2,106.31
O302819,P200130,2,118.34
O302819,P200016,2,366.57
O302819,P200003,3,127.61
O302819,P200058,2,77.05
O302820,P200101,3,9.91
O302820,P200170,1,53.61
O302820,P200064,3,5.99
O302820,P200001,2,6.17
O302821,P200045,1,45.88
O302821,P200239,3,43.83
O302821,P200226,1,108.24
O302821,P200156,1,92.32
O302822,P200003,1,105.28
O302822,P200189,2,113.17
O302822,P200215,3,99.74
O302822,P200178,1,10.69
O302822,P200039,1,65.48
O302823,P200058,1,77.69
O302824,P200038,2,490.23
O302824,P200089,3,42.84
O302825,P200194,1,127.52
O302826,P200028,1,91.23
O302826,P200214,3,93.77
O302826,P200017,2,137.87
O302826,P200153,3,28.84
O302827,P200205,3,150.63
O302827,P200087,3,98.05
O302828,P200185,3,136.98
O302828,P200249,3,110.17
O302829,P200134,1,103.2
O302829,P200132,2,124.25
O302829,P200079,3,8.27
O302829,P200055,1,106.2
O302830,P200191,2,6.49
O302830,P200077,2,46.31
O302830,P200059,1,23.04
O302831,P200232,1,95.52
O302831,P200116,3,145.17
O302831,P200143,1,12.03
O302831,P200074,3,55.41
O302832,P200228,3,107.43
O302832,P200184,2,107.55
O302832,P200189,1,106.4
O302832,P200010,2,148.53
O302832,P200004,3,48.19
O302833,P200232,1,98.68
O302833,P200218,1,96.87
O302834,P200221,1,503.47
O302834,P200088,3,108.9
O302834,P200107,3,39.74
O302834,P200229,3,28.7
O302834,P200184,1,92.2
O302835,P200096,2,27.91
O302835,P200193,3,34.03
O302835,P200072,3,37.81
O302836,P200163,1,75.78
O302836,P200096,3,22.41
O302837,P200238,3,29.89
O302837,P200018,1,42.88
O302837,P200103,3,124.06
O302837,P200028,1,98.57
O302837,P200068,2,20.87
O302838,P200183,3,131.89
O302838,P200143,3,13.45
O302838,P200195,1,29.1
O302839,P200155,1,103.78
O302840,P200022,2,53.48
O302840,P200055,2,94.76
O302841,P200192,3,47.48
O302841,P200222,1,107.25
O302841,P200203,1,496.86
O302841,P200087,1,103.3
O302841,P200126,3,24.62
O302842,P200234,3,14.74
O302842,P200041,2,110.1
O302842,P200077,3,43.53
O302843,P200024,3,108.33
O302843,P200001,1,6.9
O302843,P200090,2,130.73
O302844,P200220,3,34.61
O302844,P200139,1,240.09
O302844,P200029,1,18.46
O302844,P200163,3,69.12
O302845,P200185,2,133.66
O302846,P200002,1,25.86
O302847,P200182,1,9.35
O302847,P200242,1,87.1
O302847,P200065,1,113.82
O302848,P200107,2,47.08
O302848,P200180,2,275.71
O302848,P200092,3,34.3
O302848,P200210,3,95.06
O302848,P200233,2,96.1
O302849,P200001,1,6.94
O302850,P200061,2,73.88
O302850,P200068,2,18.9
O302850,P200229,2,35.11
O302850,P200233,1,94.43
O302851,P200090,2,118.19
O302851,P200123,1,22.17
O302851,P200103,3,120.46
O302851,P200110,2,98.78
O302851,P200160,2,49.45
O302852,P200072,2,43.45
O302853,P200034,1,84.12
O302854,P200098,1,116.01
O302854,P200070,2,14.36
O302854,P200048,3,20.59
O302854,P200003,2,124.86
O302854,P200186,1,9.79
O302855,P200050,2,35.69
O302856,P200193,3,37.95
O302856,P200024,3,111.97
O302856,P200137,2,89.29
O302856,P200090,3,110.22
O302857,P200012,1,67.3
O302857,P200226,3,95.96
O302857,P200173,3,10.89
O302857,P200227,3,36.93
O302858,P200115,1,41.81
O302858,P200085,3,29.05
O302859,P200067,2,6.96
O302859,P200071,3,45.99
O302860,P200122,3,64.32
O302860,P200124,2,270.69
O302860,P200225,3,9.27
O302861,P200087,2,102.06
O302861,P200022,1,57.48
O302861,P200142,3,104.81
O302862,P200055,3,102.96
O302862,P200111,2,40.98
O302862,P200050,1,35.21
O302862,P200064,3,6.49
O302862,P200167,2,120.3
O302863,P200030,2,62.79
O302863,P200199,1,283.3
O302863,P200209,3,57.41
O302864,P200026,2,123.95
O302864,P200152,3,111.44
O302864,P200030,3,58.04
O302864,P200092,2,34.87
O302864,P200205,1,166.08
O302865,P200235,1,16.88
O302865,P200184,3,109.15
O302866,P200027,3,27.38
O302866,P200129,1,138.45
O302867,P200077,2,45.49
O302867,P200016,3,382.02
O302868,P200149,1,102.55
O302868,P200145,3,99.59
O302868,P200230,1,109.38
O302868,P200120,2,64.92
O302869,P200182,1,8.54
O302870,P200007,2,73.23
O302870,P200178,3,11.03
O302870,P200158,2,129.75
O302870,P200174,1,132.6
O302870,P200099,3,16.74
O302871,P200103,2,100.73
O302871,P200089,2,40.43
O302871,P200038,3,471.83
O302871,P200123,1,25.09
O302872,P200249,2,97.45
O302872,P200085,2,27.45
O302872,P200237,3,114.89
O302872,P200230,2,134.89
O302872,P200051,2,124.3
O302873,P200139,2,239.88
O302873,P200228,2,106.53
O302873,P200127,1,124.07
O302873,P200029,1,18.03
O302873,P200200,2,72.19
O302874,P200119,1,77.87
O302875,P200008,3,21.94
O302875,P200142,1,98.94
O302875,P200148,2,41.4
O302875,P200070,3,14.82
O302876,P200068,2,20.38
O302876,P200218,3,101.19
O302876,P200202,1,124.66
O302877,P200104,1,85.37
O302877,P200234,1,14.64
O302877,P200080,1,32.69
O302877,P200194,1,123.0
O302878,P200151,1,115.83
O302878,P200160,3,43.87
O302878,P200128,2,58.82
O302878,P200110,2,98.37
O302878,P200093,3,160.68
O302879,P200076,2,73.4
O302879,P200179,3,97.1
O302879,P200149,3,81.1
O302880,P200004,3,42.45
O302881,P200168,3,282.96
O302881,P200007,1,63.18
O302881,P200182,3,9.27
O302881,P200136,3,136.2
O302881,P200191,1,6.33
O302882,P200193,2,39.66
O302882,P200150,2,21.04
O302882,P200100,1,33.89
O302883,P200158,2,121.23
O302883,P200048,1,20.24
O302883,P200209,2,54.26
O302884,P200212,2,63.54
O302884,P200061,3,77.68
O302884,P200206,1,44.36
O302885,P200087,1,101.02
O302885,P200021,3,67.31
O302885,P200216,1,116.72
O302885,P200039,3,68.67
O302885,P200152,2,134.76
O302886,P200020,3,116.72
O302886,P200037,2,55.14
O302886,P200224,1,116.11
O302887,P200209,1,60.03
O302887,P200058,3,75.86
O302888,P200110,2,80.35
O302888,P200083,1,141.53
O302888,P200181,1,86.19
O302888,P200096,2,28.39
O302889,P200107,3,36.77
O302889,P200158,3,118.54
O302889,P200120,2,53.47
O302889,P200095,3,143.01
O302890,P200003,3,109.44
O302891,P200106,3,9.47
O302891,P200067,1,6.18
O302891,P200155,3,127.15
O302892,P200175,3,14.11
O302892,P200088,3,100.07
O302892,P200180,2,283.34
O302892,P200080,1,30.94
O302893,P200232,1,104.44
O302893,P200131,2,290.0
O302893,P200097,1,149.7
O302893,P200040,3,59.39
O302893,P200130,3,110.46
O302894,P200063,2,90.39
O302894,P200175,1,14.63
O302895,P200139,1,260.2
O302895,P200227,2,32.41
O302895,P200245,3,8.89
O302896,P200149,3,100.96
O302896,P200087,2,104.35
O302896,P200177,1,28.48
O302896,P200221,1,445.66
O302896,P200096,2,25.48
O302897,P200103,3,118.27
O302897,P200114,3,108.93
O302897,P200063,2,79.57
O302898,P200130,3,108.32
O302898,P200026,2,121.15
O302898,P200165,2,15.81
O302899,P200232,1,96.7
O302900,P200096,1,23.71
O302901,P200092,1,36.04
O302901,P200202,2,121.16
O302901,P200002,3,25.68
O302901,P200119,3,71.9
O302902,P200175,2,16.91
O302902,P200091,2,65.63
O302902,P200149,3,88.6
O302902,P200028,3,88.79
O302902,P200214,3,103.6
O302903,P200108,1,55.21
O302903,P200113,1,58.3
O302903,P200067,2,5.44
O302903,P200235,2,17.1
O302904,P200247,1,17.77
O302904,P200055,3,95.6
O302904,P200224,2,120.22
O302904,P200030,1,51.6
O302905,P200113,2,67.37
O302905,P200001,3,7.51
O302905,P200219,1,216.82
O302905,P200239,1,47.38
O302906,P200248,2,5.93
O302906,P200205,1,155.84
O302907,P200231,1,30.15
O302907,P200207,3,36.15
O302907,P200021,1,66.78
O302908,P200102,2,111.91
O302908,P200077,1,43.3
O302909,P200040,2,51.84
O302909,P200020,2,119.91
O302910,P200124,1,290.36
O302910,P200099,3,14.97
O302910,P200010,3,136.82
O302911,P200197,3,531.54
O302911,P200189,3,114.7
O302911,P200218,3,90.0
O302911,P200123,2,23.27
O302912,P200099,3,15.96
O302912,P200134,1,113.21
O302912,P200169,3,68.46
O302912,P200132,2,109.37
O302912,P200175,1,14.91
O302913,P200009,1,10.23
O302913,P200235,2,17.29
O302914,P200214,1,118.94
O302914,P200153,1,28.74
O302915,P200063,2,88.79
O302916,P200016,2,343.25
O302916,P200177,3,30.7
O302916,P200212,2,59.74
O302916,P200134,1,109.92
O302916,P200078,3,16.35
O302917,P200243,3,70.65
O302917,P200125,3,75.34
O302917,P200199,1,278.72
O302917,P200189,2,110.18
O302918,P200064,1,5.94
O302918,P200037,3,56.64
O302919,P200126,2,23.47
O302919,P200003,3,117.68
O302919,P200042,2,73.35
O302919,P200124,2,242.0
O302919,P200209,2,69.22
O302920,P200007,1,77.51
O302920,P200189,2,96.1
O302920,P200050,1,39.18
O302920,P200098,3,107.0
O302921,P200023,1,107.17
O302921,P200187,2,256.84
O302921,P200221,1,452.58
O302922,P200219,3,243.1
O302922,P200052,1,111.0
O302923,P200192,2,49.13
O302923,P200008,3,23.79
O302923,P200224,2,121.53
O302924,P200136,1,148.66
O302925,P200238,3,28.43
O302926,P200096,1,22.88
O302926,P200054,3,85.61
O302926,P200154,2,283.86
O302926,P200214,3,113.8
O302926,P200028,3,100.53
O302927,P200149,3,105.13
O302927,P200004,3,47.46
O302928,P200158,2,129.54
O302929,P200024,1,98.62
O302929,P200034,1,84.18
O302929,P200065,2,145.29
O302929,P200020,3,104.71
O302929,P200219,3,263.03
O302930,P200240,2,297.04
O302930,P200203,3,417.25
O302930,P200199,1,276.63
O302930,P200175,2,15.12
O302930,P200219,3,249.57
O302931,P200112,3,110.41
O302931,P200021,2,57.95
O302931,P200069,2,36.91
O302931,P200020,1,103.72
O302931,P200187,3,271.76
O302932,P200156,1,101.7
O302933,P200153,1,30.44
O302933,P200182,3,9.47
O302933,P200080,2,29.59
O302933,P200030,3,59.7
O302933,P200053,2,132.43
O302934,P200085,1,23.68
O302934,P200125,1,76.83
O302935,P200011,1,35.77
O302936,P200243,2,58.04
O302936,P200229,3,28.59
O302936,P200218,1,97.91
O302936,P200188,3,49.72
O302936,P200006,3,174.63
O302937,P200096,2,26.94
O302937,P200131,3,304.94
O302938,P200109,1,22.2
O302938,P200080,3,30.94
O302938,P200022,2,58.98
O302938,P200143,2,12.92
O302939,P200105,3,115.48
O302940,P200012,2,77.6
O302941,P200065,1,112.49
O302941,P200051,2,101.27
O302941,P200082,2,144.98
O302941,P200018,2,38.1
O302941,P200151,2,119.44
O302942,P200070,3,14.43
O302942,P200129,3,146.28
O302942,P200208,2,14.09
O302943,P200086,3,16.2
O302943,P200100,3,34.53
O302943,P200217,2,155.52
O302943,P200248,1,5.25
O302943,P200087,2,115.3
O302944,P200114,2,128.01
O302945,P200145,1,121.31
O302945,P200127,2,116.37
O302945,P200186,3,11.6
O302945,P200162,2,133.73
O302945,P200157,2,68.4
O302946,P200082,1,151.03
O302946,P200078,1,18.38
O302946,P200029,1,15.29
O302946,P200234,1,14.47
O302946,P200003,1,109.13
O302947,P200134,3,106.88
O302947,P200045,2,52.46
O302947,P200025,1,74.57
O302947,P200150,2,20.27
O302947,P200203,1,432.96
O302948,P200097,1,122.68
O302949,P200156,2,93.76
O302950,P200047,3,74.05
O302950,P200101,1,8.44
O302950,P200235,2,18.17
O302951,P200241,1,89.73
O302952,P200114,2,120.06
O302953,P200047,2,80.21
O302953,P200147,3,64.21
O302953,P200037,3,49.35
O302953,P200204,3,764.7
O302953,P200246,3,105.65
O302954,P200156,1,97.14
O302954,P200066,3,43.82
O302954,P200240,2,243.51
O302954,P200165,3,18.45
O302955,P200243,2,71.34
O302955,P200127,1,109.05
O302955,P200043,2,36.89
O302955,P200053,2,146.93
O302955,P200133,3,22.73
O302956,P200078,3,17.78
O302956,P200005,1,26.59
O302956,P200059,1,29.8
O302956,P200236,1,40.1
O302956,P200001,2,7.2
O302957,P200249,1,98.68
O302958,P200244,2,47.41
O302958,P200013,3,83.1
O302958,P200222,2,107.47
O302958,P200239,3,43.54
O302958,P200179,2,93.96
O302959,P200081,3,513.59
O302960,P200062,3,29.5
O302960,P200016,3,340.2
O302961,P200247,3,15.07
O302961,P200079,3,9.07
O302962,P200157,3,67.98
O302962,P200111,3,42.0
O302963,P200038,2,518.52
O302963,P200200,1,82.4
O302963,P200056,3,110.2
O302963,P200066,2,37.36
O302964,P200249,1,110.93
O302965,P200087,2,97.09
O302965,P200127,2,120.35
O302965,P200031,2,31.08
O302965,P200095,3,120.21
O302965,P200007,3,68.76
O302966,P200200,1,83.74
O302966,P200224,3,113.2
O302966,P200087,2,116.81
O302966,P200118,2,54.98
O302966,P200178,2,10.05
O302967,P200226,2,120.51
O302967,P200233,1,87.75
O302967,P200195,2,35.04
O302967,P200086,2,15.41
O302968,P200124,2,307.88
O302969,P200245,3,9.81
O302969,P200065,1,125.49
O302969,P200081,3,530.38
O302970,P200105,2,134.38
O302970,P200207,1,36.84
O302970,P200244,3,42.14
O302970,P200061,1,83.67
O302971,P200155,1,107.23
O302971,P200186,2,9.44
O302972,P200033,2,31.32
O302972,P200005,3,22.6
O302973,P200167,3,138.64
O302973,P200174,2,140.21
O302973,P200216,1,112.94
O302974,P200089,2,39.89
O302974,P200218,3,98.82
O302974,P200202,1,111.13
O302974,P200220,3,33.51
O302974,P200241,3,91.52
O302975,P200097,3,134.05
O302976,P200037,3,56.3
O302976,P200022,3,65.57
O302976,P200115,2,46.35
O302977,P200249,2,90.9
O302977,P200020,3,135.22
O302978,P200090,2,113.38
O302978,P200239,1,47.79
O302978,P200009,2,11.31
O302979,P200040,3,49.46
O302980,P200114,2,115.39
O302980,P200191,1,6.5
O302980,P200095,3,121.41
O302980,P200139,2,293.37
O302980,P200103,1,123.37
O302981,P200190,2,18.28
O302981,P200235,3,17.71
O302981,P200057,3,124.1
O302982,P200198,2,297.75
O302982,P200137,2,75.27
O302982,P200127,3,111.7
O302982,P200072,2,41.72
O302982,P200234,3,14.58
O302983,P200105,3,104.36
O302984,P200045,2,56.09
O302984,P200225,2,8.47
O302984,P200230,1,124.48
O302985,P200108,3,68.17
O302985,P200115,1,36.72
O302985,P200239,3,48.24
O302985,P200097,3,128.31
O302986,P200236,3,43.92
O302986,P200004,2,42.08
O302986,P200001,2,6.97
O302986,P200118,1,44.68
O302987,P200119,3,70.99
O302988,P200078,3,15.15
O302988,P200233,1,95.0
O302988,P200070,3,16.43
O302988,P200193,1,43.25
O302989,P200246,1,92.56
O302990,P200199,3,273.81
O302990,P200056,2,110.86
O302990,P200159,2,20.69
O302991,P200064,2,5.81
O302992,P200247,1,15.24
O302993,P200062,3,27.12
O302993,P200042,1,87.95
O302993,P200178,3,9.2
O302993,P200097,3,143.46
O302994,P200201,1,110.41
O302994,P200037,3,46.41
O302994,P200243,1,70.29
O302994,P200119,1,79.65
O302995,P200034,1,97.19
O302995,P200144,1,78.24
O302995,P200118,3,50.53
O302995,P200141,2,103.28
O302995,P200114,3,137.06
O302996,P200148,2,41.3
O302996,P200111,2,41.7
O302996,P200249,3,93.12
O302996,P200192,2,59.82
O302997,P200097,3,119.86
O302997,P200000,3,154.4
O302997,P200034,3,100.67
O302998,P200100,3,35.11
O302999,P200174,3,126.24
O302999,P200212,1,70.85
O302999,P200042,1,75.66
O302999,P200219,3,264.61
O303000,P200098,3,114.49
O303000,P200071,1,44.16
O303001,P200200,1,84.82
O303002,P200108,3,62.95
O303002,P200034,2,96.39
O303002,P200092,3,40.96
O303002,P200228,1,133.77
O303003,P200158,1,146.47
O303003,P200043,3,30.43
O303003,P200181,1,99.03
O303004,P200097,2,126.79
O303005,P200025,3,70.62
O303005,P200005,2,27.68
O303005,P200060,3,65.11
O303006,P200175,3,13.91
O303006,P200032,1,462.31
O303006,P200061,3,80.67
O303006,P200191,3,6.79
O303007,P200051,3,124.53
O303007,P200156,3,109.2
O303007,P200111,3,38.91
O303008,P200186,2,10.97
O303008,P200017,1,137.0
O303008,P200230,2,122.44
O303008,P200205,3,138.99
O303009,P200245,3,11.21
O303009,P200018,2,43.41
O303009,P200103,1,125.48
O303010,P200078,2,18.43
O303010,P200111,1,40.06
O303011,P200177,3,29.75
O303011,P200067,2,6.47
O303012,P200101,3,9.4
O303012,P200106,2,9.69
O303013,P200019,3,366.8
O303013,P200061,3,74.51
O303013,P200050,3,32.3
O303013,P200028,3,99.35
O303013,P200058,3,74.88
O303014,P200084,2,68.18
O303014,P200167,1,116.06
O303015,P200002,2,22.32
O303015,P200235,2,17.73
O303015,P200026,2,123.98
O303015,P200097,1,139.75
O303016,P200078,1,18.27
O303016,P200209,2,64.01
O303017,P200121,2,37.6
O303017,P200019,1,424.34
O303017,P200035,1,39.53
O303018,P200069,3,34.29
O303018,P200161,2,70.06
O303018,P200075,2,51.09
O303018,P200019,2,400.76
O303019,P200184,1,99.95
O303019,P200172,2,58.0
O303019,P200219,2,271.39
O303020,P200218,1,101.21
O303020,P200123,1,22.33
O303020,P200008,3,20.8
O303020,P200075,1,56.64
O303021,P200152,3,123.04
O303021,P200087,2,111.24
O303021,P200200,2,74.7
O303021,P200075,3,48.75
O303021,P200042,1,80.96
O303022,P200152,3,123.53
O303022,P200121,1,35.17
O303022,P200174,3,109.07
O303022,P200145,3,113.08
O303022,P200227,3,37.63
O303023,P200117,3,55.48
O303023,P200060,1,74.5
O303023,P200159,1,18.94
O303023,P200043,1,31.25
O303023,P200063,2,81.79
O303024,P200035,1,44.99
O303025,P200196,3,36.89
O303025,P200027,3,26.73
O303025,P200170,1,57.63
O303025,P200002,3,25.0
O303026,P200232,3,100.88
O303026,P200123,3,21.93
O303026,P200145,1,100.38
O303026,P200064,2,5.96
O303027,P200213,1,17.53
O303027,P200023,3,123.88
O303027,P200126,3,21.5
O303028,P200081,1,630.98
O303028,P200203,1,460.84
O303029,P200105,2,117.15
O303030,P200097,2,150.94
O303030,P200094,3,64.79
O303030,P200106,3,7.84
O303030,P200190,3,15.98
O303030,P200010,1,145.16
O303031,P200193,2,39.29
O303031,P200207,1,32.77
O303031,P200027,2,32.48
O303031,P200122,2,68.65
O303031,P200236,3,41.4
O303032,P200230,1,114.85
O303033,P200010,2,120.29
O303033,P200131,2,236.92
O303033,P200053,3,125.53
O303034,P200143,3,11.99
O303034,P200161,2,57.75
O303034,P200207,2,40.02
O303035,P200247,3,18.98
O303036,P200007,2,68.94
O303036,P200233,2,88.71
O303036,P200113,3,69.39
O303037,P200117,2,59.39
O303037,P200152,1,123.85
O303037,P200031,3,29.04
O303037,P200077,3,52.0
O303037,P200143,3,12.79
O303038,P200067,3,6.04
O303038,P200078,2,14.63
O303039,P200222,3,111.32
O303039,P200229,2,32.93
O303039,P200169,3,61.93
O303039,P200033,2,25.1
O303040,P200030,2,52.25
O303040,P200065,1,126.06
O303040,P200067,1,6.17
O303040,P200095,3,140.02
O303040,P200161,1,69.37
O303041,P200051,1,110.62
O303041,P200106,2,9.26
O303041,P200005,1,27.77
O303042,P200144,3,82.55
O303043,P200086,1,18.98
O303043,P200249,2,96.13
O303044,P200135,3,24.12
O303045,P200226,1,109.45
O303045,P200210,3,85.81
O303046,P200040,2,57.62
O303046,P200131,3,296.45
O303046,P200017,2,142.99
O303046,P200240,2,306.39
O303047,P200188,3,57.48
O303047,P200126,1,23.76
O303048,P200165,1,15.34
O303048,P200129,1,143.57
O303048,P200114,3,133.4
O303049,P200017,3,148.34
O303049,P200102,1,99.4
O303049,P200027,3,30.76
O303049,P200129,3,150.23
O303049,P200016,3,386.26
O303050,P200037,1,55.39
O303050,P200195,1,33.4
O303051,P200131,2,300.04
O303051,P200088,1,110.85
O303051,P200060,1,77.46
O303051,P200210,3,87.74
O303051,P200212,2,73.41
O303052,P200247,2,16.52
O303052,P200064,2,5.74
O303053,P200095,1,137.16
O303053,P200017,1,138.32
O303053,P200171,3,78.33
O303053,P200186,1,9.94
O303054,P200101,3,9.47
O303055,P200025,1,73.65
O303055,P200166,3,19.65
O303056,P200248,3,5.59
O303056,P200211,1,121.29
O303056,P200160,3,41.19
O303056,P200073,2,173.9
O303056,P200025,1,73.27
O303057,P200170,1,56.32
O303057,P200186,2,10.84
O303057,P200120,3,62.97
O303058,P200239,3,38.9
O303058,P200170,2,47.12
O303058,P200018,3,42.44
O303059,P200087,1,106.79
O303059,P200113,3,65.77
O303059,P200025,1,72.71
O303060,P200157,2,70.47
O303060,P200118,2,54.59
O303061,P200158,3,119.83
O303061,P200168,3,247.36
O303061,P200226,1,94.59
O303061,P200194,2,104.45
O303061,P200176,1,87.95
O303062,P200069,1,40.71
O303062,P200151,3,138.69
O303063,P200195,1,31.57
O303064,P200217,1,164.56
O303064,P200154,1,234.71
O303064,P200246,2,95.55
O303064,P200211,1,138.5
O303064,P200007,3,62.1
O303065,P200140,1,17.76
O303066,P200214,1,120.01
O303066,P200145,2,124.22
O303066,P200149,2,89.67
O303066,P200075,2,60.02
O303066,P200135,2,26.34
O303067,P200222,2,108.02
O303067,P200003,1,106.66
O303068,P200226,1,97.15
O303069,P200182,2,8.96
O303069,P200071,1,49.2
O303070,P200053,2,128.38
O303070,P200102,3,97.35
O303070,P200045,2,50.61
O303070,P200175,1,17.14
O303071,P200003,2,102.43
O303071,P200176,2,94.87
O303071,P200040,3,58.88
O303072,P200123,2,27.35
O303073,P200180,2,246.72
O303073,P200145,1,123.14
O303074,P200117,1,61.67
O303074,P200220,1,29.03
O303075,P200216,3,110.99
O303075,P200102,1,95.71
O303075,P200165,2,15.84
O303075,P200112,3,129.59
O303076,P200191,2,6.51
O303076,P200076,1,64.96
O303076,P200220,2,34.85
O303076,P200129,3,138.65
O303076,P200139,3,241.74
O303077,P200017,3,128.66
O303077,P200138,3,40.34
O303078,P200031,2,28.78
O303078,P200000,3,132.88
O303078,P200213,3,15.94
O303078,P200069,2,34.41
O303078,P200017,3,127.09
O303079,P200134,1,111.05
O303079,P200011,3,37.94
O303079,P200057,2,139.05
O303080,P200144,1,88.63
O303081,P200104,3,77.79
O303081,P200019,2,342.59
O303082,P200071,1,41.13
O303082,P200249,3,95.95
O303082,P200232,3,104.03
O303082,P200024,2,104.24
O303082,P200099,2,16.52
O303083,P200080,2,33.48
O303083,P200166,2,21.43
O303083,P200083,2,115.52
O303083,P200140,1,17.82
O303083,P200215,1,121.02
O303084,P200162,2,123.77
O303084,P200071,2,50.08
O303084,P200238,3,29.27
O303084,P200242,2,91.96
O303085,P200121,3,37.63
O303085,P200108,3,55.24
O303086,P200059,3,24.82
O303086,P200050,1,32.29
O303086,P200040,1,55.72
O303086,P200127,1,116.34
O303087,P200176,1,107.99
O303087,P200248,2,5.57
O303087,P200173,3,12.71
O303087,P200127,3,111.09
O303088,P200171,1,91.13
O303088,P200073,3,149.77
O303088,P200149,3,100.98
O303088,P200247,2,17.57
O303089,P200119,2,67.88
O303089,P200176,3,99.55
O303089,P200170,2,48.83
O303090,P200164,1,127.31
O303090,P200004,2,43.62
O303090,P200028,1,95.42
O303091,P200156,1,93.65
O303091,P200116,1,162.44
O303091,P200177,3,29.59
O303091,P200183,1,140.91
O303091,P200141,1,112.44
O303092,P200048,3,23.08
O303092,P200000,3,123.06
O303092,P200086,3,16.43
O303092,P200107,2,46.71
O303092,P200030,2,63.89
O303093,P200230,2,117.51
O303093,P200022,1,61.59
O303093,P200110,1,89.36
O303094,P200199,1,294.18
O303094,P200021,2,61.04
O303095,P200182,1,8.25
O303095,P200249,1,110.8
O303095,P200188,3,57.83
O303096,P200178,1,10.03
O303096,P200018,2,40.34
O303096,P200113,3,53.57
O303097,P200240,2,238.61
O303097,P200121,2,40.24
O303097,P200181,2,99.35
O303097,P200070,2,16.37
O303098,P200090,3,136.77
O303098,P200195,3,32.35
O303099,P200172,1,68.47
O303100,P200212,1,66.25
O303100,P200201,1,114.12
O303100,P200078,2,15.5
O303100,P200133,3,23.69
O303100,P200034,1,98.1
O303101,P200101,2,9.03
O303101,P200059,1,29.96
O303101,P200029,3,18.41
O303101,P200027,3,30.0
O303101,P200122,1,74.46
O303102,P200200,3,86.16
O303103,P200042,1,89.79
O303103,P200148,2,43.14
O303104,P200177,2,27.04
O303104,P200025,2,70.7
O303104,P200041,1,113.13
O303105,P200101,1,8.99
O303105,P200226,3,113.92
O303105,P200132,2,103.39
O303105,P200040,3,48.73
O303106,P200117,1,68.12
O303106,P200073,3,170.23
O303106,P200086,2,19.54
O303106,P200249,3,99.88
O303107,P200173,3,11.81
O303107,P200027,1,32.59
O303108,P200057,3,130.9
O303108,P200166,1,19.46
O303109,P200116,1,154.87
O303109,P200012,2,68.21
O303109,P200106,1,7.83
O303110,P200071,1,48.0
O303110,P200174,1,141.59
O303111,P200090,1,131.32
O303111,P200000,3,129.81
O303111,P200220,2,33.6
O303112,P200224,2,128.8
O303112,P200181,1,90.39
O303113,P200015,1,135.17
O303114,P200163,1,71.13
O303114,P200117,2,57.38
O303114,P200231,2,27.39
O303114,P200020,2,124.49
O303115,P200057,1,146.78
O303115,P200122,3,74.55
O303115,P200078,2,16.56
O303115,P200116,2,160.25
O303116,P200136,2,161.57
O303116,P200037,3,47.37
O303117,P200066,1,36.01
O303117,P200062,3,31.03
O303117,P200194,2,123.18
O303118,P200139,2,268.81
O303118,P200175,1,13.35
O303118,P200105,3,122.7
O303119,P200163,1,62.06
O303120,P200086,2,17.94
O303120,P200186,2,11.47
O303120,P200018,2,41.78
O303121,P200165,1,16.03
O303121,P200135,2,24.61
O303121,P200100,2,30.23
O303122,P200086,2,18.21
O303122,P200010,1,143.87
O303122,P200007,3,64.91
O303122,P200135,2,30.54
O303122,P200229,1,29.7
O303123,P200008,1,21.67
O303123,P200122,3,67.01
O303124,P200003,3,123.95
O303124,P200033,3,30.46
O303124,P200002,3,20.68
O303124,P200012,3,70.84
O303125,P200113,3,56.72
O303125,P200228,1,113.95
O303126,P200213,3,17.16
O303127,P200104,1,94.4
O303127,P200248,3,4.86
O303128,P200220,2,28.46
O303128,P200033,3,32.28
O303128,P200229,2,32.62
O303128,P200208,2,11.63
O303128,P200163,2,69.87
O303129,P200162,2,108.93
O303129,P200203,2,438.39
O303130,P200133,1,24.71
O303130,P200117,2,54.31
O303130,P200183,1,135.51
O303130,P200072,2,38.12
O303130,P200076,3,59.56
O303131,P200040,2,53.69
O303131,P200194,3,127.31
O303131,P200073,3,151.08
O303131,P200082,2,131.6
O303132,P200020,3,129.45
O303132,P200198,2,312.66
O303132,P200043,2,36.42
O303132,P200086,2,15.59
O303133,P200234,2,12.52
O303133,P200215,1,120.35
O303133,P200044,2,127.34
O303133,P200181,3,99.08
O303134,P200242,3,77.59
O303134,P200205,3,136.58
O303134,P200230,2,116.43
O303135,P200219,2,269.09
O303135,P200195,3,27.45
O303135,P200131,2,297.95
O303135,P200081,3,557.85
O303136,P200183,3,127.06
O303137,P200204,3,742.4
O303137,P200226,2,108.95
O303137,P200157,1,67.27
O303137,P200217,1,155.99
O303138,P200018,2,41.74
O303138,P200221,3,524.41
O303138,P200003,2,132.69
O303138,P200088,2,109.45
O303139,P200089,3,41.68
O303140,P200224,1,105.16
O303140,P200048,2,19.07
O303140,P200241,1,88.55
O303141,P200220,3,31.11
O303141,P200005,2,27.33
O303141,P200246,2,113.7
O303142,P200017,1,133.91
O303142,P200229,3,28.37
O303143,P200049,1,40.78
O303144,P200020,1,116.11
O303145,P200030,1,64.51
O303145,P200048,3,19.33
O303146,P200099,2,17.09
O303146,P200107,3,43.43
O303147,P200142,2,91.25
O303147,P200042,3,79.19
O303148,P200109,3,22.47
O303148,P200110,3,95.51
O303148,P200204,3,809.22
O303148,P200223,1,38.45
O303149,P200100,3,30.75
O303149,P200063,3,80.09
O303149,P200241,3,95.89
O303150,P200045,2,47.08
O303151,P200091,3,58.78
O303152,P200072,2,46.33
O303152,P200086,1,18.2
O303152,P200089,1,37.57
O303152,P200226,3,114.55
O303153,P200048,3,22.29
O303153,P200088,2,102.86
O303153,P200127,3,111.47
O303153,P200180,1,298.08
O303153,P200164,1,123.71
O303154,P200118,2,52.66
O303154,P200119,1,79.3
O303154,P200236,3,46.72
O303154,P200088,3,96.44
O303154,P200249,2,102.1
O303155,P200235,3,18.75
O303155,P200210,3,95.95
O303155,P200188,1,55.96
O303155,P200231,3,29.02
O303156,P200187,1,231.03
O303156,P200196,3,43.6
O303157,P200083,1,139.72
O303157,P200014,2,63.16
O303157,P200035,1,34.71
O303157,P200095,1,120.85
O303158,P200233,2,101.71
O303159,P200034,1,104.59
O303160,P200186,3,9.24
O303161,P200041,3,122.66
O303162,P200058,2,73.95
O303162,P200125,3,74.18
O303163,P200152,1,116.6
O303164,P200020,3,110.97
O303164,P200071,3,44.72
O303164,P200094,1,67.05
O303164,P200137,1,76.17
O303164,P200067,1,6.88
O303165,P200226,2,99.12
O303165,P200087,3,94.03
O303165,P200141,3,97.87
O303165,P200169,1,61.39
O303166,P200214,1,101.84
O303166,P200198,3,311.14
O303166,P200160,2,41.42
O303166,P200228,3,128.48
O303167,P200158,1,152.82
O303168,P200222,3,101.5
O303168,P200135,2,27.94
O303168,P200081,2,578.13
O303168,P200029,3,15.82
O303168,P200014,3,65.09
O303169,P200222,3,92.4
O303170,P200100,2,32.43
O303170,P200008,3,23.74
O303170,P200245,3,9.54
O303170,P200171,1,89.89
O303170,P200077,2,47.09
O303171,P200083,1,115.27
O303171,P200153,3,30.24
O303171,P200152,1,109.9
O303171,P200058,3,72.09
O303172,P200046,3,10.11
O303172,P200121,3,37.81
O303173,P200074,2,54.71
O303174,P200177,1,28.63
O303174,P200117,1,67.54
O303174,P200070,3,16.93
O303174,P200140,2,19.82
O303175,P200225,1,9.76
O303175,P200213,2,15.46
O303175,P200042,1,80.69
O303175,P200163,2,73.25
O303175,P200081,1,565.19
O303176,P200148,2,36.33
O303176,P200143,1,11.25
O303176,P200198,1,339.9
O303177,P200218,1,92.08
O303178,P200225,2,10.26
O303178,P200051,3,114.29
O303178,P200031,3,34.84
O303179,P200111,3,34.93
O303179,P200207,1,38.32
O303179,P200078,2,18.2
O303180,P200168,3,248.44
O303180,P200106,1,9.45
O303181,P200015,1,118.01
O303181,P200050,3,38.98
O303181,P200110,1,77.39
O303181,P200193,2,35.55
O303181,P200163,2,62.32
O303182,P200094,2,65.93
O303182,P200200,1,67.57
O303183,P200152,2,137.42
O303183,P200036,2,46.37
O303184,P200154,2,237.6
O303184,P200215,3,115.54
O303184,P200124,1,296.86
O303184,P200175,1,13.64
O303185,P200098,1,95.68
O303185,P200195,1,27.29
O303185,P200097,1,149.46
O303185,P200038,2,600.07
O303186,P200105,2,133.42
O303186,P200028,1,78.67
O303186,P200046,2,9.34
O303186,P200237,2,92.74
O303187,P200056,1,106.28
O303187,P200169,3,69.29
O303187,P200180,1,285.47
O303188,P200129,1,120.95
O303188,P200074,1,51.31
O303189,P200009,3,12.66
O303189,P200072,1,39.31
O303190,P200239,2,42.56
O303191,P200112,3,100.44
O303192,P200011,3,38.16
O303192,P200020,3,107.0
O303192,P200152,1,129.03
O303193,P200118,1,42.58
O303193,P200142,3,103.15
O303193,P200135,1,30.61
O303194,P200192,1,60.48
O303194,P200163,1,71.0
O303194,P200044,1,131.46
O303194,P200199,3,234.32
O303195,P200086,3,17.57
O303195,P200058,3,61.03
O303195,P200149,3,102.25
O303195,P200070,2,16.8
O303195,P200196,3,43.04
O303196,P200130,3,98.74
O303196,P200158,1,152.8
O303196,P200224,2,133.68
O303197,P200128,3,58.5
O303198,P200220,1,30.53
O303199,P200063,3,83.37
O303199,P200024,1,127.96
O303200,P200080,3,32.57
O303200,P200178,1,9.21
O303201,P200146,3,14.35
O303202,P200031,1,30.6
O303202,P200147,2,82.8
O303202,P200188,3,51.29
O303202,P200009,1,13.04
O303203,P200007,1,74.4
O303203,P200239,2,48.81
O303204,P200193,1,33.75
O303204,P200185,3,132.61
O303204,P200187,3,220.93
O303204,P200003,3,105.52
O303205,P200019,3,428.82
O303205,P200200,2,81.21
O303206,P200222,2,92.01
O303207,P200127,3,126.7
O303208,P200181,1,97.54
O303208,P200221,1,497.21
O303208,P200091,2,58.63
O303209,P200129,2,151.32
O303209,P200093,2,169.37
O303209,P200048,3,20.68
O303210,P200090,3,117.36
O303210,P200209,3,56.95
O303210,P200071,1,51.57
O303211,P200118,1,43.47
O303211,P200060,3,67.21
O303211,P200164,2,120.79
O303211,P200212,2,63.5
O303211,P200092,3,36.65
O303212,P200140,3,17.37
O303212,P200003,2,111.92
O303212,P200088,2,117.69
O303212,P200064,1,5.75
O303213,P200168,3,251.77
O303213,P200193,1,43.17
O303213,P200096,3,27.67
O303213,P200100,1,33.99
O303214,P200150,3,22.18
O303215,P200044,2,134.9
O303215,P200204,2,741.11
O303215,P200068,2,18.33
O303216,P200071,3,52.08
O303216,P200104,3,93.78
O303216,P200055,3,111.08
O303216,P200090,2,137.95
O303217,P200227,1,29.67
O303217,P200110,2,80.6
O303217,P200205,2,168.6
O303218,P200059,3,29.85
O303218,P200125,2,72.24
O303218,P200034,2,91.1
O303218,P200227,2,31.67
O303218,P200068,2,19.05
O303219,P200116,3,151.35
O303219,P200245,1,10.37
O303219,P200240,1,303.6
O303220,P200000,1,152.79
O303220,P200158,3,127.64
O303221,P200228,3,129.68
O303221,P200003,2,103.72
O303221,P200170,1,51.33
O303221,P200138,2,38.43
O303221,P200054,2,84.11
O303222,P200120,3,62.8
O303222,P200247,1,18.66
O303223,P200042,3,81.89
O303223,P200206,1,47.7
O303223,P200107,2,40.73
O303224,P200062,3,31.33
O303225,P200007,2,74.75
O303226,P200182,2,8.28
O303227,P200227,3,36.47
O303227,P200237,2,95.45
O303227,P200225,3,8.64
O303228,P200201,2,103.43
O303228,P200121,2,40.13
O303228,P200122,3,69.41
O303228,P200038,1,501.29
O303228,P200188,2,59.85
O303229,P200145,2,126.31
O303230,P200085,2,30.36
O303230,P200149,3,105.01
O303230,P200117,2,67.33
O303230,P200201,3,120.13
O303230,P200235,1,17.26
O303231,P200019,2,371.84
O303231,P200187,1,269.03
O303231,P200188,1,53.54
O303231,P200246,3,95.85
O303231,P200204,1,782.23
O303232,P200077,1,45.09
O303233,P200003,1,117.73
O303234,P200066,1,38.93
O303234,P200187,2,278.57
O303234,P200006,1,193.08
O303234,P200152,1,139.91
O303234,P200140,1,19.17
O303235,P200216,1,109.46
O303235,P200191,3,7.6
O303235,P200005,2,25.72
O303236,P200183,2,147.62
O303237,P200215,2,100.03
O303237,P200133,1,24.5
O303237,P200145,2,124.52
O303237,P200042,1,87.88
O303237,P200128,2,56.71
O303238,P200000,1,122.3
O303238,P200064,3,7.08
O303238,P200075,3,56.12
O303239,P200031,3,30.99
O303239,P200226,2,118.0
O303239,P200022,2,59.76
O303239,P200222,3,110.8
O303240,P200169,2,56.87
O303240,P200012,2,81.44
O303240,P200203,1,501.13
O303240,P200014,1,65.78
O303241,P200198,3,264.2
O303241,P200164,3,144.72
O303242,P200204,1,631.98
O303242,P200179,1,88.48
O303243,P200088,3,114.76
O303244,P200087,3,120.02
O303244,P200238,2,27.33
O303244,P200234,1,14.2
O303245,P200164,2,143.41
O303245,P200134,1,94.62
O303245,P200189,1,108.14
O303245,P200048,3,22.56
O303245,P200055,1,99.05
O303246,P200244,1,42.0
O303246,P200203,2,423.29
O303246,P200149,1,84.29
O303246,P200124,1,299.05
O303247,P200205,3,157.83
O303247,P200099,3,16.24
O303247,P200064,3,6.81
O303247,P200207,1,41.77
O303248,P200248,1,5.45
O303249,P200131,2,286.99
O303249,P200003,2,110.86
O303249,P200047,1,61.56
O303250,P200100,3,32.34
O303250,P200067,2,5.55
O303250,P200078,3,14.65
O303250,P200074,3,60.46
O303250,P200165,2,14.46
O303251,P200190,3,16.96
O303252,P200052,2,111.69
O303252,P200213,3,16.43
O303253,P200028,1,84.39
O303253,P200182,2,7.88
O303253,P200197,3,453.26
O303253,P200091,2,66.99
O303254,P200031,3,29.29
O303255,P200120,2,62.39
O303255,P200163,2,66.82
O303256,P200152,2,137.11
O303256,P200235,2,14.94
O303256,P200064,3,6.24
O303256,P200023,2,126.49
O303256,P200008,3,24.05
O303257,P200088,2,104.93
O303258,P200223,1,41.9
O303258,P200181,3,83.94
O303258,P200055,2,110.31
O303259,P200205,3,132.58
O303259,P200134,1,90.56
O303260,P200115,1,44.54
O303260,P200243,3,62.22
O303261,P200112,1,117.01
O303261,P200082,2,155.49
O303262,P200167,2,125.19
O303262,P200115,1,42.75
O303263,P200075,3,56.46
O303263,P200060,3,64.4
O303263,P200156,3,101.42
O303263,P200191,3,7.51
O303264,P200245,1,10.49
O303265,P200047,1,68.45
O303266,P200078,1,14.59
O303266,P200059,2,27.3
O303267,P200182,1,9.26
O303267,P200072,3,45.79
O303267,P200146,3,14.26
O303267,P200147,1,80.43
O303267,P200228,3,128.49
O303268,P200172,3,60.84
O303268,P200070,1,18.07
O303269,P200226,1,96.98
O303270,P200157,3,65.49
O303270,P200006,2,166.86
O303270,P200010,3,127.15
O303271,P200047,2,72.91
O303271,P200088,1,94.83
O303271,P200034,3,90.93
O303271,P200046,1,9.21
O303272,P200170,2,51.0
O303272,P200230,1,137.56
O303272,P200153,2,29.43
O303273,P200165,2,14.37
O303274,P200244,3,44.75
O303274,P200031,2,27.86
O303274,P200082,3,148.42
O303274,P200134,3,107.51
O303274,P200241,1,96.45
O303275,P200200,1,84.5
O303275,P200243,3,66.25
O303275,P200048,2,23.8
O303275,P200184,3,108.35
O303275,P200065,1,136.37
O303276,P200134,2,113.64
O303276,P200062,2,29.52
O303276,P200191,2,6.27
O303276,P200071,2,45.38
O303276,P200119,2,76.98
O303277,P200133,1,25.37
O303277,P200147,2,71.18
O303277,P200214,3,105.08
O303277,P200099,1,15.72
O303277,P200013,1,89.53
O303278,P200222,1,102.6
O303278,P200170,3,51.54
O303279,P200145,3,117.64
O303279,P200064,1,6.66
O303279,P200021,3,66.59
O303280,P200086,2,15.66
O303280,P200163,2,75.35
O303280,P200153,1,28.55
O303280,P200172,1,59.69
O303280,P200078,3,15.11
O303281,P200055,1,89.06
O303281,P200130,3,122.5
O303281,P200204,2,692.82
O303282,P200228,3,132.94
O303282,P200163,2,66.55
O303282,P200134,1,98.29
O303282,P200126,1,24.34
O303282,P200044,2,114.03
O303283,P200247,3,15.08
O303283,P200156,2,98.58
O303283,P200050,2,36.55
O303283,P200100,3,27.66
O303284,P200167,2,144.85
O303284,P200180,3,262.92
O303284,P200199,3,287.19
O303284,P200149,1,105.12
O303284,P200212,3,68.86
O303285,P200219,2,246.17
O303286,P200238,2,34.79
O303286,P200081,3,558.86
O303286,P200075,2,52.26
O303286,P200197,2,484.44
O303287,P200041,1,109.52
O303287,P200183,3,126.06
O303287,P200209,3,55.69
O303287,P200151,3,122.4
O303287,P200131,2,261.61
O303288,P200080,3,34.13
O303289,P200168,1,270.6
O303289,P200226,3,95.48
O303289,P200012,3,81.73
O303289,P200070,2,17.06
O303290,P200103,2,120.81
O303291,P200065,2,133.61
O303291,P200103,1,99.8
O303291,P200067,2,6.16
O303291,P200091,1,57.53
O303291,P200236,3,46.03
O303292,P200015,3,126.92
O303292,P200242,3,89.82
O303292,P200206,2,43.59
O303292,P200154,1,286.02
O303292,P200249,2,112.48
O303293,P200032,3,445.58
O303294,P200039,1,75.52
O303294,P200089,3,39.12
O303294,P200046,2,9.25
O303295,P200143,2,13.5
O303295,P200233,3,106.01
O303296,P200200,3,81.06
O303296,P200119,3,67.08
O303296,P200035,1,43.81
O303296,P200124,2,268.52
O303296,P200212,1,68.65
O303297,P200216,2,107.99
O303297,P200074,2,57.85
O303298,P200245,1,10.88
O303298,P200171,3,77.33
O303298,P200069,2,36.89
O303298,P200152,1,130.48
O303299,P200128,1,47.51
O303300,P200090,3,128.91
O303300,P200226,3,105.85
O303301,P200239,3,39.09
O303301,P200172,3,61.31
O303301,P200124,1,277.03
O303301,P200203,1,471.77
O303301,P200013,2,90.57
O303302,P200141,2,120.42
O303302,P200231,1,27.47
O303303,P200235,1,18.15
O303303,P200154,1,274.17
O303303,P200024,3,102.97
O303303,P200124,1,262.15
O303304,P200241,2,94.74
O303304,P200078,3,16.88
O303304,P200001,3,7.03
O303304,P200145,2,99.46
O303304,P200163,2,72.82
O303305,P200249,2,107.14
O303305,P200044,3,119.4
O303305,P200162,1,110.29
O303305,P200055,2,92.66
O303305,P200178,1,10.32
O303306,P200178,1,8.52
O303307,P200237,3,96.47
O303307,P200112,2,105.59
O303308,P200141,3,113.41
O303308,P200239,1,48.23
O303308,P200054,1,79.69
O303308,P200109,3,20.31
O303309,P200009,3,11.92
O303309,P200216,1,91.47
O303309,P200147,3,69.74
O303309,P200110,3,77.11
O303309,P200024,3,109.68
O303310,P200179,2,101.68
O303310,P200080,1,33.39
O303310,P200236,1,42.07
O303310,P200091,2,62.75
O303310,P200119,2,79.41
O303311,P200249,2,102.42
O303311,P200141,2,121.34
O303311,P200005,1,27.87
O303311,P200190,3,18.08
O303312,P200060,2,70.64
O303313,P200113,1,67.24
O303313,P200026,2,129.31
O303313,P200124,3,284.9
O303313,P200234,3,12.37
O303314,P200211,2,124.82
O303314,P200229,1,32.48
O303315,P200172,2,57.09
O303315,P200082,3,131.87
O303315,P200165,2,15.34
O303315,P200057,2,147.6
O303315,P200173,3,12.67
O303316,P200081,2,615.75
O303316,P200223,2,40.99
O303316,P200180,3,273.05
O303317,P200134,3,90.74
O303318,P200130,1,124.27
O303318,P200010,1,136.44
O303318,P200088,2,94.97
O303318,P200210,2,105.07
O303318,P200120,3,64.61
O303319,P200132,3,126.59
O303319,P200028,2,88.0
O303319,P200179,1,98.78
O303319,P200077,1,50.36
O303319,P200172,1,64.63
O303320,P200037,3,44.57
O303320,P200052,3,121.24
O303320,P200240,2,270.49
O303321,P200018,2,42.77
O303321,P200229,1,30.08
O303321,P200005,2,22.02
O303321,P200003,3,131.21
O303321,P200238,3,29.52
O303322,P200039,2,64.98
O303323,P200057,1,149.81
O303323,P200038,1,506.34
O303324,P200128,1,60.29
O303325,P200004,2,53.99
O303325,P200035,3,36.93
O303326,P200021,3,57.4
O303326,P200050,3,36.68
O303327,P200209,2,60.75
O303327,P200058,3,61.56
O303327,P200046,3,10.12
O303328,P200239,3,38.88
O303328,P200223,3,35.71
O303329,P200091,3,58.89
O303329,P200159,3,17.39
O303329,P200181,2,87.19
O303330,P200196,2,40.35
O303330,P200020,3,108.94
O303331,P200111,1,38.87
O303331,P200227,1,37.82
O303332,P200155,1,115.72
O303332,P200194,1,106.92
O303332,P200015,2,139.4
O303332,P200149,3,94.15
O303332,P200160,1,44.64
O303333,P200187,3,276.09
O303333,P200223,2,35.31
O303333,P200031,1,27.38
O303334,P200185,1,132.84
O303335,P200024,2,106.06
O303335,P200009,3,12.6
O303336,P200189,1,107.88
O303336,P200094,2,60.67
O303336,P200197,2,502.7
O303336,P200112,3,108.91
O303336,P200071,1,43.95
O303337,P200065,3,145.9
O303338,P200154,2,231.13
O303338,P200095,2,127.26
O303338,P200132,3,119.46
O303338,P200002,2,23.17
O303338,P200239,3,48.29
O303339,P200044,3,126.65
O303339,P200155,2,100.49
O303340,P200145,2,103.81
O303340,P200036,1,56.47
O303340,P200050,3,37.37
O303340,P200183,2,120.71
O303341,P200006,3,165.02
O303341,P200102,3,109.19
O303341,P200234,3,12.09
O303342,P200084,3,79.61
O303342,P200152,2,116.79
O303342,P200233,1,88.14
O303342,P200107,3,36.33
O303343,P200045,1,53.82
O303343,P200169,3,69.19
O303343,P200167,3,138.19
O303343,P200127,1,100.59
O303344,P200223,3,40.37
O303345,P200044,3,128.42
O303345,P200107,1,42.17
O303346,P200207,1,38.69
O303346,P200047,3,73.72
O303346,P200173,2,13.95
O303347,P200172,3,59.53
O303347,P200131,2,290.0
O303348,P200074,2,62.41
O303348,P200223,1,43.41
O303349,P200117,3,67.04
O303349,P200129,1,140.32
O303349,P200027,1,33.34
O303349,P200069,2,40.37
O303349,P200034,3,91.67
O303350,P200115,2,44.75
O303350,P200121,1,37.12
O303351,P200059,3,24.42
O303352,P200155,3,125.44
O303352,P200070,1,14.07
O303352,P200099,2,16.5
O303353,P200202,1,123.09
O303354,P200042,3,76.63
O303355,P200101,2,8.24
O303355,P200084,3,76.56
O303355,P200142,3,97.66
O303355,P200221,2,419.2
O303355,P200103,1,97.35
O303356,P200202,1,125.41
O303356,P200024,1,102.58
O303357,P200057,3,132.82
O303358,P200051,1,122.54
O303358,P200097,1,135.74
O303358,P200063,1,93.72
O303358,P200055,3,86.92
O303359,P200047,1,71.94
O303359,P200106,1,7.68
O303359,P200031,3,31.3
O303360,P200196,3,37.65
O303360,P200121,2,36.83
O303360,P200209,3,59.45
O303361,P200235,2,15.8
O303361,P200004,3,46.7
O303361,P200124,2,298.92
O303362,P200154,2,267.19
O303363,P200138,1,35.16
O303363,P200222,2,92.99
O303363,P200089,3,36.2
O303363,P200176,2,96.7
O303363,P200141,2,95.11
O303364,P200034,2,94.24
O303365,P200121,1,38.54
O303365,P200012,1,62.89
O303365,P200239,2,42.36
O303366,P200077,1,46.88
O303366,P200228,3,127.7
O303367,P200150,2,19.39
O303367,P200198,3,329.34
O303367,P200171,3,99.73
O303367,P200084,1,72.9
O303368,P200215,3,121.8
O303368,P200064,2,6.07
O303368,P200045,2,54.13
O303369,P200107,2,45.62
O303369,P200230,3,116.49
O303370,P200200,2,67.88
O303370,P200177,2,29.0
O303370,P200164,1,115.6
O303371,P200000,1,137.46
O303371,P200010,1,115.04
O303372,P200140,1,22.22
O303373,P200058,2,76.11
O303373,P200043,3,32.88
O303373,P200147,1,67.06
O303373,P200021,3,72.63
O303373,P200130,3,123.47
O303374,P200062,2,24.76
O303374,P200245,3,8.91
O303374,P200241,1,96.61
O303374,P200038,1,476.98
O303375,P200051,2,121.56
O303375,P200174,1,108.32
O303375,P200033,3,25.48
O303375,P200138,2,43.99
O303376,P200124,3,307.95
O303376,P200135,1,27.81
O303376,P200240,3,267.18
O303376,P200050,3,38.09
O303376,P200224,3,115.62
O303377,P200128,2,54.6
O303377,P200196,1,34.53
O303377,P200126,1,23.15
O303377,P200040,1,58.12
O303377,P200244,2,41.9
O303378,P200146,3,12.27
O303378,P200148,2,39.4
O303378,P200071,1,47.73
O303379,P200019,1,336.74
O303379,P200041,1,104.81
O303379,P200218,1,102.41
O303379,P200143,1,12.23
O303380,P200191,2,6.24
O303380,P200148,1,39.69
O303380,P200003,1,119.82
O303381,P200227,2,37.64
O303381,P200099,2,15.78
O303382,P200120,3,67.67
O303382,P200100,2,35.73
O303382,P200037,2,56.47
O303382,P200066,3,44.64
O303383,P200116,2,184.58
O303383,P200073,2,180.15
O303383,P200047,1,62.93
O303383,P200065,1,121.12
O303383,P200213,3,15.21
O303384,P200163,2,67.08
O303384,P200214,1,117.79
O303384,P200099,1,17.33
O303384,P200066,1,44.79
O303384,P200114,2,136.82
O303385,P200109,3,21.96
O303385,P200047,2,78.75
O303385,P200110,3,77.98
O303386,P200184,1,108.45
O303386,P200063,1,90.65
O303386,P200175,2,15.53
O303386,P200171,3,100.43
O303386,P200167,2,118.63
O303387,P200042,2,74.21
O303388,P200037,3,57.0
O303389,P200168,3,258.96
O303389,P200122,2,72.79
O303389,P200132,2,113.64
O303390,P200023,3,104.75
O303390,P200241,1,91.65
O303391,P200208,2,11.56
O303391,P200076,1,61.17
O303391,P200111,2,39.3
O303391,P200065,2,133.45
O303391,P200244,1,39.45
O303392,P200070,1,13.97
O303393,P200216,3,111.42
O303393,P200123,1,22.52
O303393,P200099,1,17.5
O303394,P200222,3,101.64
O303394,P200223,1,44.67
O303394,P200023,3,104.35
O303394,P200125,1,70.25
O303395,P200064,3,6.47
O303396,P200099,1,16.65
O303397,P200026,3,142.79
O303397,P200178,3,10.19
O303397,P200090,2,124.39
O303398,P200067,1,5.79
O303398,P200077,1,53.36
O303398,P200190,3,15.13
O303398,P200096,3,23.52
O303398,P200013,3,94.67
O303399,P200072,2,46.95
O303400,P200046,3,8.86
O303401,P200208,3,13.27
O303401,P200027,2,31.5
O303401,P200021,1,57.92
O303401,P200035,3,44.61
O303401,P200152,2,141.27
O303402,P200112,1,115.18
O303402,P200046,3,10.98
O303402,P200155,2,111.69
O303402,P200080,3,33.46
O303403,P200054,3,85.36
O303403,P200206,3,47.42
O303403,P200192,2,55.9
O303403,P200089,1,44.07
O303404,P200017,1,131.76
O303404,P200042,2,85.41
O303405,P200161,2,70.75
O303405,P200013,2,78.24
O303406,P200050,1,30.99
O303406,P200206,1,48.15
O303406,P200187,2,247.78
O303407,P200149,3,93.42
O303407,P200031,2,32.82
O303408,P200196,2,37.65
O303408,P200044,3,134.49
O303408,P200175,1,16.44
O303409,P200176,1,95.96
O303409,P200036,2,56.89
O303409,P200142,1,108.1
O303409,P200192,2,52.76
O303409,P200107,3,43.18
O303410,P200100,2,33.64
O303410,P200147,1,77.97
O303410,P200107,3,38.36
O303410,P200060,2,69.58
O303411,P200156,3,90.61
O303411,P200201,3,104.77
O303411,P200079,2,8.68
O303411,P200237,3,100.82
O303411,P200207,2,40.94
O303412,P200132,1,110.31
O303412,P200183,3,134.09
O303412,P200016,1,381.41
O303413,P200004,3,45.72
O303413,P200147,3,63.49
O303413,P200126,3,22.23
O303413,P200181,3,94.55
O303414,P200068,1,20.97
O303414,P200202,2,117.95
O303414,P200098,2,119.72
O303415,P200097,2,130.72
O303415,P200221,1,489.75
O303415,P200075,2,62.71
O303415,P200030,3,60.89
O303416,P200241,1,89.71
O303416,P200203,1,416.87
O303416,P200139,3,237.43
O303416,P200084,3,69.97
O303417,P200131,2,296.83
O303417,P200019,2,374.03
O303417,P200145,2,126.02
O303417,P200008,2,20.33
O303417,P200211,3,131.25
O303418,P200089,2,37.1
O303418,P200063,2,92.1
O303418,P200100,2,29.72
O303418,P200075,1,59.5
O303418,P200143,1,12.2
O303419,P200031,2,31.3
O303420,P200006,2,157.91
O303420,P200138,3,40.88
O303420,P200016,1,431.28
O303420,P200030,1,55.83
O303421,P200228,2,129.6
O303421,P200164,1,114.28
O303421,P200239,3,44.77
O303421,P200042,3,76.37
O303422,P200071,2,41.24
O303422,P200174,3,125.53
O303422,P200111,2,36.16
O303422,P200058,3,63.24
O303423,P200074,2,61.7
O303424,P200161,2,57.96
O303424,P200212,2,64.8
O303424,P200189,1,102.94
O303425,P200239,3,43.32
O303425,P200091,2,69.11
O303425,P200126,2,23.23
O303425,P200235,3,14.91
O303425,P200195,2,29.9
O303426,P200160,1,40.7
O303426,P200013,3,84.45
O303426,P200109,1,18.0
O303426,P200208,3,10.94
O303426,P200115,2,36.84
O303427,P200048,3,24.08
O303427,P200158,2,146.3
O303428,P200057,2,148.36
O303428,P200043,2,36.04
O303428,P200098,1,107.53
O303429,P200242,3,80.07
O303429,P200195,2,32.13
O303429,P200012,2,73.25
O303429,P200127,3,107.74
O303429,P200152,2,138.82
O303430,P200236,3,39.09
O303430,P200062,3,28.5
O303430,P200079,1,7.83
O303430,P200228,2,110.24
O303430,P200184,3,109.52
O303431,P200043,2,34.31
O303431,P200183,1,117.78
O303432,P200117,1,61.33
O303432,P200150,3,22.9
O303432,P200035,3,34.88
O303432,P200173,1,13.58
O303432,P200030,1,60.99
O303433,P200072,2,40.9
O303433,P200055,2,112.4
O303433,P200193,2,40.83
O303433,P200087,2,98.9
O303433,P200014,3,61.41
O303434,P200167,1,133.13
O303435,P200136,1,144.53
O303436,P200127,1,113.59
O303437,P200096,1,27.77
O303438,P200044,2,112.23
O303438,P200004,2,41.9
O303438,P200153,1,33.41
O303438,P200035,3,34.68
O303439,P200015,3,129.31
O303439,P200146,1,15.14
O303440,P200016,3,341.66
O303440,P200123,1,27.91
O303440,P200167,1,127.87
O303440,P200138,2,37.23
O303441,P200166,3,21.74
O303442,P200152,3,113.21
O303442,P200065,1,130.08
O303442,P200055,2,106.37
O303442,P200005,1,21.61
O303443,P200085,2,28.95
O303443,P200199,2,236.24
O303443,P200189,2,98.14
O303443,P200140,3,21.28
O303444,P200205,3,145.07
O303444,P200066,3,45.03
O303444,P200137,2,82.02
O303444,P200163,2,63.28
O303444,P200018,3,40.13
O303445,P200181,2,104.38
O303445,P200076,3,69.12
O303446,P200194,2,98.45
O303446,P200214,2,121.95
O303446,P200052,3,113.41
O303447,P200209,1,67.28
O303447,P200085,1,26.11
O303447,P200192,2,51.2
O303448,P200153,3,32.71
O303448,P200000,2,136.95
O303449,P200074,3,53.21
O303449,P200017,1,141.19
O303449,P200019,1,411.51
O303449,P200142,3,89.59
O303450,P200232,2,87.88
O303450,P200081,2,490.92
O303450,P200245,1,9.63
O303451,P200217,1,153.08
O303451,P200233,3,102.8
O303451,P200067,3,6.35
O303451,P200181,3,86.17
O303451,P200012,3,77.18
O303452,P200029,2,15.66
O303453,P200103,3,105.89
O303453,P200227,1,35.74
O303454,P200042,3,73.32
O303454,P200082,2,145.83
O303454,P200062,3,27.73
O303455,P200175,1,14.91
O303455,P200045,3,48.97
O303455,P200074,3,56.07
O303456,P200120,1,63.93
O303456,P200084,3,68.98
O303456,P200007,3,63.84
O303456,P200059,1,24.87
O303456,P200089,1,44.21
O303457,P200010,3,125.53
O303457,P200113,2,54.28
O303457,P200248,1,5.86
O303457,P200101,2,8.14
O303458,P200168,3,283.35
O303459,P200114,1,133.97
O303459,P200055,2,109.25
O303459,P200158,2,136.64
O303460,P200025,1,75.29
O303460,P200027,1,26.15
O303460,P200082,1,132.76
O303460,P200033,3,32.56
O303460,P200017,1,120.32
O303461,P200171,1,84.43
O303461,P200013,3,76.46
O303461,P200239,3,47.07
O303461,P200129,2,128.15
O303461,P200055,2,95.26
O303462,P200109,1,19.32
O303462,P200142,1,97.2
O303462,P200134,2,108.79
O303462,P200006,3,166.41
O303462,P200146,3,15.4
O303463,P200015,2,132.89
O303463,P200056,1,110.66
O303463,P200044,3,123.42
O303464,P200174,3,125.5
O303465,P200193,3,40.99
O303465,P200020,2,105.67
O303466,P200060,1,80.68
O303466,P200240,3,238.86
O303466,P200046,3,10.33
O303466,P200194,3,100.75
O303466,P200004,3,47.88
O303467,P200151,2,125.75
O303467,P200161,1,70.57
O303468,P200025,1,74.39
O303468,P200108,2,54.53
O303468,P200058,1,66.58
O303468,P200060,2,74.05
O303469,P200108,1,53.21
O303470,P200095,2,114.77
O303470,P200009,1,11.57
O303470,P200086,2,19.77
O303471,P200010,1,117.52
O303471,P200181,2,83.68
O303471,P200047,1,76.73
O303471,P200175,2,16.16
O303471,P200126,3,19.85
O303472,P200078,1,16.45
O303472,P200094,2,61.98
O303473,P200087,3,112.58
O303474,P200074,3,58.89
O303474,P200153,1,26.12
O303475,P200009,3,12.24
O303476,P200042,2,71.27
O303476,P200156,2,100.83
O303476,P200181,2,103.48
O303476,P200230,3,135.16
O303477,P200140,3,20.94
O303478,P200140,2,20.11
O303478,P200063,1,94.81
O303479,P200058,3,68.1
O303479,P200176,1,93.21
O303479,P200228,1,122.75
O303480,P200077,2,45.45
O303480,P200037,1,57.54
O303481,P200101,2,10.35
O303481,P200144,2,94.93
O303481,P200248,3,5.31
O303481,P200084,3,78.53
O303482,P200245,3,10.87
O303482,P200051,1,114.47
O303482,P200079,3,7.71
O303482,P200106,2,9.5
O303482,P200091,2,68.34
O303483,P200170,2,48.66
O303483,P200163,1,77.46
O303483,P200075,2,60.25
O303483,P200200,2,66.74
O303483,P200236,3,44.32
O303484,P200234,2,11.79
O303484,P200045,1,47.37
O303484,P200069,1,37.49
O303484,P200230,3,134.2
O303485,P200190,3,18.28
O303485,P200141,2,119.66
O303485,P200091,2,65.57
O303485,P200059,3,29.71
O303485,P200075,3,51.22
O303486,P200018,2,41.88
O303486,P200081,2,518.0
O303486,P200218,1,97.17
O303486,P200202,3,121.07
O303487,P200046,2,8.61
O303488,P200000,1,138.87
O303488,P200153,3,25.99
O303488,P200130,2,100.15
O303488,P200083,2,117.71
O303488,P200065,1,115.67
O303489,P200080,2,32.55
O303489,P200113,3,60.93
O303489,P200106,2,8.63
O303490,P200077,3,43.11
O303491,P200142,3,88.5
O303491,P200042,3,75.95
O303491,P200024,2,125.95
O303491,P200016,3,362.96
O303492,P200058,3,75.26
O303492,P200182,1,9.52
O303493,P200149,3,90.37
O303493,P200004,1,51.3
O303493,P200115,3,41.17
O303494,P200104,2,95.85
O303494,P200029,3,15.73
O303494,P200195,2,33.41
O303494,P200014,2,56.28
O303495,P200141,1,121.61
O303496,P200114,1,117.28
O303496,P200192,3,49.89
O303496,P200248,2,5.13
O303497,P200141,2,117.17
O303498,P200046,3,9.04
O303499,P200103,2,104.14
O303499,P200211,2,133.33
O303500,P200091,3,66.41
O303500,P200013,1,92.21
O303500,P200010,3,136.88
O303500,P200070,3,14.75
O303501,P200079,1,7.19
O303501,P200137,1,79.49
O303501,P200186,3,9.35
O303502,P200133,1,26.88
O303503,P200037,1,50.38
O303503,P200158,3,118.23
O303503,P200097,2,142.64
O303503,P200225,1,8.23
O303504,P200194,1,126.63
O303504,P200236,3,38.67
O303504,P200127,3,117.54
O303505,P200207,2,39.8
O303506,P200065,3,119.83
O303506,P200034,2,105.03
O303506,P200188,3,51.98
O303507,P200137,2,92.58
O303507,P200222,2,108.78
O303508,P200035,2,40.45
O303508,P200055,3,88.73
O303508,P200016,1,359.08
O303508,P200227,3,37.19
O303509,P200197,1,442.63
O303509,P200121,1,35.53
O303509,P200126,1,23.42
O303509,P200219,1,231.83
O303509,P200024,3,103.86
O303510,P200097,2,132.65
O303510,P200108,1,59.57
O303511,P200054,2,77.76
O303511,P200027,3,30.57
O303511,P200248,2,5.07
O303511,P200133,2,21.44
O303512,P200248,3,5.12
O303513,P200113,3,58.02
O303513,P200234,3,11.6
O303513,P200023,2,112.81
O303514,P200183,3,127.62
O303514,P200068,2,18.49
O303514,P200098,3,109.51
O303514,P200046,3,10.21
O303514,P200008,1,21.07
O303515,P200048,1,21.5
O303516,P200142,1,91.66
O303516,P200239,3,43.44
O303516,P200032,3,550.81
O303516,P200145,2,109.72
O303516,P200162,2,137.01
O303517,P200141,2,96.69
O303518,P200237,1,96.37
O303518,P200050,3,40.16
O303518,P200093,1,146.2
O303519,P200036,1,53.09
O303520,P200040,2,52.26
O303521,P200108,3,67.47
O303521,P200155,3,108.31
O303522,P200103,2,126.54
O303522,P200116,3,146.64
O303522,P200145,1,114.63
O303523,P200089,1,36.16
O303523,P200134,2,95.41
O303523,P200033,1,26.56
O303523,P200229,3,27.87
O303524,P200104,1,73.91
O303524,P200237,3,114.61
O303525,P200066,3,42.72
O303525,P200089,2,40.76
O303525,P200079,2,9.02
O303526,P200195,2,33.63
O303527,P200175,1,14.18
O303527,P200027,3,31.92
O303527,P200104,3,90.83
O303527,P200071,2,52.73
O303528,P200023,3,125.01
O303529,P200053,2,133.81
O303529,P200208,2,13.13
O303529,P200069,2,35.08
O303529,P200051,1,119.87
O303529,P200157,3,66.03
O303530,P200203,2,434.23
O303531,P200228,1,133.33
O303531,P200078,1,17.66
O303531,P200188,3,55.16
O303531,P200009,2,12.7
O303532,P200184,1,96.7
O303532,P200039,2,74.03
O303533,P200084,1,67.28
O303533,P200054,2,80.44
O303533,P200169,3,57.6
O303533,P200057,2,140.16
O303533,P200113,3,54.81
O303534,P200149,1,104.47
O303534,P200089,2,44.52
O303535,P200019,2,408.58
O303535,P200056,2,110.57
O303535,P200200,3,67.76
O303535,P200129,3,139.11
O303535,P200069,3,32.17
O303536,P200169,3,72.46
O303536,P200181,2,89.37
O303536,P200203,3,487.12
O303536,P200201,3,109.78
O303536,P200041,3,133.01
O303537,P200087,1,106.43
O303537,P200106,3,7.96
O303537,P200181,1,91.44
O303538,P200010,3,118.04
O303538,P200081,2,585.48
O303538,P200029,2,19.86
O303539,P200061,1,78.76
O303539,P200063,3,88.23
O303540,P200200,1,66.04
O303540,P200201,3,103.05
O303540,P200043,3,30.93
O303541,P200162,2,112.98
O303541,P200062,3,29.22
O303541,P200150,1,20.38
O303542,P200122,3,81.73
O303543,P200066,2,44.07
O303543,P200007,2,77.46
O303544,P200161,3,66.11
O303544,P200168,3,228.46
O303544,P200180,1,255.4
O303544,P200202,2,104.47
O303544,P200112,1,107.79
O303545,P200108,3,63.73
O303545,P200146,3,11.84
O303545,P200021,3,60.65
O303545,P200145,1,106.74
O303545,P200221,1,519.84
O303546,P200117,3,64.05
O303547,P200195,1,34.09
O303547,P200121,3,41.06
O303547,P200081,2,640.98
O303547,P200122,3,65.77
O303548,P200194,2,127.46
O303548,P200019,1,341.24
O303549,P200232,3,110.05
O303549,P200238,2,32.87
O303549,P200246,1,92.61
O303549,P200084,3,67.54
O303550,P200091,3,56.76
O303550,P200012,2,69.58
O303550,P200199,1,306.73
O303550,P200196,2,34.91
O303551,P200225,2,9.68
O303551,P200144,2,84.87
O303551,P200178,3,10.0
O303551,P200024,1,110.12
O303551,P200128,3,47.76
O303552,P200081,3,573.77
O303552,P200071,3,46.12
O303552,P200067,1,7.07
O303552,P200130,1,103.8
O303553,P200031,1,33.89
O303553,P200192,1,61.22
O303553,P200206,1,40.47
O303553,P200222,2,92.97
O303553,P200057,2,120.92
O303554,P200012,1,71.28
O303554,P200230,1,126.06
O303554,P200146,3,13.71
O303554,P200079,2,8.4
O303554,P200027,3,28.77
O303555,P200025,3,70.8
O303555,P200149,3,101.71
O303555,P200157,2,72.17
O303555,P200199,3,301.04
O303556,P200098,2,118.55
O303556,P200003,2,133.44
O303556,P200088,3,115.36
O303557,P200088,1,106.67
O303557,P200220,2,32.74
O303558,P200150,2,19.91
O303558,P200229,1,35.23
O303559,P200095,2,114.77
O303559,P200183,3,118.17
O303560,P200200,2,69.0
O303560,P200107,1,39.32
O303561,P200002,3,24.09
O303561,P200126,3,21.88
O303562,P200120,2,55.56
O303562,P200131,1,256.35
O303562,P200244,2,50.67
O303563,P200222,2,115.68
O303563,P200225,1,9.75
O303564,P200040,2,49.1
O303564,P200204,3,732.36
O303565,P200213,3,16.22
O303565,P200044,1,125.36
O303565,P200139,3,233.34
O303565,P200105,2,113.83
O303566,P200135,2,24.72
O303566,P200160,2,43.48
O303567,P200139,1,281.95
O303568,P200014,3,54.65
O303569,P200087,2,122.22
O303569,P200084,2,65.63
O303569,P200196,2,38.74
O303569,P200214,1,98.35
O303570,P200241,1,89.6
O303570,P200123,1,23.37
O303570,P200097,3,133.58
O303570,P200004,3,47.93
O303570,P200110,1,76.23
O303571,P200100,3,35.62
O303571,P200015,3,128.18
O303571,P200062,1,28.37
O303571,P200037,3,45.91
O303572,P200235,3,17.97
O303573,P200189,3,110.7
O303573,P200071,2,51.24
O303573,P200084,3,81.82
O303574,P200079,3,7.43
O303574,P200224,3,120.92
O303575,P200245,3,9.32
O303575,P200221,1,414.64
O303576,P200152,3,125.9
O303576,P200063,1,78.77
O303576,P200043,2,30.46
O303576,P200078,3,16.52
O303576,P200000,3,135.96
O303577,P200016,3,406.32
O303577,P200240,1,244.13
O303577,P200130,1,122.91
O303577,P200143,2,12.01
O303577,P200227,1,37.19
O303578,P200071,2,48.69
O303578,P200015,2,129.74
O303578,P200125,2,81.15
O303578,P200058,2,61.47
O303579,P200202,3,107.75
O303579,P200039,3,64.09
O303579,P200094,2,55.26
O303580,P200245,2,8.59
O303580,P200030,3,64.03
O303580,P200141,1,97.01
O303581,P200115,2,40.39
O303581,P200166,2,17.36
O303581,P200095,1,125.38
O303581,P200152,2,126.47
O303581,P200193,2,43.88
O303582,P200152,1,123.08
O303582,P200167,2,137.04
O303582,P200069,2,40.77
O303582,P200125,2,81.95
O303583,P200228,1,110.72
O303583,P200143,1,11.2
O303583,P200037,1,52.53
O303584,P200072,2,38.05
O303585,P200206,2,45.08
O303585,P200113,2,67.02
O303585,P200095,1,141.93
O303585,P200121,2,35.44
O303585,P200154,2,228.35
O303586,P200232,2,101.05
O303586,P200157,3,68.96
O303586,P200176,2,111.85
O303586,P200009,2,12.07
O303586,P200143,2,13.86
O303587,P200173,3,11.67
O303587,P200227,1,30.44
O303588,P200213,1,18.5
O303588,P200090,3,123.53
O303589,P200048,2,23.87
O303589,P200184,1,97.27
O303589,P200093,2,166.26
O303589,P200170,1,45.34
O303589,P200106,1,9.58
O303590,P200010,1,130.03
O303590,P200188,3,56.48
O303590,P200241,1,101.92
O303590,P200062,2,26.55
O303590,P200142,3,104.44
O303591,P200105,2,107.29
O303591,P200202,1,120.32
O303591,P200038,3,532.27
O303592,P200099,3,17.54
O303592,P200150,3,19.68
O303593,P200196,2,36.08
O303593,P200217,3,159.67
O303593,P200046,3,9.71
O303593,P200043,3,28.99
O303594,P200149,1,95.28
O303594,P200075,1,51.87
O303594,P200006,2,204.35
O303594,P200172,1,67.73
O303595,P200017,3,127.71
O303595,P200159,3,16.56
O303595,P200005,2,21.93
O303595,P200141,2,102.42
O303595,P200152,3,129.81
O303596,P200212,1,59.85
O303596,P200028,1,96.58
O303596,P200195,2,31.04
O303597,P200217,1,133.82
O303597,P200143,2,13.83
O303597,P200044,3,137.27
O303598,P200231,3,30.58
O303599,P200075,3,60.89
O303599,P200090,3,125.02
O303599,P200023,2,108.8
O303599,P200123,1,22.12
O303600,P200080,3,28.04
O303600,P200245,3,10.0
O303601,P200149,1,82.7
O303601,P200110,1,89.08
O303602,P200108,3,56.39
O303602,P200147,3,75.44
O303602,P200036,1,47.44
O303602,P200004,3,43.51
O303603,P200198,2,319.05
O303603,P200023,1,105.91
O303604,P200184,1,95.8
O303604,P200178,1,10.48
O303605,P200036,3,48.02
O303605,P200102,2,95.69
O303605,P200207,1,41.05
O303605,P200161,2,62.98
O303605,P200112,2,117.0
O303606,P200101,3,9.81
O303606,P200245,1,10.79
O303606,P200023,3,103.3
O303606,P200075,3,60.07
O303606,P200092,2,39.26
O303607,P200035,2,37.85
O303607,P200165,1,18.15
O303607,P200239,1,42.07
O303608,P200221,1,461.42
O303608,P200175,3,15.5
O303609,P200144,3,76.1
O303610,P200009,1,12.36
O303610,P200103,2,103.06
O303610,P200222,1,117.31
O303610,P200081,1,633.93
O303611,P200244,1,46.3
O303611,P200234,3,12.86
O303611,P200071,2,47.36
O303611,P200094,3,66.71
O303612,P200147,3,77.3
O303612,P200082,3,151.63
O303612,P200120,3,64.81
O303612,P200083,2,142.22
O303613,P200201,3,95.99
O303613,P200121,1,34.15
O303613,P200196,2,35.66
O303613,P200139,1,246.39
O303614,P200137,1,89.33
O303614,P200079,2,9.05
O303614,P200192,3,49.75
O303615,P200069,3,36.52
O303615,P200020,2,129.89
O303615,P200079,2,8.75
O303615,P200196,1,37.32
O303616,P200075,3,52.3
O303616,P200169,3,58.99
O303616,P200214,2,116.62
O303616,P200076,2,73.34
O303617,P200054,2,93.95
O303617,P200118,1,53.86
O303617,P200177,1,29.4
O303617,P200190,3,17.3
O303618,P200007,1,70.89
O303618,P200164,2,134.39
O303618,P200200,1,69.13
O303618,P200129,3,137.88
O303619,P200235,2,17.94
O303620,P200119,2,70.8
O303620,P200232,2,93.82
O303620,P200138,3,43.38
O303620,P200162,1,128.36
O303621,P200137,3,76.8
O303621,P200138,1,34.98
O303621,P200189,2,105.96
O303621,P200216,3,106.89
O303621,P200083,1,132.8
O303622,P200106,3,7.7
O303622,P200009,1,11.65
O303622,P200102,1,98.68
O303623,P200152,2,138.9
O303623,P200022,3,63.02
O303623,P200103,1,115.93
O303624,P200010,3,130.14
O303624,P200168,2,284.01
O303624,P200153,2,31.87
O303624,P200161,3,63.85
O303625,P200000,1,122.85
O303625,P200194,2,123.56
O303625,P200124,2,302.84
O303626,P200093,1,171.31
O303626,P200035,1,35.23
O303626,P200102,3,94.93
O303627,P200192,1,47.27
O303627,P200023,2,122.39
O303627,P200172,3,56.9
O303627,P200194,1,108.33
O303627,P200113,2,68.79
O303628,P200216,2,106.21
O303629,P200237,1,111.83
O303629,P200144,3,85.52
O303629,P200146,1,15.2
O303629,P200065,3,140.3
O303629,P200025,2,85.87
O303630,P200075,3,58.23
O303631,P200063,1,88.87
O303631,P200132,1,114.55
O303632,P200114,3,125.77
O303632,P200031,3,35.65
O303632,P200050,1,34.61
O303632,P200045,2,56.47
O303633,P200196,3,37.19
O303633,P200017,3,142.55
O303633,P200170,1,54.53
O303633,P200079,1,7.46
O303634,P200110,3,99.67
O303634,P200099,1,18.51
O303634,P200173,1,12.57
O303634,P200085,2,29.77
O303634,P200171,1,82.25
O303635,P200066,2,45.0
O303635,P200008,3,22.08
O303636,P200140,1,20.83
O303637,P200166,3,20.59
O303637,P200212,3,73.94
O303638,P200211,3,152.55
O303638,P200095,2,115.19
O303638,P200202,1,101.44
O303639,P200161,1,61.09
O303639,P200113,2,66.63
O303640,P200060,1,73.02
O303640,P200200,2,85.38
O303641,P200016,2,430.42
O303641,P200044,3,142.05
O303641,P200028,1,81.96
O303641,P200029,3,17.84
O303641,P200071,3,43.87
O303642,P200073,3,146.34
O303642,P200091,2,63.98
O303642,P200095,1,132.81
O303643,P200141,1,96.41
O303643,P200097,3,150.48
O303643,P200057,3,123.95
O303643,P200131,2,255.44
O303644,P200024,3,119.09
O303644,P200107,2,46.3
O303644,P200164,2,136.73
O303644,P200025,1,68.74
O303645,P200110,2,99.38
O303645,P200019,3,354.19
O303645,P200008,3,20.74
O303646,P200159,1,20.91
O303646,P200008,3,22.9
O303646,P200024,1,100.62
O303646,P200225,1,10.72
O303647,P200221,2,482.71
O303647,P200042,2,83.13
O303647,P200210,1,87.58
O303647,P200067,3,6.43
O303647,P200069,3,31.92
O303648,P200090,3,119.13
O303648,P200138,3,36.99
O303648,P200019,3,365.39
O303648,P200208,3,13.21
O303649,P200096,2,26.19
O303649,P200089,3,43.94
O303650,P200234,1,12.94
O303650,P200163,3,67.52
O303650,P200147,1,72.92
O303650,P200092,1,37.63
O303651,P200247,3,14.95
O303651,P200160,2,51.23
O303652,P200021,1,69.04
O303653,P200146,1,13.52
O303653,P200101,1,9.26
O303653,P200188,3,54.5
O303654,P200089,3,38.15
O303654,P200184,2,106.29
O303654,P200020,1,131.15
O303655,P200142,1,96.23
O303655,P200070,2,18.17
O303655,P200067,1,5.67
O303656,P200155,1,98.72
O303656,P200142,3,93.09
O303657,P200223,2,35.88
O303657,P200181,2,86.18
O303658,P200092,1,34.14
O303658,P200064,3,5.73
O303658,P200211,3,124.23
O303658,P200204,2,659.34
O303658,P200107,2,44.77
O303659,P200228,2,131.5
O303659,P200230,3,110.72
O303660,P200117,3,63.7
O303660,P200157,3,57.27
O303660,P200114,3,128.63
O303660,P200019,2,429.94
O303661,P200047,2,73.06
O303661,P200176,2,97.11
O303662,P200159,2,20.6
O303663,P200236,3,36.22
O303664,P200200,2,80.04
O303664,P200036,3,54.17
O303665,P200156,3,109.35
O303665,P200197,1,434.54
O303665,P200077,1,50.89
O303665,P200123,1,24.9
O303665,P200106,1,9.69
O303666,P200227,1,33.47
O303666,P200015,1,136.72
O303666,P200203,2,504.08
O303667,P200074,3,57.98
O303667,P200076,3,77.08
O303667,P200047,1,75.33
O303667,P200230,3,114.87
O303668,P200206,3,44.0
O303668,P200248,3,5.91
O303668,P200161,2,61.81
O303668,P200159,3,17.15
O303668,P200041,3,116.72
O303669,P200235,3,16.46
O303670,P200087,1,116.37
O303671,P200015,3,117.25
O303671,P200130,1,96.54
O303671,P200152,1,124.47
O303671,P200180,1,289.04
O303671,P200143,3,14.17
O303672,P200216,2,116.31
O303672,P200169,1,56.1
O303672,P200151,2,127.18
O303673,P200046,2,10.18
O303673,P200109,2,19.63
O303673,P200107,2,42.72
O303673,P200236,2,39.94
O303674,P200196,2,42.66
O303674,P200104,2,88.78
O303675,P200011,1,44.99
O303675,P200121,2,43.31
O303675,P200105,3,122.0
O303675,P200136,2,158.23
O303675,P200040,2,49.68
O303676,P200185,3,118.47
O303676,P200108,2,58.17
O303676,P200146,2,14.44
O303676,P200208,3,10.9
O303677,P200088,2,108.78
O303677,P200037,1,53.59
O303678,P200151,1,129.35
O303678,P200223,2,37.45
O303678,P200097,3,127.49
O303678,P200126,1,24.47
O303679,P200102,3,107.88
O303680,P200034,2,88.42
O303680,P200130,2,117.15
O303681,P200060,3,66.0
O303681,P200175,1,16.23
O303682,P200127,1,115.36
O303682,P200085,2,25.37
O303682,P200128,1,53.62
O303682,P200048,1,22.3
O303683,P200123,1,24.8
O303683,P200141,1,100.22
O303683,P200083,1,115.08
O303683,P200024,3,107.84
O303684,P200157,2,67.09
O303685,P200069,3,38.77
O303685,P200157,2,63.96
O303685,P200008,1,22.13
O303685,P200207,1,33.36
O303685,P200109,3,22.52
O303686,P200100,1,31.27
O303686,P200006,3,204.08
O303686,P200241,1,100.53
O303686,P200085,3,28.76
O303686,P200222,3,108.94
O303687,P200033,3,25.59
O303687,P200122,1,69.61
O303687,P200104,1,83.08
O303688,P200160,2,51.23
O303688,P200066,2,45.2
O303689,P200119,2,67.25
O303689,P200012,3,81.86
O303689,P200218,2,111.02
O303690,P200245,3,10.72
O303690,P200167,1,127.73
O303690,P200212,3,67.71
O303691,P200097,3,127.05
O303691,P200135,2,26.48
O303691,P200039,1,68.23
O303691,P200036,2,53.69
O303692,P200080,3,28.47
O303692,P200211,1,153.42
O303693,P200065,2,120.19
O303694,P200004,2,51.12
O303694,P200074,1,51.89
O303694,P200199,2,279.78
O303694,P200024,1,104.99
O303695,P200071,3,45.95
O303695,P200040,2,48.35
O303695,P200199,1,293.61
O303695,P200035,3,36.53
O303696,P200221,2,457.62
O303696,P200137,1,83.67
O303697,P200195,2,34.72
O303697,P200040,3,48.33
O303697,P200212,1,67.8
O303697,P200169,2,57.25
O303698,P200018,1,36.91
O303698,P200210,1,89.01
O303698,P200078,2,17.83
O303699,P200066,1,38.56
O303699,P200151,2,121.25
O303699,P200017,2,152.41
O303700,P200198,3,277.42
O303701,P200241,3,98.38
O303701,P200160,1,51.44
O303702,P200189,1,95.28
O303702,P200119,1,79.14
O303703,P200021,2,62.13
O303703,P200167,3,120.12
O303703,P200095,1,128.66
O303703,P200149,1,93.49
O303703,P200203,1,456.74
O303704,P200018,3,39.44
O303704,P200089,3,39.14
O303704,P200113,2,53.71
O303704,P200034,2,102.11
O303704,P200141,3,97.54
O303705,P200181,2,102.97
O303705,P200071,1,43.11
O303705,P200014,3,66.63
O303705,P200201,3,96.32
O303705,P200210,3,110.49
O303706,P200090,2,129.74
O303706,P200178,2,8.91
O303706,P200182,1,7.62
O303707,P200095,3,142.73
O303707,P200092,2,35.28
O303708,P200211,1,144.15
O303708,P200152,1,110.31
O303708,P200148,2,37.69
O303709,P200239,2,45.41
O303709,P200140,2,18.92
O303709,P200151,3,112.89
O303709,P200237,1,120.79
O303710,P200184,2,109.77
O303710,P200172,3,65.18
O303710,P200231,1,27.34
O303710,P200204,3,726.6
O303711,P200164,3,122.21
O303711,P200038,1,603.51
O303711,P200023,1,132.67
O303711,P200020,1,132.68
O303712,P200194,2,125.94
O303712,P200028,3,95.99
O303712,P200219,2,272.13
O303713,P200016,3,343.01
O303713,P200123,1,22.1
O303713,P200018,3,42.29
O303713,P200214,1,98.31
O303714,P200060,1,80.38
O303714,P200052,2,116.7
O303714,P200206,2,41.7
O303714,P200044,1,141.84
O303714,P200058,1,70.13
O303715,P200113,2,60.46
O303715,P200097,2,149.62
O303715,P200157,3,69.23
O303715,P200101,1,9.3
O303716,P200207,3,40.47
O303716,P200152,2,118.93
O303716,P200092,3,32.61
O303717,P200042,2,84.14
O303717,P200082,3,123.55
O303717,P200225,2,8.92
O303717,P200056,1,96.66
O303717,P200031,2,28.35
O303718,P200115,1,43.69
O303718,P200113,1,56.55
O303718,P200128,3,49.28
O303718,P200189,3,117.66
O303718,P200095,1,136.6
O303719,P200174,1,122.01
O303719,P200075,1,57.51
O303719,P200020,2,124.14
O303719,P200110,3,78.41
O303720,P200120,3,59.74
O303720,P200166,3,20.92
O303720,P200057,1,137.93
O303720,P200055,2,101.62
O303720,P200194,3,113.38
O303721,P200241,1,89.29
O303721,P200055,2,102.26
O303722,P200227,3,34.81
O303722,P200175,3,13.4
O303722,P200147,1,77.02
O303723,P200188,1,49.09
O303723,P200020,1,110.83
O303724,P200097,1,126.34
O303724,P200124,3,256.73
O303725,P200189,3,109.41
O303725,P200200,1,84.22
O303725,P200231,2,32.79
O303725,P200131,2,267.12
O303726,P200099,3,16.93
O303726,P200248,3,5.34
O303726,P200046,1,9.84
O303726,P200056,1,98.15
O303727,P200191,2,7.56
O303728,P200130,3,95.12
O303728,P200111,3,41.75
O303728,P200158,3,144.92
O303728,P200013,2,79.74
O303729,P200211,1,121.39
O303730,P200016,3,416.71
O303731,P200045,2,46.6
O303731,P200129,3,137.77
O303731,P200111,3,39.18
O303732,P200220,2,33.53
O303732,P200114,3,118.38
O303733,P200210,2,93.93
O303733,P200172,2,62.02
O303733,P200021,1,65.3
O303733,P200072,1,47.56
O303733,P200132,1,117.15
O303734,P200100,1,32.65
O303735,P200066,1,44.47
O303736,P200239,3,41.01
O303736,P200191,2,6.57
O303736,P200208,3,11.84
O303736,P200078,1,17.04
O303737,P200169,3,57.61
O303737,P200183,3,137.29
O303738,P200221,2,400.49
O303738,P200191,1,7.89
O303738,P200054,3,91.25
O303738,P200179,2,101.74
O303739,P200124,2,270.83
O303739,P200070,1,16.36
O303739,P200218,1,97.23
O303739,P200045,2,47.32
O303740,P200115,1,40.34
O303741,P200015,2,144.78
O303741,P200223,2,36.33
O303741,P200056,1,108.25
O303742,P200121,3,33.9
O303742,P200181,2,103.96
O303742,P200073,2,172.76
O303743,P200141,3,119.38
O303744,P200112,2,123.26
O303744,P200027,2,28.47
O303744,P200054,2,88.49
O303744,P200138,1,37.48
O303745,P200036,2,47.95
O303745,P200155,2,115.0
O303745,P200180,2,260.79
O303745,P200149,2,102.3
O303745,P200189,1,93.01
O303746,P200166,3,18.08
O303746,P200106,2,8.81
O303746,P200101,1,8.28
O303746,P200182,2,9.03
O303746,P200168,3,282.1
O303747,P200029,3,18.56
O303748,P200091,3,57.97
O303749,P200114,3,119.5
O303749,P200128,1,47.74
O303749,P200142,1,96.93
O303749,P200065,3,129.86
O303749,P200023,2,116.74
O303750,P200043,3,29.91
O303750,P200118,2,52.73
O303751,P200186,2,11.15
O303751,P200119,3,66.11
O303751,P200058,1,77.35
O303751,P200195,2,28.07
O303752,P200246,2,102.31
O303752,P200111,1,44.12
O303753,P200024,2,99.93
O303753,P200043,1,29.01
O303754,P200220,1,30.73
O303754,P200086,2,16.48
O303754,P200180,3,289.02
O303754,P200051,1,119.72
O303755,P200159,3,16.34
O303755,P200208,3,12.05
O303756,P200213,2,18.68
O303757,P200033,2,32.55
O303757,P200157,1,69.21
O303757,P200027,2,28.98
O303758,P200186,2,9.06
O303759,P200002,2,22.19
O303760,P200092,1,35.04
O303760,P200232,3,89.63
O303760,P200214,3,98.41
O303760,P200169,2,72.58
O303761,P200136,3,164.04
O303761,P200175,3,16.14
O303761,P200103,2,108.61
O303762,P200115,1,41.88
O303762,P200078,2,16.84
O303762,P200027,2,32.25
O303763,P200099,2,16.84
O303764,P200099,1,16.15
O303765,P200088,1,105.08
O303765,P200020,2,116.9
O303766,P200064,1,5.9
O303766,P200233,3,86.24
O303767,P200146,2,12.9
O303767,P200162,2,108.62
O303767,P200080,3,34.82
O303768,P200081,3,517.71
O303769,P200106,3,7.87
O303769,P200244,1,41.08
O303769,P200176,2,97.89
O303769,P200157,1,62.98
O303769,P200054,3,85.29
O303770,P200160,1,45.13
O303770,P200046,2,9.9
O303771,P200023,1,111.56
O303771,P200127,2,113.37
O303771,P200227,2,35.91
O303771,P200201,1,103.67
O303771,P200102,2,108.76
O303772,P200068,2,20.28
O303772,P200019,2,350.04
O303772,P200163,2,64.88
O303773,P200238,3,33.95
O303773,P200235,2,16.58
O303773,P200148,3,44.21
O303774,P200020,2,129.91
O303775,P200063,1,95.08
O303775,P200151,3,128.68
O303775,P200190,3,16.49
O303775,P200188,2,50.89
O303776,P200200,2,68.55
O303777,P200183,2,141.26
O303777,P200247,1,18.48
O303777,P200189,1,107.32
O303777,P200221,1,434.2
O303778,P200057,3,134.02
O303778,P200208,1,13.45
O303778,P200217,3,142.74
O303778,P200050,2,38.07
O303778,P200019,3,406.9
O303779,P200078,1,17.29
O303779,P200012,1,63.04
O303780,P200158,3,143.14
O303780,P200041,1,128.57
O303780,P200186,1,11.24
O303780,P200116,3,162.52
O303780,P200122,3,73.41
O303781,P200228,1,111.34
O303781,P200171,1,91.51
O303781,P200241,1,94.7
O303781,P200150,2,18.86
O303782,P200130,3,112.76
O303783,P200047,3,68.99
O303783,P200034,3,83.95
O303784,P200249,3,92.17
O303784,P200166,1,19.11
O303784,P200208,1,12.78
O303784,P200163,2,77.6
O303785,P200131,3,271.63
O303785,P200007,2,70.12
O303785,P200081,3,499.6
O303785,P200123,2,25.06
O303786,P200221,1,466.51
O303787,P200214,2,116.23
O303787,P200104,2,82.13
O303787,P200148,2,38.52
O303787,P200114,1,122.1
O303788,P200175,3,16.11
O303788,P200196,3,41.02
O303788,P200066,1,38.81
O303788,P200010,1,125.49
O303788,P200155,3,113.3
O303789,P200220,2,30.91
O303790,P200100,1,29.73
O303790,P200189,1,104.54
O303790,P200000,1,127.74
O303790,P200091,3,68.59
O303790,P200242,1,91.69
O303791,P200017,1,117.46
O303791,P200114,2,107.76
O303791,P200087,2,110.18
O303792,P200175,3,14.11
O303792,P200139,2,272.78
O303792,P200138,1,35.82
O303792,P200132,3,109.2
O303793,P200135,1,28.16
O303794,P200068,2,18.13
O303794,P200205,1,135.95
O303794,P200236,2,44.62
O303794,P200102,3,115.62
O303795,P200051,1,128.06
O303795,P200089,3,40.55
O303795,P200243,3,55.79
O303796,P200094,3,57.84
O303796,P200229,3,30.99
O303797,P200123,2,27.61
O303797,P200142,1,92.3
O303797,P200187,2,254.38
O303797,P200167,2,123.2
O303798,P200173,1,11.73
O303798,P200052,3,106.09
O303799,P200066,3,44.17
O303800,P200125,2,90.23
O303800,P200172,1,64.73
O303800,P200229,1,33.53
O303801,P200166,2,21.96
O303801,P200039,1,75.83
O303801,P200187,2,251.73
O303801,P200151,1,124.35
O303802,P200179,2,80.8
O303803,P200187,3,258.52
O303803,P200136,3,154.1
O303803,P200228,1,120.53
O303803,P200234,1,12.05
O303803,P200067,1,5.85
O303804,P200192,2,47.35
O303804,P200004,1,45.13
O303804,P200010,2,126.36
O303804,P200092,1,40.36
O303805,P200075,2,60.04
O303805,P200088,2,100.56
O303805,P200116,1,179.42
O303805,P200006,1,170.81
O303805,P200103,1,109.25
O303806,P200030,3,62.92
O303806,P200009,3,10.57
O303806,P200084,3,75.41
O303807,P200095,2,137.02
O303808,P200130,3,107.38
O303809,P200036,1,45.35
O303809,P200230,2,121.0
O303809,P200145,2,120.45
O303810,P200012,1,74.56
O303810,P200099,3,16.02
O303810,P200187,3,247.4
O303811,P200032,2,459.2
O303811,P200221,3,469.54
O303811,P200151,1,122.99
O303811,P200031,3,31.11
O303812,P200244,2,43.14
O303812,P200089,2,40.76
O303812,P200096,1,25.69
O303812,P200084,1,73.97
O303813,P200194,2,103.03
O303813,P200075,1,53.84
O303813,P200083,2,126.07
O303813,P200008,2,23.29
O303814,P200010,1,144.88
O303814,P200052,3,99.32
O303814,P200183,2,145.72
O303815,P200040,1,50.77
O303816,P200191,2,6.51
O303816,P200074,2,56.61
O303816,P200094,1,65.41
O303817,P200040,1,60.08
O303817,P200128,2,56.4
O303817,P200222,1,107.82
O303817,P200146,3,14.26
O303817,P200054,1,92.93
O303818,P200081,3,537.45
O303818,P200054,1,85.55
O303818,P200040,2,58.9
O303818,P200083,3,118.27
O303818,P200039,1,73.32
O303819,P200172,2,66.31
O303819,P200005,2,24.8
O303819,P200148,3,35.93
O303819,P200176,2,88.08
O303819,P200232,1,106.38
O303820,P200248,3,4.7
O303821,P200209,2,61.16
O303821,P200175,3,14.32
O303821,P200109,3,21.53
O303822,P200152,2,108.36
O303822,P200102,2,98.79
O303822,P200174,1,130.23
O303822,P200150,2,22.4
O303823,P200200,2,72.04
O303823,P200110,3,78.08
O303824,P200124,1,290.57
O303824,P200187,1,251.14
O303824,P200140,3,19.73
O303825,P200067,1,6.76
O303826,P200176,2,99.74
O303827,P200172,1,53.73
O303828,P200213,3,16.53
O303828,P200207,2,39.87
O303828,P200105,3,105.52
O303828,P200148,3,34.6
O303828,P200098,2,97.2
O303829,P200122,2,74.16
O303829,P200114,3,112.3
O303829,P200092,1,39.04
O303829,P200062,1,30.61
O303829,P200199,2,285.45
O303830,P200226,3,120.24
O303830,P200029,3,18.99
O303830,P200203,1,407.82
O303831,P200188,2,55.97
O303832,P200239,1,40.99
O303832,P200085,1,25.18
O303833,P200177,1,25.3
O303833,P200215,3,107.76
O303833,P200119,3,69.4
O303834,P200181,1,93.66
O303835,P200001,1,7.43
O303835,P200168,3,276.16
O303835,P200232,1,92.83
O303835,P200175,3,14.05
O303836,P200082,2,139.37
O303836,P200226,2,112.03
O303836,P200079,3,8.66
O303836,P200050,3,30.92
O303836,P200131,2,261.4
O303837,P200036,2,57.03
O303837,P200044,3,122.27
O303837,P200019,3,377.07
O303837,P200037,3,44.61
O303837,P200170,3,50.67
O303838,P200137,1,87.85
O303838,P200029,2,16.78
O303838,P200113,2,54.14
O303838,P200044,1,124.92
O303838,P200247,3,16.48
O303839,P200095,3,141.83
O303839,P200049,3,36.76
O303839,P200020,1,106.35
O303839,P200212,2,70.78
O303839,P200195,1,29.05
O303840,P200045,2,50.54
O303841,P200115,3,44.96
O303841,P200185,3,127.38
O303841,P200126,2,19.32
O303842,P200057,3,136.83
O303842,P200128,1,60.02
O303842,P200154,3,246.69
O303843,P200229,3,31.89
O303844,P200153,3,26.57
O303845,P200066,2,39.86
O303845,P200243,2,56.26
O303845,P200043,3,35.86
O303846,P200017,3,131.8
O303846,P200010,3,142.02
O303846,P200096,3,29.03
O303846,P200076,2,65.15
O303847,P200245,1,11.07
O303847,P200075,3,50.14
O303848,P200200,1,82.06
O303848,P200181,1,89.37
O303848,P200194,3,107.79
O303849,P200245,2,9.85
O303850,P200012,1,67.53
O303851,P200222,1,95.65
O303851,P200244,3,43.56
O303851,P200209,2,66.14
O303852,P200204,1,682.36
O303852,P200065,2,121.74
O303852,P200072,1,40.27
O303853,P200067,1,6.98
O303853,P200203,2,463.21
O303853,P200162,3,136.96
O303853,P200074,2,59.59
O303854,P200239,1,46.04
O303854,P200135,3,28.7
O303854,P200196,1,39.2
O303854,P200220,2,30.15
O303854,P200204,3,669.53
O303855,P200071,1,47.87
O303856,P200200,3,74.99
O303856,P200020,3,121.09
O303857,P200052,1,105.62
O303857,P200208,3,12.35
O303857,P200197,3,487.55
O303857,P200178,3,8.61
O303857,P200044,2,129.11
O303858,P200084,1,72.57
O303859,P200233,1,95.4
O303859,P200089,3,36.91
O303859,P200054,1,97.6
O303859,P200149,2,103.57
O303859,P200199,1,241.78
O303860,P200242,2,89.57
O303860,P200083,3,145.83
O303860,P200015,3,140.08
O303860,P200101,1,10.05
O303860,P200043,3,33.55
O303861,P200163,2,65.21
O303862,P200204,2,705.03
O303863,P200238,1,27.96
O303863,P200199,3,287.26
O303863,P200186,3,9.39
O303863,P200106,2,9.36
O303864,P200203,3,390.36
O303864,P200040,2,55.0
O303864,P200149,2,97.28
O303865,P200040,3,56.94
O303865,P200153,2,26.09
O303865,P200097,2,133.56
O303865,P200071,1,44.56
O303865,P200078,1,15.22
O303866,P200034,3,106.2
O303866,P200163,1,67.08
O303866,P200019,1,355.82
O303867,P200248,1,5.64
O303867,P200017,3,140.53
O303867,P200087,1,121.09
O303867,P200185,2,122.9
O303868,P200054,3,84.01
O303868,P200013,3,83.61
O303869,P200243,3,66.39
O303869,P200221,1,422.67
O303870,P200021,2,71.13
O303871,P200142,3,114.08
O303872,P200129,3,138.03
O303873,P200090,2,125.58
O303873,P200177,1,30.91
O303873,P200245,3,11.09
O303873,P200006,3,176.3
O303873,P200163,3,73.6
O303874,P200065,2,125.21
O303875,P200162,1,126.95
O303875,P200199,3,262.2
O303875,P200014,1,64.35
O303876,P200024,3,116.35
O303876,P200028,2,79.19
O303876,P200223,2,38.45
O303877,P200198,3,304.8
O303878,P200211,1,154.49
O303878,P200043,1,35.98
O303878,P200023,3,103.65
O303878,P200018,1,37.61
O303878,P200057,1,151.17
O303879,P200185,3,132.39
O303879,P200178,2,9.84
O303879,P200077,2,48.73
O303880,P200041,3,129.04
O303881,P200178,3,10.75
O303882,P200201,3,111.23
O303882,P200195,3,33.57
O303882,P200196,1,37.28
O303882,P200122,2,76.52
O303883,P200132,1,116.61
O303883,P200025,2,71.85
O303883,P200168,3,273.19
O303883,P200077,1,45.55
O303884,P200004,2,51.48
O303884,P200085,2,23.55
O303884,P200063,3,86.07
O303885,P200237,2,100.87
O303885,P200199,1,267.53
O303885,P200226,3,103.37
O303886,P200168,1,232.84
O303887,P200230,3,129.75
O303888,P200229,1,33.01
O303888,P200216,3,96.98
O303888,P200240,2,234.22
O303889,P200037,2,53.14
O303889,P200076,1,67.75
O303890,P200162,3,112.68
O303890,P200209,1,67.22
O303891,P200157,3,64.9
O303891,P200233,1,104.65
O303892,P200008,1,24.23
O303892,P200004,2,48.62
O303892,P200086,2,19.84
O303892,P200216,3,108.62
O303893,P200009,2,10.57
O303893,P200207,3,34.27
O303894,P200149,2,95.15
O303894,P200121,1,39.5
O303895,P200109,2,18.72
O303895,P200135,3,24.0
O303896,P200228,1,131.36
O303896,P200187,1,265.69
O303896,P200176,3,86.34
O303896,P200208,1,13.48
O303897,P200155,2,127.4
O303898,P200219,1,231.43
O303898,P200248,3,5.31
O303898,P200108,1,57.25
O303898,P200004,3,42.39
O303898,P200069,3,32.81
O303899,P200202,3,113.49
O303899,P200207,1,42.63
O303899,P200080,3,34.49
O303900,P200221,3,510.36
O303900,P200083,2,135.22
O303901,P200171,3,78.48
O303901,P200224,1,121.24
O303901,P200179,1,101.66
O303901,P200022,2,65.27
O303902,P200086,1,20.05
O303902,P200014,2,65.33
O303902,P200089,2,43.32
O303902,P200139,3,234.12
O303902,P200064,1,6.06
O303903,P200055,3,94.43
O303904,P200011,1,42.9
O303904,P200248,1,5.47
O303905,P200092,2,32.59
O303906,P200234,1,12.22
O303907,P200156,1,94.64
O303907,P200121,3,34.28
O303907,P200149,3,98.57
O303907,P200219,1,253.63
O303908,P200154,1,240.93
O303909,P200028,1,95.77
O303909,P200111,3,42.66
O303910,P200051,1,105.7
O303910,P200141,2,110.68
O303910,P200168,2,252.06
O303910,P200162,3,129.74
O303910,P200205,2,150.34
O303911,P200223,1,36.89
O303911,P200197,1,479.04
O303911,P200115,3,36.65
O303911,P200012,1,68.51
O303912,P200244,2,43.51
O303912,P200014,3,58.91
O303912,P200239,3,44.3
O303912,P200081,3,566.85
O303913,P200215,1,102.88
O303914,P200144,1,78.66
O303914,P200077,3,54.14
O303914,P200127,2,106.06
O303914,P200220,3,31.0
O303914,P200222,3,115.35
O303915,P200117,2,66.99
O303916,P200115,2,45.37
O303916,P200061,2,73.3
O303916,P200240,2,296.22
O303916,P200193,2,43.79
O303917,P200104,1,83.22
O303917,P200141,1,99.91
O303917,P200146,1,13.06
O303917,P200043,2,35.8
O303918,P200041,2,103.16
O303918,P200040,2,59.27
O303918,P200172,1,65.89
O303919,P200093,2,159.72
O303919,P200205,1,131.66
O303919,P200223,2,37.23
O303919,P200248,2,5.69
O303919,P200010,2,136.41
O303920,P200207,2,42.39
O303920,P200055,1,89.59
O303920,P200062,2,25.1
O303920,P200028,2,94.61
O303920,P200029,2,18.66
O303921,P200106,3,7.83
O303922,P200026,2,133.48
O303922,P200232,1,102.52
O303922,P200179,2,102.91
O303922,P200067,1,7.06
O303922,P200062,2,31.68
O303923,P200022,1,59.36
O303923,P200198,2,291.42
O303924,P200197,2,500.83
O303924,P200240,2,267.87
O303924,P200083,1,131.37
O303924,P200222,3,110.05
O303925,P200106,2,8.42
O303925,P200034,2,105.3
O303925,P200035,3,39.7
O303925,P200003,2,124.58
O303925,P200049,2,37.63
O303926,P200013,2,86.76
O303926,P200170,2,55.93
O303926,P200068,1,16.63
O303927,P200089,1,42.27
O303927,P200095,3,122.51
O303927,P200112,3,107.67
O303927,P200102,1,103.9
O303927,P200225,2,8.23
O303928,P200123,3,24.4
O303928,P200001,1,6.83
O303928,P200208,2,11.13
O303928,P200058,1,68.71
O303928,P200002,3,21.61
O303929,P200020,2,131.85
O303929,P200132,1,112.45
O303929,P200045,2,48.43
O303930,P200161,3,65.16
O303931,P200167,1,145.89
O303931,P200082,3,137.02
O303931,P200201,1,120.03
O303932,P200032,1,486.38
O303932,P200051,2,114.65
O303932,P200059,3,25.52
O303932,P200185,3,116.82
O303932,P200235,3,18.8
O303933,P200141,1,113.02
O303933,P200023,1,113.37
O303934,P200201,3,98.76
O303934,P200164,1,131.75
O303934,P200043,3,34.04
O303934,P200077,3,50.32
O303934,P200057,2,135.1
O303935,P200200,1,66.28
O303936,P200135,3,31.03
O303936,P200131,2,278.87
O303936,P200211,1,134.72
O303936,P200173,2,11.88
O303937,P200056,1,101.14
O303937,P200210,2,90.68
O303937,P200058,1,70.9
O303937,P200074,1,56.65
O303938,P200126,2,22.97
O303939,P200083,2,121.13
O303939,P200157,2,58.96
O303939,P200050,1,35.55
O303940,P200009,1,11.49
O303941,P200087,2,119.47
O303941,P200029,3,18.34
O303942,P200047,2,65.48
O303942,P200240,3,281.23
O303942,P200017,3,135.72
O303942,P200102,3,100.58
O303942,P200141,1,96.75
O303943,P200236,3,41.42
O303944,P200051,3,123.74
O303944,P200072,1,47.47
O303944,P200214,3,97.09
O303944,P200063,3,83.19
O303944,P200077,3,50.65
O303945,P200215,2,106.82
O303945,P200014,3,67.28
O303945,P200110,3,97.97
O303945,P200221,3,497.71
O303946,P200091,3,67.89
O303946,P200096,1,25.68
O303946,P200045,1,55.58
O303946,P200043,3,31.22
O303947,P200008,2,22.74
O303947,P200139,2,283.41
O303948,P200172,2,52.66
O303948,P200228,2,117.49
O303948,P200065,1,132.1
O303948,P200068,2,18.64
O303948,P200129,1,143.25
O303949,P200190,3,15.16
O303949,P200042,1,81.45
O303950,P200017,3,133.24
O303950,P200047,2,77.33
O303950,P200068,3,17.42
O303951,P200211,2,139.48
O303952,P200027,1,27.65
O303952,P200211,2,138.7
O303952,P200028,1,96.72
O303952,P200132,2,102.88
O303952,P200038,2,576.48
O303953,P200108,1,53.96
O303953,P200225,3,9.72
O303953,P200014,2,59.62
O303953,P200079,3,8.99
O303954,P200227,2,31.8
O303955,P200180,1,255.85
O303955,P200028,2,92.2
O303955,P200218,2,95.62
O303955,P200233,2,109.4
O303956,P200066,2,36.9
O303957,P200034,2,82.89
O303957,P200182,1,8.93
O303957,P200138,1,39.07
O303958,P200211,3,147.15
O303958,P200103,2,121.49
O303958,P200185,1,129.3
O303959,P200185,1,131.52
O303959,P200025,3,68.58
O303959,P200244,1,50.51
O303959,P200208,2,14.08
O303959,P200193,2,33.62
O303960,P200190,1,15.35
O303960,P200099,3,15.85
O303961,P200209,1,60.08
O303962,P200159,2,20.57
O303962,P200002,1,21.8
O303962,P200050,1,34.73
O303963,P200026,2,142.08
O303963,P200228,1,135.37
O303963,P200242,2,91.4
O303963,P200206,2,45.16
O303963,P200005,2,25.04
O303964,P200165,1,18.16
O303964,P200205,2,142.75
O303964,P200041,3,124.44
O303964,P200108,2,52.96
O303965,P200016,2,374.74
O303966,P200153,2,31.37
O303967,P200149,1,95.47
O303967,P200219,1,265.27
O303967,P200005,3,23.32
O303967,P200049,2,39.77
O303968,P200217,2,126.36
O303968,P200043,2,32.54
O303968,P200058,1,69.6
O303968,P200054,2,78.9
O303969,P200086,2,17.61
O303969,P200025,1,80.03
O303969,P200215,1,101.04
O303970,P200234,2,11.4
O303971,P200037,3,56.99
O303971,P200047,1,66.85
O303972,P200094,1,71.57
O303972,P200168,1,243.79
O303972,P200201,2,114.76
O303972,P200133,1,22.31
O303972,P200111,3,43.94
O303973,P200170,2,54.25
O303974,P200152,2,133.62
O303974,P200101,3,9.95
O303975,P200130,3,108.56
O303975,P200120,3,57.93
O303975,P200249,2,102.28
O303976,P200054,1,87.52
O303976,P200036,1,55.07
O303976,P200249,2,108.76
O303976,P200086,3,17.28
O303977,P200185,3,124.45
O303977,P200196,3,35.44
O303977,P200063,1,80.92
O303977,P200177,2,26.64
O303977,P200214,3,120.12
O303978,P200248,1,5.65
O303978,P200186,3,10.41
O303978,P200010,3,116.7
O303979,P200103,1,99.26
O303979,P200226,3,110.26
O303979,P200088,3,100.0
O303980,P200132,2,116.82
O303980,P200020,2,113.68
O303981,P200088,1,119.09
O303982,P200042,1,73.48
O303982,P200050,3,32.66
O303983,P200105,1,107.75
O303983,P200000,1,134.77
O303984,P200198,3,336.18
O303985,P200013,2,76.96
O303985,P200235,3,17.98
O303985,P200162,3,126.81
O303985,P200031,2,29.06
O303986,P200082,2,124.08
O303986,P200083,1,136.11
O303987,P200186,1,9.12
O303987,P200041,2,111.98
O303987,P200234,3,14.15
O303988,P200123,2,22.2
O303988,P200017,2,123.47
O303989,P200211,1,147.21
O303989,P200243,2,68.19
O303989,P200194,2,114.92
O303990,P200136,3,165.82
O303991,P200171,2,96.63
O303991,P200140,2,20.08
O303991,P200241,3,110.43
O303991,P200106,2,8.31
O303992,P200010,1,137.57
O303992,P200157,3,62.2
O303992,P200074,1,52.82
O303992,P200034,1,85.89
O303993,P200101,1,10.29
O303993,P200149,2,100.24
O303994,P200021,3,68.86
O303994,P200083,3,146.3
O303995,P200228,3,122.39
O303995,P200000,1,140.24
O303995,P200163,1,77.22
O303995,P200222,3,118.59
O303996,P200080,3,31.64
O303996,P200110,3,92.58
O303997,P200107,3,39.41
O303998,P200026,3,132.79
O303998,P200110,3,80.9
O303999,P200167,1,140.96
O303999,P200077,1,51.97
O303999,P200097,2,145.67
O303999,P200018,2,41.07
O303999,P200177,3,27.52
O304000,P200004,2,53.64
O304000,P200000,3,151.66
O304000,P200008,2,24.78
O304001,P200014,2,64.46
O304001,P200016,2,418.53
O304002,P200119,3,71.38
O304002,P200116,2,159.87
O304002,P200060,1,77.0
O304003,P200159,1,16.32
O304003,P200132,3,124.7
O304004,P200114,1,133.33
O304004,P200001,3,6.11
O304004,P200043,1,33.83
O304004,P200124,3,300.75
O304005,P200094,2,70.18
O304005,P200161,2,62.07
O304005,P200080,2,32.37
O304006,P200229,1,32.29
O304006,P200170,1,51.53
O304006,P200066,2,44.48
O304007,P200154,1,248.23
O304007,P200008,2,21.65
O304007,P200194,2,125.58
O304008,P200089,1,37.97
O304008,P200075,1,52.02
O304008,P200189,2,105.46
O304009,P200084,1,75.68
O304009,P200012,3,78.1
O304009,P200006,1,184.05
O304010,P200114,1,120.05
O304010,P200195,2,29.65
O304011,P200202,3,121.1
O304011,P200210,1,109.65
O304011,P200248,3,5.06
O304011,P200093,1,151.41
O304011,P200069,1,33.98
O304012,P200224,3,113.95
O304012,P200171,1,85.9
O304013,P200200,3,73.43
O304013,P200097,3,132.28
O304013,P200126,3,21.58
O304013,P200081,1,537.94
O304013,P200235,1,16.02
O304014,P200106,2,8.34
O304014,P200174,3,138.88
O304014,P200194,2,97.88
O304014,P200123,1,22.89
O304015,P200166,1,17.46
O304015,P200050,1,31.24
O304015,P200220,2,32.49
O304016,P200096,1,27.97
O304016,P200102,2,118.59
O304017,P200095,1,125.09
O304017,P200187,1,243.65
O304017,P200015,2,114.07
O304018,P200213,1,19.07
O304018,P200219,3,269.43
O304018,P200225,1,10.59
O304018,P200204,1,802.82
O304018,P200008,3,25.08
O304019,P200069,3,38.12
O304020,P200054,3,75.23
O304020,P200167,2,128.83
O304020,P200098,2,96.94
O304021,P200234,3,11.81
O304021,P200157,1,63.86
O304021,P200194,2,106.41
O304021,P200169,2,60.45
O304022,P200045,2,44.5
O304022,P200192,1,48.25
O304022,P200167,2,143.68
O304022,P200185,2,122.66
O304023,P200112,2,123.05
O304024,P200169,1,70.59
O304024,P200056,3,92.05
O304024,P200208,1,11.29
O304025,P200180,1,277.15
O304026,P200160,1,46.78
O304026,P200158,2,129.02
O304026,P200152,1,135.83
O304026,P200032,2,509.73
O304026,P200126,1,24.17
O304027,P200139,1,283.97
O304027,P200158,3,122.17
O304028,P200111,1,38.04
O304028,P200131,1,247.63
O304028,P200029,1,17.1
O304029,P200033,2,32.3
O304029,P200061,2,69.28
O304029,P200018,3,38.37
O304029,P200034,2,94.87
O304029,P200025,2,81.61
O304030,P200208,3,12.61
O304030,P200018,1,37.66
O304030,P200014,1,53.27
O304031,P200104,2,85.04
O304032,P200056,1,110.23
O304032,P200126,1,24.3
O304032,P200013,3,92.58
O304032,P200001,2,7.59
O304032,P200199,1,245.53
O304033,P200010,2,113.94
O304033,P200134,1,102.57
O304033,P200064,3,6.92
O304033,P200116,1,160.35
O304034,P200107,2,44.74
O304034,P200016,3,349.75
O304034,P200062,2,24.68
O304034,P200061,1,82.38
O304035,P200234,1,14.01
O304036,P200211,3,130.3
O304036,P200163,1,75.14
O304036,P200100,1,33.83
O304037,P200004,2,49.9
O304037,P200225,3,8.57
O304037,P200053,2,121.56
O304038,P200188,2,52.72
O304038,P200170,1,55.69
O304039,P200147,3,68.35
O304039,P200181,3,89.96
O304039,P200052,1,103.75
O304040,P200153,3,29.21
O304040,P200091,2,59.45
O304041,P200118,2,50.95
O304041,P200074,3,50.77
O304041,P200239,3,38.94
O304042,P200205,3,151.91
O304042,P200185,1,137.53
O304042,P200119,3,80.38
O304042,P200129,3,139.59
O304042,P200168,2,295.07
O304043,P200208,1,14.01
O304043,P200038,2,562.47
O304043,P200008,2,24.94
O304043,P200203,2,424.65
O304044,P200244,1,40.29
O304044,P200110,1,90.19
O304045,P200017,3,128.59
O304045,P200122,3,68.56
O304046,P200034,1,91.3
O304047,P200172,1,55.42
O304047,P200229,1,28.53
O304048,P200170,2,46.85
O304049,P200109,1,22.0
O304050,P200195,1,32.17
O304050,P200135,2,25.84
O304050,P200078,2,16.01
O304050,P200034,1,100.75
O304050,P200019,2,411.87
O304051,P200153,2,30.94
O304051,P200134,1,113.12
O304051,P200077,2,50.09
O304051,P200032,3,556.66
O304051,P200009,3,12.81
O304052,P200170,1,51.05
O304052,P200031,1,32.71
O304052,P200223,1,41.76
O304053,P200176,1,101.86
O304053,P200084,1,77.13
O304053,P200204,2,769.71
O304053,P200072,2,45.56
O304054,P200153,2,27.37
O304054,P200010,2,121.81
O304054,P200000,3,132.09
O304055,P200112,2,107.34
O304055,P200052,2,98.94
O304055,P200149,1,91.5
O304055,P200034,2,106.69
O304056,P200042,3,78.5
O304056,P200077,1,48.58
O304056,P200060,1,75.69
O304056,P200066,2,36.97
O304056,P200215,1,119.52
O304057,P200241,1,88.88
O304058,P200191,1,7.39
O304058,P200057,2,129.11
O304059,P200167,3,130.92
O304060,P200087,3,114.9
O304060,P200081,2,611.72
O304060,P200166,3,20.18
O304060,P200048,3,21.53
O304061,P200095,1,143.62
O304061,P200212,2,63.34
O304061,P200014,2,53.49
O304061,P200053,3,143.23
O304061,P200237,3,106.27
O304062,P200046,3,9.35
O304062,P200197,3,482.24
O304062,P200016,1,434.03
O304062,P200173,1,12.79
O304063,P200039,3,72.11
O304063,P200219,1,237.56
O304063,P200240,1,282.42
O304063,P200074,1,59.65
O304064,P200146,2,12.18
O304064,P200232,1,98.81
O304064,P200200,3,67.78
O304065,P200173,3,12.49
O304066,P200059,3,27.93
O304066,P200107,1,42.55
O304066,P200003,3,111.12
O304066,P200084,2,69.9
O304067,P200147,1,74.5
O304067,P200188,3,50.75
O304067,P200178,2,10.52
O304067,P200054,3,81.73
O304067,P200074,3,50.86
O304068,P200115,3,41.03
O304068,P200233,3,99.08
O304068,P200077,1,45.67
O304068,P200212,3,63.76
O304068,P200093,2,137.22
O304069,P200149,1,93.09
O304069,P200235,3,16.19
O304070,P200132,3,109.33
O304070,P200244,3,49.51
O304071,P200212,1,67.02
O304071,P200133,1,21.6
O304071,P200047,2,75.02
O304071,P200003,3,106.1
O304072,P200057,3,131.34
O304073,P200145,2,115.13
O304074,P200134,2,103.76
O304074,P200046,2,8.97
O304074,P200133,2,20.89
O304074,P200183,1,125.69
O304074,P200007,2,76.38
O304075,P200129,2,129.08
O304075,P200006,3,158.51
O304075,P200155,3,112.58
O304075,P200009,1,12.43
O304075,P200043,2,36.29
O304076,P200018,1,35.61
O304076,P200195,2,33.75
O304076,P200128,1,52.84
O304077,P200234,2,12.95
O304077,P200116,1,158.6
O304077,P200144,1,76.75
O304078,P200221,3,437.91
O304078,P200101,3,8.41
O304078,P200211,2,121.96
O304079,P200125,3,86.34
O304080,P200084,3,70.47
O304080,P200243,1,60.14
O304081,P200207,3,41.52
O304081,P200141,1,109.71
O304082,P200015,2,130.55
O304082,P200045,2,45.73
O304082,P200243,3,58.03
O304082,P200114,1,130.14
O304082,P200247,1,17.69
O304083,P200112,2,110.88
O304083,P200099,2,17.89
O304083,P200217,2,139.79
O304084,P200177,3,23.59
O304084,P200182,1,7.76
O304084,P200105,2,125.03
O304084,P200234,2,11.68
O304085,P200073,1,182.76
O304086,P200127,2,104.59
O304086,P200094,2,58.87
O304086,P200059,1,25.78
O304086,P200080,1,35.3
O304086,P200038,1,506.67
O304087,P200235,2,18.73
O304087,P200046,3,9.53
O304087,P200243,3,61.46
O304087,P200188,1,47.57
O304087,P200202,1,99.94
O304088,P200061,1,66.7
O304088,P200231,1,30.55
O304088,P200010,1,127.05
O304089,P200199,2,270.3
O304089,P200088,1,118.58
O304090,P200190,1,18.09
O304090,P200211,2,125.34
O304090,P200036,1,52.24
O304090,P200104,2,74.66
O304090,P200103,3,126.25
O304091,P200084,2,64.13
O304091,P200234,2,14.28
O304091,P200037,1,53.7
O304091,P200166,1,21.33
O304091,P200000,2,147.81
O304092,P200141,2,114.5
O304092,P200081,1,495.19
O304092,P200062,3,26.61
O304093,P200005,1,23.86
O304093,P200170,2,51.77
O304094,P200024,1,103.58
O304094,P200115,1,45.25
O304094,P200245,1,8.93
O304094,P200068,2,17.86
O304095,P200153,2,27.86
O304095,P200154,3,287.17
O304096,P200113,1,69.49
O304096,P200186,1,11.1
O304096,P200246,2,97.57
O304096,P200033,2,29.04
O304097,P200174,2,120.29
O304097,P200184,1,106.66
O304097,P200227,3,35.45
O304097,P200090,2,133.72
O304097,P200059,1,23.11
O304098,P200026,2,119.95
O304098,P200034,2,100.48
O304098,P200217,1,156.73
O304099,P200211,1,121.54
O304100,P200034,3,93.88
O304100,P200085,2,26.53
O304100,P200083,1,128.87
O304101,P200156,3,113.63
O304101,P200181,1,104.24
O304101,P200077,3,53.47
O304101,P200015,2,124.19
O304101,P200249,2,106.98
O304102,P200171,1,85.45
O304102,P200054,1,75.89
O304103,P200046,2,8.58
O304103,P200166,1,18.13
O304103,P200112,1,127.4
O304103,P200194,3,115.12
O304103,P200162,2,117.89
O304104,P200173,2,11.17
O304104,P200239,2,44.4
O304105,P200243,3,70.62
O304105,P200200,1,80.09
O304105,P200054,2,87.84
O304105,P200174,1,138.68
O304106,P200140,3,20.64
O304106,P200115,2,42.98
O304106,P200025,2,76.54
O304106,P200157,1,66.39
O304107,P200103,1,121.58
O304108,P200027,3,26.26
O304109,P200078,2,16.16
O304109,P200063,2,92.75
O304109,P200053,2,131.84
O304109,P200027,3,29.67
O304109,P200031,3,31.28
O304110,P200006,2,185.0
O304110,P200104,2,89.42
O304110,P200075,3,52.89
O304110,P200046,2,9.97
O304111,P200043,3,32.38
O304111,P200059,1,23.06
O304111,P200186,1,9.73
O304111,P200077,3,44.57
O304112,P200176,2,111.51
O304112,P200015,2,113.9
O304113,P200186,1,9.21
O304114,P200033,3,30.52
O304114,P200245,2,9.03
O304115,P200139,2,272.9
O304115,P200043,2,33.92
O304115,P200171,3,79.56
O304116,P200188,1,48.17
O304116,P200129,2,135.19
O304116,P200239,2,48.07
O304116,P200225,1,9.17
O304117,P200087,3,121.52
O304117,P200128,1,60.31
O304118,P200051,1,125.55
O304118,P200222,2,101.18
O304119,P200193,1,43.21
O304119,P200055,2,92.95
O304120,P200129,1,135.51
O304120,P200101,2,9.56
O304120,P200021,3,59.64
O304120,P200045,1,54.75
O304120,P200042,2,71.43
O304121,P200240,1,234.54
O304121,P200208,3,12.72
O304121,P200230,3,126.83
O304121,P200173,1,10.86
O304122,P200086,3,18.8
O304122,P200033,1,25.94
O304122,P200030,1,57.41
O304122,P200114,2,125.29
O304122,P200156,3,107.6
O304123,P200165,2,17.18
O304124,P200043,1,33.48
O304124,P200213,1,19.12
O304124,P200104,1,77.12
O304125,P200241,2,89.58
O304125,P200195,2,27.59
O304125,P200152,3,139.18
O304126,P200070,3,13.95
O304126,P200181,2,97.91
O304126,P200099,3,15.78
O304127,P200160,2,46.7
O304127,P200038,2,507.28
O304128,P200072,2,39.96
O304129,P200020,1,119.0
O304130,P200154,3,223.65
O304130,P200108,3,55.41
O304130,P200155,3,127.25
O304130,P200098,1,122.24
O304131,P200146,1,14.24
O304131,P200203,3,450.2
O304131,P200064,3,6.57
O304132,P200010,3,120.58
O304133,P200166,3,19.78
O304133,P200228,1,116.76
O304134,P200238,2,31.78
O304134,P200031,2,33.33
O304134,P200231,2,33.06
O304134,P200084,1,74.18
O304134,P200131,1,234.96
O304135,P200136,2,134.73
O304135,P200193,2,34.09
O304135,P200116,1,176.84
O304136,P200148,1,36.0
O304136,P200141,3,105.11
O304136,P200038,1,487.39
O304136,P200033,3,32.65
O304136,P200071,3,49.54
O304137,P200015,3,118.44
O304138,P200073,3,182.5
O304139,P200098,3,102.6
O304139,P200145,3,108.89
O304139,P200001,3,6.89
O304140,P200095,1,125.91
O304140,P200011,3,35.13
O304140,P200084,1,81.39
O304140,P200244,2,44.14
O304141,P200027,1,31.24
O304141,P200093,3,132.58
O304141,P200229,3,29.94
O304141,P200047,3,71.41
O304141,P200089,1,36.22
O304142,P200110,2,87.97
O304142,P200189,1,95.48
O304142,P200042,3,79.08
O304143,P200029,2,16.0
O304143,P200031,3,31.66
O304144,P200114,2,108.74
O304144,P200017,2,127.92
O304144,P200086,2,15.83
O304145,P200180,2,244.92
O304145,P200183,2,114.47
O304146,P200021,1,60.15
O304147,P200091,1,56.99
O304148,P200134,3,109.94
O304148,P200216,2,97.01
O304148,P200048,1,20.96
O304148,P200090,2,128.91
O304149,P200225,3,8.23
O304149,P200034,2,102.71
O304149,P200196,3,43.25
O304149,P200059,1,23.54
O304150,P200050,2,36.22
O304151,P200211,1,134.35
O304151,P200081,1,575.03
O304151,P200141,3,103.83
O304152,P200117,1,57.27
O304152,P200067,3,6.62
O304152,P200110,1,83.13
O304152,P200115,1,43.61
O304152,P200152,2,126.6
O304153,P200013,2,93.44
O304153,P200234,2,12.26
O304153,P200095,2,119.27
O304153,P200045,3,55.93
O304153,P200163,3,78.31
O304154,P200150,1,19.93
O304154,P200017,3,132.33
O304154,P200199,2,277.7
O304155,P200042,2,81.27
O304156,P200149,2,101.78
O304156,P200244,2,47.57
O304156,P200084,2,73.18
O304156,P200091,2,69.82
O304157,P200040,1,58.72
O304157,P200219,2,256.96
O304157,P200033,2,25.64
O304158,P200069,1,35.53
O304158,P200071,2,44.24
O304158,P200044,2,119.6
O304158,P200021,3,69.45
O304158,P200041,3,110.71
O304159,P200164,3,114.86
O304159,P200132,2,112.57
O304159,P200080,2,30.23
O304160,P200071,2,51.42
O304160,P200107,1,46.26
O304160,P200181,2,87.37
O304160,P200011,1,38.99
O304161,P200068,1,18.21
O304161,P200149,1,86.09
O304161,P200056,1,104.98
O304162,P200178,3,9.58
O304162,P200168,2,289.57
O304162,P200246,3,108.26
O304163,P200036,2,47.99
O304163,P200184,2,118.21
O304164,P200007,3,65.17
O304164,P200222,1,91.75
O304164,P200155,3,122.33
O304165,P200073,3,141.0
O304165,P200118,2,49.11
O304166,P200197,1,455.44
O304166,P200150,3,23.18
O304166,P200243,3,58.05
O304167,P200129,2,127.63
O304167,P200184,3,98.36
O304167,P200009,1,12.51
O304167,P200012,3,72.22
O304167,P200093,1,138.71
O304168,P200180,3,269.33
O304168,P200221,1,443.19
O304169,P200069,3,37.68
O304169,P200138,3,37.49
O304169,P200246,2,90.47
O304170,P200036,1,47.78
O304170,P200024,2,123.86
O304170,P200249,2,113.62
O304170,P200087,2,119.71
O304170,P200044,3,115.59
O304171,P200157,2,63.45
O304172,P200015,1,120.25
O304172,P200107,3,42.99
O304173,P200091,3,64.34
O304173,P200167,2,136.69
O304173,P200062,2,30.88
O304174,P200223,2,34.7
O304174,P200144,2,93.27
O304174,P200094,3,65.65
O304175,P200161,1,67.41
O304175,P200147,1,70.18
O304176,P200011,1,36.62
O304176,P200210,2,94.36
O304176,P200097,3,129.31
O304176,P200144,1,73.81
O304177,P200098,1,117.3
O304177,P200106,3,8.96
O304177,P200055,1,106.13
O304178,P200093,2,147.7
O304178,P200212,2,71.26
O304179,P200022,3,59.02
O304179,P200137,2,82.68
O304179,P200196,2,42.75
O304180,P200096,1,26.9
O304180,P200022,2,66.24
O304180,P200007,3,67.82
O304180,P200171,3,84.99
O304180,P200238,2,29.86
O304181,P200080,2,35.36
O304181,P200079,1,8.2
O304181,P200050,2,31.24
O304181,P200244,3,40.25
O304181,P200171,2,85.67
O304182,P200035,2,36.45
O304182,P200152,1,134.63
O304183,P200211,3,154.29
O304184,P200050,1,33.9
O304185,P200069,2,41.06
O304185,P200214,3,100.59
O304185,P200232,3,98.24
O304186,P200150,2,22.06
O304186,P200102,1,114.91
O304186,P200121,2,36.0
O304186,P200238,2,32.85
O304187,P200202,2,124.85
O304188,P200093,2,143.39
O304188,P200175,1,14.33
O304188,P200234,1,12.02
O304189,P200217,3,132.07
O304189,P200107,3,44.91
O304190,P200129,1,142.16
O304190,P200055,2,108.27
O304190,P200058,1,61.72
O304190,P200049,2,32.72
O304190,P200175,1,13.6
O304191,P200076,3,71.52
O304191,P200146,1,12.66
O304191,P200026,1,136.46
O304191,P200152,1,113.2
O304192,P200082,2,120.61
O304192,P200005,1,24.33
O304192,P200191,3,6.55
O304193,P200059,3,26.81
O304193,P200219,3,221.88
O304193,P200164,1,140.87
O304194,P200051,3,112.15
O304195,P200187,3,262.79
O304195,P200006,3,174.23
O304195,P200226,2,114.38
O304196,P200073,1,181.14
O304196,P200160,1,40.29
O304197,P200139,2,239.27
O304198,P200176,2,91.06
O304198,P200219,2,243.75
O304199,P200010,3,120.37
O304199,P200124,3,272.35
O304199,P200190,1,18.16
O304199,P200104,1,87.23
O304200,P200177,2,30.66
O304200,P200159,3,19.54
O304200,P200239,2,46.09
O304201,P200114,1,122.01
O304201,P200184,2,99.06
O304201,P200159,1,20.33
O304201,P200151,3,145.24
O304201,P200188,3,55.56
O304202,P200071,1,47.99
O304202,P200176,2,99.43
O304203,P200013,2,82.26
O304203,P200080,3,34.02
O304203,P200209,1,58.7
O304203,P200071,2,44.58
O304204,P200210,2,102.81
O304204,P200080,2,30.69
O304204,P200044,1,130.73
O304205,P200060,1,65.05
O304205,P200042,3,78.01
O304205,P200133,1,25.02
O304205,P200117,2,60.88
O304205,P200181,2,95.76
O304206,P200242,2,85.77
O304206,P200045,2,47.94
O304206,P200065,1,123.77
O304206,P200082,2,150.02
O304206,P200233,1,99.02
O304207,P200153,1,30.75
O304207,P200053,1,127.89
O304207,P200021,3,62.25
O304207,P200009,3,11.72
O304208,P200238,1,35.05
O304208,P200185,3,117.01
O304208,P200062,3,30.87
O304209,P200152,3,134.92
O304209,P200046,2,9.72
O304209,P200139,3,229.3
O304210,P200055,3,112.58
O304210,P200228,3,130.52
O304210,P200033,3,30.55
O304210,P200097,3,140.84
O304211,P200112,2,113.24
O304211,P200010,2,148.84
O304211,P200241,2,91.84
O304211,P200139,2,234.48
O304211,P200147,3,73.22
O304212,P200194,2,118.82
O304212,P200135,3,29.77
O304213,P200180,3,281.22
O304213,P200118,2,50.28
O304213,P200104,3,93.56
O304213,P200246,1,104.25
O304213,P200035,1,43.37
O304214,P200245,3,8.72
O304214,P200170,2,50.88
O304214,P200003,2,102.3
O304214,P200073,2,165.67
O304214,P200163,1,64.48
O304215,P200055,3,101.53
O304216,P200128,2,58.83
O304216,P200242,1,75.71
O304217,P200211,2,121.04
O304217,P200072,3,42.15
O304218,P200063,1,96.82
O304218,P200096,2,27.01
O304218,P200147,1,72.58
O304219,P200000,3,137.97
O304219,P200028,3,99.95
O304220,P200155,2,100.04
O304220,P200235,3,17.23
O304221,P200187,2,257.47
O304222,P200150,2,21.18
O304223,P200067,1,5.79
O304223,P200123,1,28.13
O304223,P200236,2,42.34
O304224,P200163,3,68.75
O304224,P200008,1,25.18
O304225,P200199,1,261.86
O304225,P200081,3,552.52
O304225,P200041,3,129.5
O304226,P200053,1,133.1
O304226,P200188,3,55.65
O304227,P200066,3,40.72
O304227,P200040,1,59.97
O304228,P200161,1,64.11
O304228,P200056,1,87.85
O304228,P200111,2,38.27
O304228,P200108,2,58.97
O304228,P200009,3,10.45
O304229,P200022,1,60.64
O304229,P200121,3,36.84
O304229,P200172,2,65.61
O304229,P200058,1,66.62
O304229,P200233,3,85.82
O304230,P200096,3,27.17
O304230,P200088,1,116.56
O304231,P200172,1,55.92
O304232,P200122,2,81.36
O304232,P200163,3,65.51
O304232,P200047,3,68.76
O304232,P200156,2,94.45
O304232,P200045,2,51.75
O304233,P200095,2,134.96
O304233,P200127,3,129.23
O304233,P200117,3,62.0
O304233,P200012,3,73.58
O304234,P200173,3,13.28
O304234,P200055,2,109.86
O304234,P200208,2,13.05
O304235,P200148,1,40.88
O304235,P200039,2,75.45
O304235,P200184,2,118.53
O304235,P200067,2,5.73
O304236,P200179,3,89.71
O304236,P200035,1,38.26
O304237,P200014,3,67.69
O304237,P200196,3,38.86
O304237,P200154,1,228.42
O304238,P200074,3,53.68
O304238,P200060,1,75.78
O304239,P200090,2,131.91
O304239,P200141,2,96.29
O304239,P200124,2,284.23
O304239,P200245,3,10.38
O304240,P200230,2,131.24
O304241,P200216,2,115.09
O304241,P200144,2,92.68
O304241,P200183,1,125.83
O304242,P200079,3,7.86
O304242,P200057,3,138.16
O304242,P200043,2,32.44
O304242,P200234,3,12.89
O304242,P200240,2,278.65
O304243,P200214,2,99.63
O304244,P200100,2,28.87
O304245,P200064,2,6.89
O304245,P200195,2,29.87
O304245,P200235,2,16.17
O304245,P200013,1,88.47
O304245,P200133,1,24.43
O304246,P200037,2,53.05
O304246,P200134,3,99.4
O304246,P200066,1,35.42
O304246,P200008,3,21.28
O304246,P200212,3,58.66
O304247,P200129,2,138.84
O304247,P200185,2,132.51
O304247,P200145,1,122.81
O304248,P200179,1,80.33
O304249,P200075,3,52.62
O304249,P200128,3,59.39
O304249,P200196,1,44.99
O304250,P200045,3,43.86
O304250,P200123,3,27.12
O304251,P200121,3,35.82
O304251,P200140,3,17.7
O304251,P200106,3,8.79
O304252,P200237,3,120.29
O304253,P200133,3,21.39
O304253,P200223,2,41.79
O304253,P200200,3,73.33
O304253,P200182,1,9.02
O304253,P200116,1,147.81
O304254,P200085,2,25.86
O304254,P200006,2,157.0
O304254,P200132,1,124.58
O304254,P200229,2,30.58
O304255,P200179,1,98.46
O304255,P200202,2,109.82
O304255,P200098,2,95.13
O304255,P200071,3,50.94
O304256,P200132,2,104.21
O304256,P200177,3,25.94
O304256,P200167,2,139.58
O304257,P200151,2,124.25
O304257,P200126,3,23.92
O304258,P200193,3,35.54
O304258,P200061,2,75.96
O304258,P200098,2,112.88
O304258,P200021,2,58.71
O304258,P200201,3,105.96
O304259,P200132,3,128.23
O304259,P200032,1,518.87
O304260,P200113,3,67.88
O304260,P200104,3,84.89
O304261,P200110,1,92.19
O304261,P200207,2,42.46
O304261,P200000,3,129.84
O304261,P200228,2,120.76
O304261,P200057,1,127.4
O304262,P200203,2,473.49
O304263,P200136,1,171.42
O304264,P200203,2,420.99
O304264,P200225,2,10.73
O304264,P200031,2,29.19
O304264,P200228,1,131.43
O304265,P200215,1,108.54
O304265,P200003,1,125.22
O304266,P200119,2,77.0
O304266,P200085,2,25.6
O304266,P200098,2,118.38
O304267,P200100,2,34.7
O304267,P200062,3,26.38
O304267,P200236,3,38.55
O304268,P200084,1,70.73
O304268,P200127,1,123.65
O304268,P200158,2,128.68
O304268,P200019,1,348.89
O304268,P200125,3,76.32
O304269,P200044,2,126.16
O304269,P200053,2,144.7
O304269,P200048,3,22.33
O304269,P200036,1,51.55
O304270,P200053,1,140.41
O304270,P200164,1,117.81
O304270,P200181,2,98.38
O304271,P200241,3,96.83
O304271,P200100,1,31.39
O304271,P200140,1,19.92
O304272,P200017,3,123.3
O304272,P200044,3,118.47
O304272,P200031,3,30.16
O304272,P200193,1,42.23
O304273,P200136,3,140.11
O304273,P200071,1,45.58
O304274,P200246,3,102.48
O304275,P200101,3,8.6
O304275,P200007,3,59.68
O304275,P200232,3,112.18
O304276,P200175,3,14.87
O304276,P200040,1,47.86
O304276,P200059,2,23.7
O304276,P200052,1,111.25
O304276,P200214,2,121.02
O304277,P200161,1,68.36
O304278,P200008,1,24.41
O304279,P200249,1,105.74
O304279,P200078,2,15.83
O304279,P200023,3,134.39
O304279,P200059,3,24.85
O304279,P200099,2,16.53
O304280,P200020,2,103.74
O304280,P200135,1,26.1
O304280,P200181,3,104.33
O304280,P200136,1,167.7
O304280,P200125,3,89.85
O304281,P200200,2,76.63
O304282,P200134,3,88.08
O304282,P200080,3,31.87
O304283,P200189,3,104.32
O304283,P200067,3,5.67
O304283,P200009,3,12.95
O304283,P200109,1,18.06
O304284,P200189,2,111.6
O304284,P200129,1,138.62
O304284,P200160,3,41.44
O304284,P200183,3,149.2
O304285,P200217,2,131.35
O304285,P200222,1,102.93
O304285,P200145,3,127.41
O304285,P200193,3,38.7
O304286,P200204,1,745.99
O304286,P200134,2,94.64
O304286,P200185,1,127.93
O304286,P200135,2,27.17
O304286,P200124,3,288.84
O304287,P200116,1,176.88
O304287,P200073,3,156.44
O304287,P200153,1,29.75
O304288,P200171,1,93.36
O304288,P200210,2,104.54
O304288,P200224,2,109.09
O304288,P200063,2,94.25
O304288,P200047,3,76.05
O304289,P200207,2,39.31
O304289,P200204,2,651.1
O304289,P200188,2,48.34
O304290,P200211,3,126.67
O304290,P200145,3,127.27
O304290,P200231,2,29.3
O304291,P200151,3,140.61
O304291,P200026,1,142.46
O304291,P200010,1,119.82
O304291,P200243,2,63.27
O304292,P200112,2,114.44
O304292,P200168,2,263.71
O304292,P200054,1,94.63
O304293,P200030,1,58.92
O304293,P200004,3,50.84
O304293,P200206,1,48.22
O304293,P200042,1,74.52
O304294,P200249,1,113.35
O304294,P200021,3,57.32
O304294,P200165,1,16.4
O304294,P200014,1,59.98
O304294,P200111,3,41.37
O304295,P200044,2,137.56
O304295,P200228,1,118.9
O304295,P200164,1,133.81
O304295,P200210,1,110.67
O304295,P200197,3,428.13
O304296,P200121,2,39.34
O304296,P200073,1,183.15
O304296,P200201,2,99.09
O304297,P200099,1,16.95
O304298,P200109,1,22.4
O304298,P200127,1,101.74
O304298,P200229,1,32.02
O304298,P200129,2,135.78
O304299,P200190,3,18.91
O304299,P200078,3,15.95
O304300,P200092,1,33.34
O304300,P200233,3,91.88
O304301,P200041,3,106.34
O304301,P200236,2,40.69
O304301,P200057,1,143.5
O304301,P200017,1,144.21
O304301,P200077,3,54.82
O304302,P200064,3,6.6
O304302,P200205,1,137.75
O304302,P200159,2,19.33
O304303,P200049,3,35.33
O304303,P200208,2,12.97
O304303,P200057,1,123.42
O304303,P200118,2,52.7
O304304,P200227,3,33.8
O304304,P200071,3,51.68
O304305,P200082,2,129.56
O304305,P200132,1,118.42
O304305,P200018,2,40.06
O304305,P200232,2,90.46
O304306,P200173,1,11.73
O304306,P200066,2,45.52
O304306,P200080,3,30.55
O304306,P200004,3,46.46
O304307,P200164,3,111.55
O304307,P200228,1,123.08
O304307,P200184,3,116.61
O304307,P200085,1,29.29
O304307,P200209,3,64.9
O304308,P200163,1,73.37
O304309,P200168,3,269.78
O304309,P200150,1,20.6
O304309,P200126,1,22.4
O304310,P200041,3,114.74
O304310,P200217,3,144.82
O304310,P200001,3,6.44
O304311,P200171,1,87.05
O304311,P200126,3,18.97
O304311,P200145,2,98.7
O304312,P200167,3,138.84
O304312,P200006,3,170.38
O304312,P200084,3,65.66
O304312,P200071,3,40.9
O304312,P200159,1,20.17
O304313,P200005,2,24.5
O304314,P200159,3,16.21
O304314,P200119,1,73.06
O304314,P200172,1,65.79
O304315,P200116,2,188.27
O304315,P200136,2,148.31
O304316,P200018,1,36.07
O304316,P200057,1,135.51
O304316,P200179,1,90.1
O304316,P200195,1,30.88
O304316,P200106,1,7.65
O304317,P200221,2,475.55
O304317,P200078,2,14.98
O304318,P200115,3,45.02
O304318,P200022,3,58.71
O304319,P200215,3,102.52
O304320,P200029,2,18.71
O304320,P200098,2,107.18
O304320,P200163,3,62.5
O304321,P200139,1,250.09
O304322,P200124,1,270.25
O304322,P200032,3,543.37
O304322,P200160,2,44.45
O304323,P200002,2,22.37
O304323,P200068,2,17.8
O304324,P200231,2,33.3
O304324,P200042,2,92.1
O304324,P200111,2,41.59
O304325,P200023,2,121.12
O304325,P200165,1,17.03
O304325,P200041,3,107.5
O304325,P200017,1,124.37
O304326,P200111,2,42.31
O304326,P200156,2,109.22
O304326,P200200,1,77.73
O304326,P200024,1,120.39
O304327,P200076,3,66.74
O304328,P200175,3,16.43
O304329,P200090,1,130.28
O304329,P200106,3,9.37
O304330,P200167,3,125.06
O304330,P200136,2,164.02
O304330,P200048,2,20.89
O304331,P200121,2,43.75
O304331,P200062,2,24.71
O304331,P200105,3,108.48
O304331,P200229,3,33.85
O304331,P200140,3,21.61
O304332,P200088,2,96.27
O304333,P200063,3,82.78
O304334,P200199,3,292.89
O304334,P200007,1,69.41
O304334,P200000,2,152.17
O304334,P200043,2,34.78
O304335,P200241,3,111.37
O304335,P200223,3,35.6
O304335,P200225,1,10.69
O304335,P200235,3,18.29
O304335,P200086,2,17.25
O304336,P200002,2,23.14
O304336,P200067,2,5.84
O304336,P200204,3,767.72
O304336,P200082,3,132.44
O304336,P200086,1,16.37
O304337,P200054,2,92.6
O304337,P200170,3,55.86
O304337,P200165,3,16.34
O304338,P200066,2,38.74
O304339,P200169,2,56.06
O304339,P200024,1,124.15
O304339,P200070,2,16.19
O304340,P200059,1,29.85
O304340,P200033,2,31.66
O304340,P200096,3,28.89
O304341,P200147,2,64.09
O304341,P200195,3,34.87
O304341,P200036,1,54.94
O304342,P200034,2,107.72
O304342,P200008,1,21.09
O304342,P200125,2,81.64
O304343,P200029,1,17.6
O304343,P200027,1,25.95
O304343,P200064,1,6.52
O304344,P200180,1,286.39
O304344,P200240,1,247.44
O304344,P200221,3,487.56
O304344,P200166,2,18.51
O304345,P200119,1,79.19
O304346,P200153,3,26.06
O304347,P200119,1,66.46
O304348,P200168,1,278.12
O304348,P200051,2,131.69
O304348,P200002,1,22.34
O304349,P200079,1,7.28
O304349,P200166,1,20.44
O304349,P200123,1,22.26
O304350,P200185,2,110.0
O304350,P200035,1,36.64
O304350,P200117,3,55.51
O304350,P200085,3,25.43
O304351,P200246,2,107.64
O304351,P200027,1,27.07
O304351,P200075,1,49.59
O304352,P200235,3,15.78
O304352,P200155,3,99.64
O304352,P200015,3,130.16
O304353,P200111,3,44.76
O304353,P200057,2,148.45
O304353,P200164,3,117.99
O304353,P200048,2,19.67
O304353,P200087,3,96.23
O304354,P200121,2,38.58
O304354,P200057,2,153.92
O304354,P200104,1,77.34
O304354,P200185,2,135.55
O304355,P200198,3,333.17
O304355,P200059,2,26.08
O304355,P200136,1,155.79
O304355,P200081,3,520.29
O304356,P200012,1,71.26
O304356,P200059,3,23.11
O304357,P200230,1,126.33
O304358,P200079,3,7.49
O304358,P200039,1,67.04
O304358,P200169,3,57.91
O304358,P200153,1,32.54
O304358,P200099,3,17.06
O304359,P200201,3,99.31
O304359,P200236,1,39.95
O304359,P200031,1,31.44
O304360,P200155,1,105.08
O304361,P200248,1,5.54
O304361,P200159,2,19.29
O304361,P200014,2,64.37
O304362,P200177,1,25.16
O304363,P200224,2,119.15
O304363,P200120,3,63.81
O304363,P200186,3,10.51
O304363,P200182,3,9.14
O304363,P200248,2,5.86
O304364,P200026,1,150.7
O304364,P200201,3,111.0
O304364,P200137,2,87.46
O304365,P200164,3,133.32
O304365,P200161,1,61.44
O304365,P200069,3,35.88
O304365,P200202,1,118.85
O304366,P200063,1,91.46
O304366,P200104,3,92.3
O304366,P200171,2,84.55
O304367,P200215,1,126.82
O304368,P200235,2,17.86
O304368,P200081,1,613.86
O304368,P200131,2,249.01
O304368,P200224,2,116.06
O304369,P200228,2,120.08
O304369,P200199,3,284.58
O304369,P200042,1,81.35
O304369,P200032,2,477.54
O304370,P200116,3,185.58
O304370,P200241,1,89.09
O304371,P200224,2,110.25
O304371,P200161,1,57.98
O304371,P200249,1,96.1
O304371,P200074,3,50.61
O304372,P200100,3,30.89
O304372,P200129,2,120.89
O304373,P200042,3,80.34
O304373,P200086,2,16.95
O304373,P200036,3,45.67
O304373,P200245,2,9.45
O304374,P200143,2,11.97
O304374,P200127,2,128.64
O304374,P200246,3,106.96
O304374,P200110,1,99.24
O304375,P200030,3,52.81
O304376,P200224,3,112.03
O304376,P200164,2,143.03
O304377,P200045,2,48.63
O304378,P200185,3,128.55
O304378,P200235,3,17.0
O304378,P200066,3,45.33
O304378,P200232,3,107.22
O304379,P200208,2,11.5
O304379,P200106,1,7.66
O304380,P200173,2,13.35
O304380,P200222,2,114.68
O304380,P200101,3,8.17
O304380,P200147,1,69.04
O304381,P200174,3,122.19
O304381,P200029,1,18.99
O304381,P200005,3,26.17
O304382,P200044,3,123.64
O304383,P200131,2,248.83
O304383,P200071,2,46.24
O304383,P200062,3,27.47
O304383,P200101,1,8.77
O304383,P200136,2,152.86
O304384,P200067,2,6.52
O304384,P200113,3,61.08
O304384,P200149,3,84.82
O304384,P200127,1,113.67
O304385,P200072,2,38.45
O304385,P200011,2,39.45
O304386,P200138,3,34.91
O304386,P200135,3,25.55
O304386,P200226,1,104.56
O304386,P200064,1,6.66
O304386,P200130,3,111.82
O304387,P200065,2,133.82
O304387,P200009,3,12.06
O304387,P200131,3,234.49
O304387,P200045,1,54.16
O304388,P200053,2,124.03
O304388,P200189,1,107.78
O304388,P200060,1,72.3
O304388,P200210,1,101.12
O304388,P200232,3,100.38
O304389,P200010,1,142.83
O304390,P200246,1,97.97
O304391,P200246,3,116.05
O304392,P200230,1,133.0
O304392,P200007,1,73.5
O304392,P200115,2,37.97
O304393,P200058,2,69.31
O304393,P200220,2,27.85
O304393,P200184,3,97.52
O304393,P200027,3,31.49
O304394,P200240,2,235.51
O304394,P200124,1,298.47
O304394,P200189,3,99.26
O304394,P200202,2,111.33
O304394,P200247,2,17.55
O304395,P200160,1,47.71
O304395,P200132,1,114.41
O304395,P200182,3,9.56
O304395,P200126,2,22.32
O304395,P200048,2,23.76
O304396,P200216,2,95.55
O304396,P200077,3,53.79
O304396,P200067,1,6.77
O304397,P200186,2,11.49
O304397,P200160,1,44.57
O304397,P200166,1,21.13
O304397,P200069,3,38.72
O304398,P200111,2,38.28
O304398,P200144,1,86.92
O304399,P200120,3,65.3
O304400,P200124,2,280.59
O304401,P200063,3,86.9
O304402,P200145,2,106.21
O304402,P200192,2,54.62
O304402,P200211,3,145.39
O304402,P200210,3,92.19
O304403,P200180,3,252.84
O304403,P200030,2,62.78
O304403,P200139,1,233.01
O304404,P200170,3,52.02
O304404,P200018,1,41.42
O304404,P200172,1,61.18
O304404,P200134,3,109.84
O304405,P200041,3,115.67
O304406,P200217,3,130.33
O304406,P200149,3,100.35
O304406,P200117,1,69.81
O304406,P200228,2,122.24
O304406,P200006,1,195.06
O304407,P200150,2,21.32
O304407,P200051,1,106.38
O304407,P200069,2,37.11
O304407,P200209,2,68.29
O304408,P200132,2,106.36
O304408,P200164,3,141.11
O304408,P200200,2,70.17
O304408,P200176,1,102.14
O304408,P200032,3,577.05
O304409,P200062,3,28.57
O304409,P200203,1,391.55
O304409,P200167,1,132.09
O304409,P200175,3,16.21
O304410,P200235,2,17.74
O304410,P200177,1,28.21
O304411,P200000,1,154.11
O304411,P200093,3,134.81
O304411,P200114,3,110.05
O304411,P200033,3,29.28
O304412,P200160,2,47.06
O304412,P200072,1,47.68
O304412,P200004,3,50.53
O304412,P200229,1,34.75
O304413,P200247,3,18.26
O304414,P200201,1,99.13
O304415,P200084,3,74.67
O304415,P200150,2,18.79
O304415,P200215,2,118.71
O304415,P200219,2,244.84
O304416,P200200,3,68.19
O304417,P200206,3,43.28
O304418,P200180,3,244.63
O304419,P200025,3,77.88
O304419,P200201,1,108.57
O304419,P200155,3,107.16
O304419,P200013,2,82.7
O304420,P200130,3,105.59
O304420,P200150,1,19.32
O304420,P200197,1,450.36
O304420,P200087,1,117.9
O304420,P200140,3,22.16
O304421,P200151,1,117.2
O304421,P200043,1,34.78
O304421,P200207,1,33.39
O304422,P200222,3,114.11
O304423,P200210,1,101.66
O304423,P200179,1,92.8
O304423,P200187,1,242.98
O304424,P200233,3,88.93
O304424,P200030,3,51.54
O304424,P200183,2,121.51
O304425,P200129,1,147.48
O304425,P200098,3,107.07
O304425,P200005,3,27.18
O304426,P200237,1,110.06
O304426,P200190,1,17.08
O304426,P200222,3,116.61
O304427,P200194,2,109.67
O304427,P200183,3,123.72
O304427,P200031,3,27.96
O304428,P200096,1,25.99
O304428,P200240,1,282.03
O304429,P200248,2,5.07
O304429,P200181,1,82.58
O304429,P200153,3,32.97
O304429,P200150,1,18.57
O304429,P200200,2,74.79
O304430,P200058,2,68.37
O304430,P200146,2,12.36
O304430,P200101,3,9.41
O304431,P200178,2,9.07
O304431,P200014,1,59.62
O304432,P200029,3,18.11
O304433,P200143,2,13.67
O304433,P200248,2,5.18
O304433,P200147,1,81.23
O304433,P200135,2,27.5
O304434,P200049,1,31.99
O304434,P200184,3,110.75
O304435,P200246,3,89.77
O304435,P200160,3,49.12
O304436,P200248,2,4.59
O304436,P200131,3,265.7
O304436,P200096,3,27.5
O304437,P200033,1,32.58
O304437,P200237,3,117.7
O304437,P200245,2,9.2
O304438,P200182,1,7.76
O304438,P200109,2,18.17
O304438,P200004,3,43.24
O304438,P200106,3,8.74
O304438,P200205,2,151.25
O304439,P200229,1,30.23
O304439,P200173,2,14.01
O304439,P200016,2,358.11
O304440,P200011,1,45.53
O304440,P200128,2,56.28
O304440,P200196,2,37.5
O304440,P200045,3,46.18
O304441,P200222,2,119.94
O304441,P200019,2,414.64
O304441,P200213,3,19.32
O304441,P200232,3,102.04
O304442,P200079,3,7.16
O304442,P200144,3,83.87
O304442,P200150,1,21.0
O304442,P200168,2,241.3
O304442,P200130,3,118.53
O304443,P200181,1,88.18
O304444,P200010,1,128.72
O304444,P200124,3,262.72
O304445,P200128,3,59.88
O304445,P200072,1,43.26
O304445,P200105,2,107.99
O304445,P200166,3,21.72
O304446,P200092,2,38.26
O304447,P200212,3,59.31
O304447,P200041,2,104.26
O304447,P200110,2,82.6
O304448,P200210,3,90.93
O304448,P200011,1,39.27
O304448,P200240,1,301.78
O304449,P200018,3,34.03
O304449,P200072,2,36.6
O304449,P200028,2,87.71
O304449,P200135,2,30.32
O304449,P200077,1,53.19
O304450,P200022,1,66.15
O304450,P200156,1,89.49
O304450,P200124,3,252.64
O304450,P200189,3,90.26
O304450,P200019,3,351.99
O304451,P200088,2,116.67
O304452,P200151,3,131.42
O304452,P200038,3,501.52
O304453,P200065,1,136.61
O304453,P200010,2,127.18
O304453,P200082,2,149.13
O304453,P200105,2,135.23
O304454,P200004,2,53.75
O304455,P200142,2,91.5
O304455,P200182,2,8.6
O304455,P200219,2,241.39
O304456,P200045,3,45.2
O304456,P200021,2,63.59
O304456,P200215,2,128.98
O304456,P200150,3,22.57
O304456,P200123,2,28.14
O304457,P200081,1,602.61
O304457,P200084,2,62.54
O304457,P200163,1,78.21
O304457,P200140,2,20.92
O304457,P200037,2,54.63
O304458,P200107,1,36.6
O304458,P200026,1,144.45
O304458,P200126,2,20.85
O304458,P200023,3,118.96
O304458,P200184,3,97.93
O304459,P200101,1,9.3
O304460,P200116,2,150.58
O304461,P200191,2,7.29
O304462,P200177,1,29.73
O304462,P200150,2,21.24
O304462,P200190,2,17.5
O304462,P200103,2,107.28
O304463,P200215,2,120.86
O304464,P200037,3,44.85
O304464,P200014,2,56.15
O304464,P200025,3,79.38
O304465,P200078,1,17.05
O304465,P200179,2,81.8
O304465,P200001,1,7.6
O304465,P200118,2,47.66
O304465,P200023,3,115.54
O304466,P200014,3,55.88
O304466,P200177,1,27.61
O304466,P200145,1,110.26
O304467,P200123,1,23.78
O304467,P200220,3,31.23
O304467,P200087,2,112.94
O304467,P200245,1,9.89
O304467,P200200,3,77.88
O304468,P200233,2,100.66
O304468,P200183,2,138.32
O304468,P200072,1,37.58
O304469,P200126,3,20.27
O304469,P200106,3,9.6
O304470,P200089,1,44.2
O304470,P200056,3,92.42
O304470,P200028,2,99.5
O304470,P200014,1,58.19
O304470,P200020,3,108.47
O304471,P200082,1,145.02
O304471,P200094,2,70.66
O304471,P200186,3,11.55
O304472,P200243,3,56.7
O304473,P200111,3,37.43
O304473,P200106,3,9.4
O304473,P200248,2,5.5
O304473,P200149,3,91.71
O304474,P200085,3,28.83
O304474,P200079,3,8.58
O304474,P200197,1,525.81
O304474,P200172,1,62.73
O304475,P200020,2,126.19
O304475,P200240,1,246.17
O304475,P200124,3,254.02
O304475,P200008,2,20.18
O304475,P200151,1,145.67
O304476,P200082,2,138.75
O304477,P200237,2,93.44
O304478,P200003,1,114.53
O304478,P200143,3,12.38
O304478,P200016,2,423.98
O304478,P200097,3,120.95
O304479,P200032,2,460.94
O304479,P200089,1,35.57
O304479,P200122,3,64.22
O304479,P200036,1,47.41
O304480,P200025,1,74.1
O304480,P200018,2,43.53
O304480,P200037,2,48.44
O304480,P200040,3,59.03
O304481,P200023,2,123.2
O304481,P200080,1,31.91
O304482,P200190,2,15.46
O304482,P200237,3,104.07
O304482,P200141,2,114.67
O304482,P200063,3,91.24
O304483,P200015,1,146.74
O304483,P200076,1,72.06
O304483,P200232,3,103.45
O304484,P200052,1,103.3
O304484,P200147,2,77.54
O304484,P200143,1,11.87
O304484,P200193,1,34.88
O304484,P200184,1,98.28
O304485,P200165,3,14.95
O304485,P200177,2,25.16
O304486,P200232,1,109.76
O304486,P200181,1,93.97
O304486,P200193,2,39.8
O304486,P200160,3,44.86
O304487,P200227,1,37.03
O304488,P200176,3,109.18
O304488,P200039,2,63.7
O304488,P200168,1,297.87
O304488,P200061,3,71.83
O304489,P200176,1,102.34
O304489,P200160,2,50.58
O304489,P200110,3,83.13
O304489,P200131,1,302.96
O304490,P200003,3,111.83
O304490,P200079,3,8.78
O304491,P200150,3,19.17
O304492,P200082,3,142.74
O304492,P200196,1,35.76
O304492,P200060,2,66.7
O304492,P200094,2,56.17
O304492,P200167,3,132.54
O304493,P200038,1,532.45
O304494,P200158,3,122.52
O304494,P200071,2,42.44
O304494,P200223,1,41.97
O304495,P200249,1,97.52
O304496,P200142,1,111.19
O304496,P200038,1,538.71
O304496,P200224,3,107.39
O304497,P200058,2,66.77
O304497,P200022,3,57.17
O304497,P200039,2,61.01
O304497,P200031,1,32.07
O304497,P200176,3,112.46
O304498,P200192,1,55.08
O304498,P200224,1,116.61
O304498,P200029,3,19.65
O304499,P200128,2,54.89
O304499,P200081,2,586.26
O304500,P200122,3,63.31
O304500,P200187,3,251.18
O304501,P200247,3,15.93
O304502,P200004,3,46.81
O304502,P200042,3,72.17
O304502,P200235,1,18.86
O304503,P200192,2,59.27
O304504,P200011,1,45.1
O304504,P200236,3,40.14
O304505,P200174,2,121.84
O304506,P200153,3,26.64
O304506,P200010,2,121.01
O304507,P200213,1,17.49
O304508,P200064,2,6.79
O304508,P200168,2,233.17
O304508,P200177,2,29.2
O304508,P200219,2,212.79
O304508,P200058,2,62.57
O304509,P200110,2,88.26
O304509,P200223,1,39.37
O304509,P200153,2,28.25
O304509,P200036,1,48.84
O304510,P200065,2,137.51
O304510,P200225,3,10.08
O304510,P200216,2,99.81
O304510,P200007,1,74.17
O304510,P200066,2,44.17
O304511,P200213,2,17.85
O304511,P200225,2,8.86
O304511,P200187,3,260.84
O304511,P200175,3,13.81
O304512,P200246,1,110.3
O304512,P200071,1,49.26
O304512,P200094,1,69.6
O304513,P200184,2,106.46
O304514,P200107,3,45.98
O304514,P200217,1,156.14
O304514,P200241,3,88.18
O304514,P200013,1,86.37
O304514,P200169,1,64.52
O304515,P200032,1,455.11
O304515,P200200,2,80.93
O304515,P200059,3,25.16
O304515,P200122,3,73.39
O304515,P200037,2,45.24
O304516,P200135,3,29.27
O304516,P200163,3,65.27
O304516,P200054,1,78.78
O304517,P200187,3,275.7
O304517,P200238,3,31.14
O304518,P200202,3,104.87
O304518,P200233,2,96.59
O304519,P200087,1,105.45
O304519,P200044,2,128.71
O304520,P200169,1,71.68
O304520,P200048,2,20.28
O304520,P200035,2,36.9
O304520,P200172,1,56.74
O304520,P200247,3,18.5
O304521,P200222,1,103.33
O304522,P200151,2,127.17
O304522,P200227,3,31.34
O304522,P200064,2,6.71
O304522,P200032,1,519.34
O304523,P200161,1,61.77
O304523,P200031,3,33.12
O304523,P200225,2,10.66
O304523,P200158,3,145.55
O304524,P200190,1,16.36
O304524,P200153,1,27.49
O304524,P200116,1,181.14
O304524,P200132,2,128.44
O304525,P200226,3,115.85
O304526,P200189,1,109.37
O304526,P200225,1,9.0
O304526,P200184,2,117.4
O304527,P200242,1,91.69
O304527,P200176,2,107.09
O304528,P200171,1,95.14
O304528,P200226,2,105.74
O304528,P200026,3,145.15
O304529,P200131,3,300.21
O304530,P200232,1,92.76
O304531,P200110,1,80.85
O304532,P200055,3,90.69
O304532,P200086,1,16.17
O304532,P200114,3,117.73
O304532,P200127,1,126.3
O304532,P200081,3,552.54
O304533,P200124,1,300.42
O304533,P200229,2,27.85
O304533,P200011,2,35.34
O304534,P200050,1,34.86
O304534,P200222,3,110.62
O304535,P200191,2,6.51
O304535,P200117,1,62.98
O304535,P200012,3,69.21
O304535,P200079,3,7.99
O304536,P200172,3,60.06
O304536,P200102,1,101.06
O304536,P200103,3,106.22
O304537,P200064,1,6.31
O304537,P200182,2,8.38
O304538,P200128,3,56.87
O304539,P200101,1,9.81
O304539,P200190,3,16.05
O304540,P200072,3,36.88
O304540,P200159,2,17.12
O304540,P200113,2,66.79
O304540,P200000,2,130.99
O304541,P200127,1,123.33
O304541,P200193,1,38.84
O304541,P200065,3,129.63
O304541,P200074,3,52.21
O304542,P200034,1,100.91
O304542,P200189,2,94.57
O304543,P200005,2,25.98
O304543,P200034,1,85.72
O304543,P200021,1,70.25
O304543,P200011,1,37.31
O304544,P200023,1,108.0
O304544,P200176,2,94.74
O304544,P200204,1,644.94
O304544,P200139,2,271.04
O304545,P200210,1,90.18
O304545,P200002,3,22.46
O304545,P200126,1,19.44
O304545,P200180,2,255.82
O304545,P200050,3,37.03
O304546,P200069,3,33.22
O304546,P200232,2,93.07
O304546,P200198,1,294.15
O304547,P200035,3,42.71
O304547,P200050,2,33.7
O304548,P200199,3,246.11
O304549,P200010,1,119.53
O304550,P200061,1,66.89
O304551,P200027,2,32.48
O304551,P200075,3,50.17
O304551,P200095,3,111.86
O304552,P200140,1,18.64
O304552,P200220,3,34.6
O304553,P200220,3,27.51
O304553,P200082,3,136.61
O304554,P200145,3,103.99
O304554,P200111,2,42.24
O304554,P200249,1,97.87
O304554,P200048,2,23.95
O304555,P200222,3,96.59
O304555,P200218,1,101.5
O304556,P200027,2,31.82
O304556,P200060,2,70.2
O304556,P200230,3,109.08
O304556,P200173,1,13.03
O304556,P200192,3,54.89
O304557,P200108,1,62.23
O304558,P200137,2,77.63
O304558,P200126,2,21.23
O304559,P200072,3,47.12
O304560,P200132,3,106.98
O304560,P200122,3,71.9
O304560,P200160,3,50.92
O304561,P200206,3,37.88
O304562,P200059,3,24.0
O304562,P200115,2,43.86
O304563,P200113,3,68.59
O304563,P200220,3,30.49
O304563,P200084,1,81.25
O304563,P200163,2,70.95
O304564,P200100,3,29.95
O304564,P200020,1,129.34
O304564,P200089,3,35.07
O304564,P200207,1,39.93
O304564,P200205,3,150.73
O304565,P200183,1,127.25
O304565,P200027,2,30.61
O304565,P200005,2,24.66
O304566,P200169,3,60.94
O304566,P200209,2,69.58
O304566,P200151,3,146.07
O304566,P200103,3,115.42
O304566,P200096,1,25.49
O304567,P200242,3,86.46
O304567,P200087,1,105.63
O304567,P200081,2,532.89
O304567,P200084,2,62.66
O304568,P200082,1,124.92
O304568,P200199,1,271.62
O304568,P200165,2,18.5
O304568,P200180,1,263.79
O304569,P200165,3,15.44
O304569,P200130,3,119.84
O304569,P200077,1,52.67
O304569,P200177,1,28.28
O304569,P200032,2,505.65
O304570,P200205,2,138.56
O304571,P200166,2,19.28
O304571,P200124,3,266.62
O304572,P200030,1,58.42
O304572,P200204,3,624.87
O304572,P200086,2,16.38
O304573,P200178,2,9.86
O304573,P200228,3,117.52
O304573,P200172,1,66.06
O304573,P200044,1,125.18
O304574,P200196,2,37.75
O304574,P200022,3,56.06
O304574,P200091,1,63.44
O304574,P200130,2,124.28
O304574,P200044,1,116.34
O304575,P200127,1,117.07
O304576,P200047,3,74.73
O304576,P200080,2,32.81
O304577,P200228,3,130.06
O304577,P200000,2,145.92
O304578,P200040,3,49.65
O304578,P200142,1,102.91
O304578,P200169,2,63.57
O304578,P200232,1,89.43
O304579,P200048,2,20.54
O304579,P200134,1,105.15
O304579,P200121,2,37.17
O304579,P200106,2,9.6
O304579,P200028,3,98.98
O304580,P200116,3,150.93
O304580,P200123,3,22.02
O304580,P200133,2,22.7
O304580,P200042,1,71.67
O304580,P200225,3,8.67
O304581,P200112,3,123.95
O304581,P200225,2,8.74
O304581,P200139,3,283.06
O304581,P200189,2,111.25
O304582,P200111,1,42.1
O304582,P200174,1,136.09
O304582,P200001,3,7.35
O304582,P200242,1,93.8
O304583,P200207,1,34.83
O304583,P200087,3,108.52
O304583,P200173,2,11.73
O304584,P200226,1,105.23
O304584,P200112,3,120.61
O304584,P200003,2,107.77
O304584,P200204,3,749.6
O304585,P200245,1,9.41
O304586,P200104,3,96.85
O304586,P200010,2,138.16
O304586,P200204,2,632.29
O304587,P200148,2,41.12
O304587,P200040,3,59.75
O304588,P200091,1,64.56
O304588,P200041,1,115.03
O304588,P200092,2,41.22
O304588,P200210,2,87.71
O304588,P200144,2,92.48
O304589,P200009,1,13.01
O304589,P200044,3,119.31
O304590,P200052,2,124.83
O304590,P200161,2,66.77
O304591,P200037,1,44.83
O304591,P200163,2,70.49
O304591,P200145,2,108.14
O304592,P200025,1,77.77
O304592,P200237,3,110.41
O304592,P200057,1,137.45
O304592,P200222,2,93.97
O304592,P200112,2,105.85
O304593,P200151,3,129.76
O304593,P200213,1,15.88
O304593,P200027,3,29.51
O304593,P200202,1,101.5
O304593,P200137,2,72.28
O304594,P200125,1,77.35
O304594,P200205,3,169.03
O304594,P200118,2,47.58
O304595,P200224,2,110.3
O304595,P200209,1,58.27
O304595,P200193,1,33.58
O304595,P200044,1,122.85
O304595,P200076,2,73.75
O304596,P200211,3,155.18
O304596,P200052,2,99.45
O304596,P200154,3,228.04
O304596,P200124,2,306.82
O304597,P200024,3,101.72
O304597,P200048,3,18.82
O304597,P200142,1,95.31
O304597,P200091,2,69.1
O304597,P200016,2,429.1
O304598,P200152,3,131.26
O304598,P200102,3,116.38
O304598,P200082,3,119.1
O304598,P200223,3,36.87
O304598,P200103,2,110.2
O304599,P200029,1,19.69
O304599,P200112,3,125.39
O304600,P200039,1,60.56
O304600,P200159,2,17.49
O304600,P200079,2,9.04
O304601,P200006,3,198.48
O304601,P200147,1,74.4
O304602,P200094,1,58.93
O304602,P200164,3,139.24
O304603,P200051,2,126.86
O304603,P200115,3,45.91
O304603,P200011,1,43.25
O304604,P200042,2,71.81
O304605,P200019,1,389.78
O304605,P200115,3,38.17
O304606,P200209,3,70.3
O304606,P200066,3,36.35
O304606,P200244,2,47.12
O304606,P200028,3,98.79
O304606,P200123,2,23.17
O304607,P200052,2,116.6
O304608,P200176,1,92.21
O304608,P200021,2,69.44
O304608,P200010,1,123.78
O304608,P200151,1,137.39
O304609,P200051,1,109.55
O304609,P200124,1,238.73
O304609,P200029,3,18.77
O304609,P200228,2,110.11
O304610,P200225,3,10.31
O304610,P200204,3,745.9
O304611,P200169,2,55.96
O304611,P200227,1,36.85
O304611,P200086,2,18.27
O304612,P200011,2,45.03
O304612,P200026,3,123.93
O304612,P200174,2,130.18
O304612,P200146,2,14.97
O304612,P200167,1,118.84
O304613,P200119,3,77.97
O304613,P200176,1,95.93
O304613,P200148,2,39.26
O304613,P200122,1,75.21
O304613,P200215,1,108.58
O304614,P200090,2,114.0
O304614,P200150,2,19.21
O304614,P200108,1,54.53
O304614,P200023,2,132.53
O304614,P200127,2,111.18
O304615,P200126,3,23.3
O304615,P200061,2,83.45
O304615,P200067,1,5.61
O304615,P200238,2,33.14
O304616,P200246,2,102.01
O304616,P200233,3,92.41
O304616,P200005,3,24.79
O304616,P200149,3,105.52
O304616,P200191,2,6.53
O304617,P200125,1,75.8
O304617,P200192,3,60.53
O304618,P200226,2,109.72
O304618,P200137,2,81.76
O304618,P200193,2,38.27
O304618,P200241,1,100.64
O304619,P200104,2,95.78
O304619,P200212,2,71.03
O304619,P200131,3,297.23
O304619,P200009,3,11.06
O304620,P200199,2,256.55
O304620,P200213,1,15.51
O304620,P200244,1,40.41
O304620,P200035,2,37.72
O304620,P200003,2,131.77
O304621,P200209,3,68.1
O304621,P200246,2,113.95
O304622,P200021,3,57.42
O304622,P200074,3,48.79
O304622,P200064,3,7.37
O304622,P200183,1,135.76
O304622,P200184,1,102.78
O304623,P200005,1,23.5
O304623,P200196,1,40.42
O304623,P200055,3,110.89
O304624,P200073,2,147.96
O304625,P200027,2,29.29
O304625,P200174,2,122.29
O304625,P200164,1,142.27
O304625,P200089,2,42.09
O304626,P200090,3,122.09
O304626,P200105,1,133.22
O304626,P200165,2,16.81
O304626,P200142,1,91.11
O304626,P200129,3,130.21
O304627,P200234,1,12.61
O304627,P200151,1,127.53
O304627,P200187,2,272.58
O304628,P200021,2,69.17
O304628,P200233,2,100.3
O304628,P200039,3,73.44
O304629,P200165,1,17.04
O304629,P200149,3,97.34
O304629,P200055,2,108.49
O304629,P200194,3,102.3
O304629,P200147,1,77.08
O304630,P200043,2,37.61
O304630,P200229,3,31.39
O304630,P200007,3,71.42
O304630,P200220,1,34.79
O304630,P200041,1,133.26
O304631,P200035,2,44.23
O304631,P200078,3,16.69
O304631,P200147,2,70.32
O304632,P200123,3,25.99
O304632,P200093,3,141.75
O304632,P200042,1,81.89
O304632,P200244,3,44.92
O304633,P200130,3,122.16
O304633,P200161,2,58.63
O304633,P200191,1,6.35
O304633,P200183,2,140.42
O304634,P200096,1,26.52
O304634,P200106,3,8.58
O304634,P200167,3,142.42
O304634,P200115,2,39.8
O304635,P200079,3,8.1
O304635,P200083,1,141.97
O304635,P200182,1,9.07
O304635,P200064,2,6.33
O304636,P200028,2,83.56
O304636,P200182,1,8.22
O304637,P200113,3,69.64
O304637,P200244,3,39.04
O304638,P200038,3,498.5
O304639,P200101,1,9.53
O304639,P200181,3,96.52
O304639,P200220,1,32.08
O304639,P200242,2,85.35
O304639,P200029,1,16.97
O304640,P200204,1,677.01
O304640,P200072,2,37.72
O304641,P200020,1,134.92
O304641,P200011,2,38.51
O304641,P200078,2,18.06
O304641,P200034,1,88.04
O304642,P200222,1,99.75
O304642,P200162,1,134.75
O304642,P200034,2,90.65
O304642,P200224,3,105.93
O304643,P200228,3,127.86
O304643,P200158,3,145.89
O304643,P200218,2,106.84
O304643,P200102,1,101.83
O304644,P200186,2,9.52
O304644,P200106,2,9.07
O304644,P200094,1,55.48
O304644,P200127,2,107.79
O304644,P200158,3,121.76
O304645,P200169,2,60.51
O304645,P200134,1,102.52
O304645,P200016,3,402.12
O304645,P200200,1,67.09
O304645,P200114,2,130.48
O304646,P200051,2,105.92
O304647,P200171,2,87.89
O304647,P200044,2,115.2
O304647,P200236,3,39.3
O304647,P200066,3,37.65
O304647,P200096,2,28.01
O304648,P200133,2,23.42
O304648,P200060,2,75.06
O304649,P200200,1,68.74
O304649,P200109,1,22.37
O304649,P200003,1,129.29
O304649,P200119,2,64.29
O304650,P200045,1,49.17
O304650,P200132,3,112.78
O304650,P200069,3,38.87
O304650,P200022,3,55.6
O304651,P200169,3,62.78
O304652,P200137,2,81.52
O304652,P200222,2,93.09
O304653,P200076,2,71.68
O304653,P200235,3,17.35
O304653,P200023,3,132.78
O304653,P200207,2,38.66
O304653,P200101,3,9.14
O304654,P200004,3,44.16
O304655,P200231,2,26.2
O304655,P200052,3,125.91
O304656,P200122,3,67.83
O304657,P200232,1,110.09
O304658,P200015,3,125.25
O304658,P200236,2,46.26
O304658,P200155,3,127.27
O304658,P200059,3,25.03
O304659,P200199,2,279.99
O304659,P200116,2,152.34
O304659,P200163,3,68.47
O304659,P200243,2,61.97
O304659,P200147,2,66.21
O304660,P200051,1,116.73
O304660,P200160,1,48.32
O304660,P200046,1,10.1
O304661,P200006,3,162.73
O304661,P200141,2,94.65
O304662,P200154,1,236.62
O304662,P200152,1,137.41
O304662,P200190,3,15.55
O304662,P200028,1,83.15
O304662,P200034,2,98.54
O304663,P200145,1,127.83
O304663,P200138,3,43.58
O304664,P200162,3,114.88
O304664,P200202,1,105.16
O304665,P200039,3,73.69
O304665,P200145,1,115.57
O304665,P200234,2,12.21
O304666,P200176,1,97.65
O304667,P200045,3,52.0
O304667,P200167,1,144.18
O304668,P200226,2,105.69
O304668,P200065,2,145.98
O304668,P200043,3,32.66
O304668,P200051,2,107.65
O304669,P200161,1,69.12
O304669,P200109,1,17.88
O304669,P200171,3,83.5
O304669,P200222,3,92.65
O304670,P200221,2,522.33
O304670,P200096,2,28.95
O304670,P200142,3,90.16
O304670,P200158,2,134.23
O304670,P200058,3,64.7
O304671,P200108,3,62.38
O304671,P200219,2,236.51
O304671,P200087,3,118.79
O304671,P200122,2,74.72
O304672,P200155,3,98.44
O304672,P200055,3,92.17
O304673,P200177,3,24.47
O304673,P200022,1,56.87
O304673,P200221,2,412.01
O304673,P200101,3,8.17
O304674,P200097,2,121.02
O304674,P200040,3,46.84
O304674,P200144,1,91.3
O304674,P200161,1,71.94
O304674,P200049,1,33.36
O304675,P200162,1,124.56
O304675,P200111,2,42.17
O304675,P200189,2,108.38
O304675,P200084,3,62.57
O304676,P200018,2,37.55
O304676,P200080,1,35.16
O304676,P200201,2,102.19
O304676,P200151,3,143.82
O304677,P200133,1,21.3
O304677,P200130,1,107.1
O304677,P200234,3,14.81
O304678,P200001,3,6.96
O304678,P200014,3,67.69
O304678,P200115,1,41.33
O304678,P200040,3,47.98
O304678,P200087,2,116.12
O304679,P200128,2,49.76
O304679,P200192,2,60.45
O304680,P200203,3,414.44
O304680,P200150,2,20.75
O304680,P200109,1,20.11
O304681,P200249,2,98.76
O304681,P200083,1,135.9
O304682,P200166,3,18.9
O304683,P200045,3,51.2
O304683,P200024,2,106.49
O304683,P200246,1,98.03
O304683,P200239,1,40.11
O304684,P200230,3,137.5
O304685,P200132,1,130.66
O304685,P200158,3,122.82
O304686,P200142,1,109.46
O304686,P200072,3,37.86
O304686,P200164,3,138.27
O304686,P200236,3,36.36
O304687,P200082,2,121.76
O304687,P200089,2,44.93
O304688,P200176,3,86.8
O304688,P200148,1,35.05
O304688,P200220,2,28.53
O304688,P200122,2,72.46
O304688,P200013,3,98.59
O304689,P200065,2,141.21
O304690,P200119,1,63.52
O304690,P200160,1,49.75
O304690,P200125,2,87.56
O304691,P200075,1,51.29
O304692,P200183,1,137.38
O304693,P200152,1,116.52
O304693,P200073,3,139.75
O304693,P200106,3,7.92
O304693,P200080,1,29.73
O304694,P200199,3,306.93
O304695,P200062,1,30.1
O304695,P200113,3,57.81
O304695,P200124,3,293.16
O304695,P200152,2,124.96
O304695,P200162,2,114.73
O304696,P200049,1,32.75
O304696,P200061,2,84.4
O304696,P200244,2,40.32
O304697,P200025,2,85.41
O304697,P200226,3,114.86
O304697,P200106,1,8.61
O304698,P200058,3,60.41
O304698,P200141,2,104.2
O304698,P200089,3,43.12
O304698,P200059,1,26.87
O304698,P200021,2,62.3
O304699,P200020,3,116.97
O304699,P200023,3,108.14
O304700,P200248,1,5.29
O304700,P200207,3,39.18
O304701,P200017,1,130.55
O304701,P200003,2,132.63
O304701,P200062,3,25.93
O304702,P200053,3,147.83
O304702,P200235,1,17.19
O304702,P200221,3,494.5
O304702,P200220,3,33.58
O304703,P200138,2,39.67
O304703,P200070,1,15.85
O304703,P200183,3,137.04
O304703,P200086,3,18.32
O304703,P200030,3,53.62
O304704,P200005,2,26.7
O304704,P200050,1,39.81
O304704,P200171,2,96.74
O304705,P200207,2,41.51
O304705,P200083,3,135.64
O304706,P200063,1,87.93
O304706,P200123,3,24.39
O304706,P200173,1,11.64
O304706,P200207,3,34.46
O304706,P200047,3,75.67
O304707,P200205,2,166.34
O304707,P200016,2,339.34
O304707,P200230,2,129.71
O304708,P200101,2,8.83
O304708,P200214,3,108.65
O304708,P200077,1,44.28
O304708,P200176,1,95.15
O304708,P200119,1,71.64
O304709,P200248,3,5.11
O304709,P200188,1,54.19
O304709,P200208,3,12.88
O304710,P200081,1,538.63
O304711,P200092,3,33.33
O304711,P200129,3,119.81
O304711,P200203,1,409.84
O304711,P200163,2,68.59
O304711,P200112,1,117.55
O304712,P200175,3,13.36
O304712,P200071,3,46.11
O304712,P200013,1,82.33
O304712,P200227,3,36.15
O304713,P200175,2,15.95
O304713,P200234,2,12.32
O304714,P200135,3,28.1
O304714,P200157,2,68.16
O304714,P200212,2,74.62
O304714,P200225,3,9.02
O304714,P200129,1,134.71
O304715,P200149,1,82.97
O304716,P200098,2,121.17
O304716,P200047,1,66.64
O304716,P200127,3,111.14
O304716,P200121,2,44.07
O304716,P200025,1,78.67
O304717,P200181,1,102.22
O304717,P200040,1,52.42
O304717,P200221,1,456.28
O304718,P200234,1,13.44
O304718,P200214,1,97.75
O304718,P200112,3,114.29
O304719,P200004,3,45.93
O304720,P200130,2,111.6
O304721,P200240,3,283.97
O304721,P200241,3,103.23
O304721,P200146,3,12.63
O304721,P200109,3,22.58
O304722,P200154,1,286.69
O304722,P200187,1,282.62
O304722,P200249,3,106.28
O304723,P200128,3,55.91
O304724,P200122,3,70.89
O304724,P200232,2,94.56
O304724,P200078,2,17.28
O304724,P200091,2,57.49
O304725,P200131,3,236.55
O304725,P200185,1,111.61
O304725,P200121,1,41.91
O304725,P200098,2,115.61
O304726,P200141,1,120.38
O304726,P200186,2,11.05
O304727,P200142,1,97.69
O304727,P200021,2,62.22
O304727,P200048,1,21.03
O304727,P200247,2,17.88
O304728,P200166,2,20.53
O304728,P200169,3,60.62
O304728,P200033,2,28.91
O304728,P200037,2,51.35
O304728,P200014,2,63.31
O304729,P200032,2,571.49
O304729,P200153,2,33.14
O304729,P200029,2,19.4
O304730,P200212,3,73.74
O304730,P200105,1,117.59
O304731,P200026,1,135.67
O304731,P200088,2,115.79
O304731,P200085,2,27.49
O304731,P200091,3,68.34
O304731,P200170,3,56.45
O304732,P200090,3,134.2
O304732,P200125,1,76.93
O304732,P200084,3,74.84
O304732,P200063,3,84.38
O304732,P200183,3,141.15
O304733,P200041,1,120.21
O304733,P200084,2,78.03
O304733,P200223,1,42.74
O304734,P200102,3,103.86
O304734,P200169,2,65.68
O304734,P200247,2,18.76
O304735,P200249,3,110.84
O304735,P200194,1,122.27
O304735,P200101,1,10.46
O304735,P200165,1,16.83
O304735,P200112,1,117.68
O304736,P200131,3,296.07
O304737,P200183,1,117.86
O304737,P200202,1,122.47
O304738,P200023,3,110.27
O304738,P200033,1,26.83
O304738,P200024,3,111.38
O304739,P200218,2,95.32
O304739,P200123,2,23.63
O304739,P200222,1,109.45
O304739,P200099,1,16.14
O304740,P200048,1,22.86
O304740,P200229,2,32.14
O304740,P200040,3,60.07
O304740,P200201,2,100.54
O304741,P200040,3,49.49
O304741,P200188,1,60.27
O304742,P200100,2,33.92
O304742,P200146,3,13.8
O304742,P200145,3,112.49
O304742,P200196,2,39.65
O304742,P200219,3,263.69
O304743,P200016,3,372.0
O304743,P200146,2,12.65
O304743,P200242,2,86.45
O304743,P200224,2,114.44
O304744,P200052,3,112.41
O304744,P200146,1,12.69
O304744,P200126,2,24.34
O304745,P200192,1,51.86
O304745,P200063,3,94.65
O304745,P200045,1,44.77
O304745,P200071,2,51.02
O304745,P200201,3,98.16
O304746,P200140,2,17.59
O304747,P200065,1,139.88
O304747,P200036,2,45.54
O304747,P200064,1,6.17
O304747,P200041,2,126.41
O304748,P200078,1,14.48
O304748,P200137,1,91.37
O304748,P200232,2,104.02
O304748,P200139,3,282.02
O304748,P200234,2,14.08
O304749,P200126,1,19.93
O304749,P200178,1,10.32
O304749,P200033,1,28.07
O304749,P200087,2,107.81
O304750,P200126,2,23.98
O304750,P200070,3,17.11
O304750,P200099,3,16.46
O304751,P200211,3,153.36
O304751,P200051,1,110.15
O304752,P200200,3,74.94
O304752,P200006,2,177.84
O304753,P200218,2,93.22
O304753,P200025,2,74.18
O304753,P200009,2,12.1
O304754,P200162,1,106.96
O304754,P200031,1,34.81
O304754,P200088,2,108.69
O304754,P200017,3,117.29
O304754,P200221,3,426.02
O304755,P200028,1,97.33
O304755,P200111,1,43.84
O304755,P200095,2,124.56
O304756,P200070,1,17.0
O304757,P200084,3,69.38
O304757,P200210,2,91.09
O304757,P200098,2,103.31
O304758,P200119,3,74.5
O304759,P200164,3,134.15
O304759,P200082,3,124.66
O304759,P200091,3,58.96
O304759,P200070,1,16.56
O304759,P200162,3,125.46
O304760,P200083,1,135.69
O304760,P200230,2,129.25
O304760,P200117,2,68.6
O304761,P200200,2,70.53
O304761,P200010,3,121.22
O304762,P200223,3,40.21
O304762,P200054,1,95.52
O304762,P200173,1,13.74
O304762,P200146,1,12.76
O304763,P200134,3,89.41
O304763,P200235,1,16.66
O304763,P200077,2,47.29
O304764,P200196,2,39.36
O304764,P200094,3,66.97
O304764,P200044,3,110.43
O304765,P200076,1,73.65
O304765,P200194,1,124.57
O304765,P200108,3,62.36
O304766,P200042,2,89.73
O304766,P200057,1,148.55
O304766,P200196,2,34.56
O304766,P200245,3,9.32
O304766,P200205,2,156.36
O304767,P200215,2,98.97
O304767,P200223,2,34.68
O304767,P200009,2,12.65
O304767,P200192,1,56.03
O304767,P200055,3,99.98
O304768,P200065,1,140.11
O304768,P200154,3,253.09
O304769,P200232,2,94.13
O304769,P200218,3,104.52
O304770,P200240,2,240.3
O304770,P200084,3,70.89
O304770,P200173,2,12.68
O304770,P200022,1,53.42
O304770,P200113,3,53.88
O304771,P200177,3,23.76
O304771,P200067,3,5.49
O304771,P200053,1,113.65
O304771,P200016,3,371.9
O304772,P200057,1,131.16
O304773,P200108,3,60.94
O304773,P200207,1,33.18
O304773,P200047,1,67.65
O304774,P200068,1,17.14
O304775,P200074,1,55.17
O304776,P200062,2,24.89
O304777,P200222,3,111.74
O304777,P200087,2,110.58
O304778,P200151,3,125.26
O304779,P200192,1,54.14
O304779,P200201,1,117.25
O304779,P200202,2,106.53
O304779,P200020,1,117.0
O304779,P200205,3,149.84
O304780,P200219,3,250.69
O304780,P200097,3,144.86
O304780,P200137,2,92.54
O304781,P200085,3,29.66
O304781,P200163,1,66.54
O304781,P200183,3,149.24
O304782,P200189,3,98.21
O304782,P200181,1,98.88
O304782,P200051,3,123.05
O304782,P200098,1,110.49
O304782,P200073,2,151.93
O304783,P200083,3,117.25
O304783,P200226,2,111.62
O304783,P200175,1,14.68
O304783,P200221,1,421.34
O304783,P200033,1,31.75
O304784,P200088,2,119.83
O304784,P200103,2,113.67
O304784,P200027,2,29.29
O304784,P200184,2,112.78
O304784,P200070,3,14.41
O304785,P200220,2,28.99
O304786,P200223,2,38.83
O304786,P200183,3,147.43
O304786,P200185,2,106.26
O304786,P200006,2,192.41
O304787,P200023,3,108.89
O304787,P200156,3,111.94
O304787,P200163,2,67.83
O304787,P200128,2,55.14
O304787,P200185,2,123.29
O304788,P200022,1,58.27
O304789,P200197,3,423.38
O304789,P200127,1,100.0
O304789,P200212,2,65.49
O304789,P200055,3,94.81
O304789,P200063,1,96.83
O304790,P200049,1,36.02
O304790,P200065,1,136.0
O304790,P200114,2,117.62
O304790,P200046,3,9.59
O304790,P200103,3,103.41
O304791,P200186,1,10.07
O304791,P200042,2,87.57
O304791,P200212,2,67.43
O304791,P200051,3,132.25
O304791,P200211,1,144.77
O304792,P200069,2,40.34
O304792,P200108,2,62.78
O304793,P200109,2,18.56
O304794,P200110,2,89.97
O304794,P200034,2,101.74
O304794,P200180,3,279.41
O304794,P200091,3,71.28
O304795,P200038,2,589.49
O304795,P200248,3,4.58
O304795,P200166,1,20.84
O304795,P200073,1,159.13
O304796,P200164,3,143.74
O304796,P200013,2,81.73
O304796,P200171,1,80.02
O304796,P200018,2,38.89
O304797,P200015,2,114.85
O304797,P200074,1,53.12
O304798,P200023,3,112.81
O304799,P200056,3,94.02
O304799,P200192,2,48.78
O304799,P200011,2,42.47
O304799,P200077,1,53.14
O304799,P200054,1,97.29
O304800,P200207,3,36.72
O304800,P200146,1,14.63
O304800,P200121,2,35.29
O304801,P200008,3,23.06
O304801,P200042,1,74.93
O304801,P200232,2,99.88
O304801,P200210,3,95.03
O304801,P200117,3,54.83
O304802,P200193,2,39.53
O304802,P200188,3,48.6
O304802,P200124,1,299.17
O304802,P200111,2,36.14
O304802,P200024,2,111.12
O304803,P200210,3,102.8
O304803,P200244,1,41.99
O304803,P200016,2,350.48
O304804,P200011,1,44.67
O304804,P200135,3,25.18
O304805,P200079,3,7.52
O304805,P200120,3,64.36
O304805,P200032,3,475.38
O304805,P200052,1,113.92
O304805,P200003,3,129.12
O304806,P200075,3,55.92
O304806,P200148,2,40.86
O304806,P200180,1,298.65
O304806,P200182,3,8.92
O304807,P200237,2,111.77
O304807,P200196,1,42.99
O304807,P200019,3,386.6
O304807,P200098,2,104.21
O304808,P200223,1,39.11
O304808,P200112,1,115.23
O304808,P200173,3,11.57
O304808,P200150,3,22.26
O304808,P200069,2,39.16
O304809,P200042,3,74.31
O304809,P200027,1,28.86
O304810,P200081,3,630.67
O304810,P200078,2,18.62
O304811,P200003,3,118.24
O304812,P200004,2,48.18
O304812,P200145,2,100.27
O304813,P200177,1,24.9
O304813,P200026,2,148.48
O304813,P200186,1,9.52
O304814,P200019,2,416.48
O304814,P200228,3,108.74
O304814,P200206,2,46.9
O304815,P200066,2,36.5
O304816,P200125,1,84.55
O304816,P200186,1,9.61
O304816,P200142,1,92.63
O304816,P200066,1,38.67
O304816,P200075,2,59.71
O304817,P200167,2,130.89
O304817,P200218,3,109.57
O304817,P200026,3,125.08
O304818,P200000,2,148.7
O304818,P200226,1,107.44
O304818,P200161,3,70.11
O304819,P200234,3,12.07
O304819,P200237,3,103.46
O304819,P200078,3,16.56
O304819,P200129,3,140.66
O304819,P200055,2,101.4
O304820,P200059,2,28.04
O304820,P200210,3,97.42
O304820,P200100,3,33.9
O304821,P200225,1,8.69
O304821,P200124,3,271.85
O304821,P200057,3,144.59
O304821,P200106,2,8.12
O304821,P200206,1,39.46
O304822,P200150,3,22.71
O304822,P200101,2,9.22
O304823,P200201,1,95.75
O304823,P200092,2,36.87
O304823,P200177,2,30.66
O304823,P200098,1,116.88
O304823,P200131,1,297.54
O304824,P200099,1,18.92
O304824,P200092,3,39.46
O304824,P200061,2,81.09
O304824,P200040,1,56.4
O304824,P200145,2,117.12
O304825,P200012,1,66.0
O304825,P200070,2,18.01
O304825,P200154,3,244.85
O304825,P200062,1,28.25
O304826,P200095,1,113.0
O304826,P200111,3,42.82
O304826,P200072,1,45.37
O304826,P200228,3,121.65
O304826,P200245,3,9.13
O304827,P200082,2,146.75
O304827,P200140,3,22.29
O304827,P200038,2,497.16
O304827,P200104,1,80.7
O304828,P200052,3,98.42
O304828,P200224,3,109.58
O304828,P200062,2,29.77
O304828,P200223,1,43.95
O304829,P200223,2,38.85
O304829,P200012,3,70.97
O304829,P200076,2,78.04
O304829,P200008,1,23.22
O304830,P200125,1,77.15
O304830,P200079,1,8.28
O304830,P200119,2,77.22
O304830,P200135,2,29.74
O304830,P200002,1,25.17
O304831,P200056,3,107.68
O304831,P200137,2,81.83
O304831,P200112,3,121.95
O304831,P200240,1,281.49
O304832,P200175,1,15.16
O304832,P200136,3,149.16
O304832,P200005,2,26.49
O304832,P200242,2,88.41
O304833,P200182,3,9.1
O304834,P200054,1,93.15
O304834,P200170,3,58.43
O304834,P200187,3,219.37
O304834,P200169,3,71.31
O304834,P200130,1,100.93
O304835,P200137,1,83.95
O304835,P200120,2,55.09
O304835,P200245,1,8.86
O304835,P200192,3,51.58
O304836,P200224,2,135.5
O304837,P200049,2,40.66
O304837,P200127,1,128.84
O304838,P200169,3,58.03
O304838,P200199,3,295.53
O304839,P200154,2,265.36
O304839,P200178,1,10.36
O304840,P200034,1,105.26
O304840,P200183,1,132.17
O304840,P200218,2,104.62
O304840,P200065,1,139.24
O304840,P200200,2,75.64
O304841,P200221,3,405.84
O304841,P200137,2,81.16
O304841,P200113,3,56.54
O304842,P200155,1,122.62
O304842,P200187,1,238.87
O304842,P200139,3,235.32
O304843,P200184,3,101.84
O304843,P200020,2,118.32
O304843,P200036,3,56.03
O304843,P200193,2,33.57
O304844,P200152,1,108.64
O304844,P200154,3,273.97
O304845,P200160,3,48.12
O304845,P200060,2,79.93
O304845,P200187,3,240.98
O304845,P200225,2,9.61
O304845,P200154,2,223.43
O304846,P200008,3,23.64
O304846,P200054,1,79.75
O304846,P200236,2,43.28
O304846,P200224,3,125.43
O304847,P200102,2,113.76
O304847,P200093,2,147.16
O304848,P200019,2,372.34
O304848,P200167,3,135.41
O304848,P200200,1,73.41
O304848,P200139,3,232.5
O304849,P200071,2,44.1
O304849,P200241,1,94.85
O304849,P200039,3,74.45
O304850,P200089,1,42.97
O304850,P200228,2,128.51
O304851,P200056,2,87.21
O304851,P200054,1,93.67
O304851,P200008,1,22.79
O304851,P200165,3,14.83
O304851,P200063,3,97.48
O304852,P200156,3,112.56
O304852,P200051,1,119.86
O304853,P200236,2,44.28
O304854,P200097,1,153.68
O304854,P200092,3,40.56
O304854,P200077,3,53.51
O304855,P200150,1,22.13
O304855,P200222,1,106.32
O304855,P200110,1,77.02
O304856,P200110,3,78.43
O304857,P200174,1,129.19
O304857,P200103,3,106.88
O304857,P200090,1,128.68
O304857,P200170,3,57.92
O304858,P200166,3,18.16
O304858,P200187,2,219.94
O304859,P200079,1,7.46
O304860,P200033,1,26.94
O304860,P200078,2,14.67
O304860,P200026,2,130.2
O304861,P200086,1,17.03
O304862,P200008,2,23.43
O304862,P200173,1,12.72
O304862,P200206,2,41.67
O304862,P200000,2,133.66
O304863,P200076,1,60.85
O304864,P200247,1,18.69
O304864,P200086,1,16.4
O304864,P200115,1,42.87
O304865,P200205,3,148.21
O304866,P200182,3,9.59
O304866,P200146,2,12.32
O304867,P200031,3,35.7
O304867,P200058,1,66.87
O304867,P200181,3,96.85
O304867,P200084,1,66.08
O304867,P200130,2,121.14
O304868,P200171,3,82.18
O304868,P200241,3,90.54
O304868,P200119,2,62.96
O304868,P200137,2,90.27
O304869,P200074,1,51.26
O304869,P200019,2,375.86
O304869,P200027,2,32.2
O304870,P200066,3,41.55
O304871,P200248,3,4.76
O304871,P200152,1,125.82
O304872,P200219,2,245.28
O304872,P200080,1,33.76
O304873,P200174,2,122.52
O304873,P200154,3,272.24
O304873,P200091,1,57.48
O304874,P200015,3,127.42
O304874,P200036,2,45.56
O304875,P200248,3,5.83
O304875,P200218,2,94.46
O304875,P200094,1,56.58
O304875,P200183,1,146.63
O304875,P200044,1,140.16
O304876,P200159,2,16.63
O304876,P200196,3,41.45
O304876,P200003,2,127.94
O304876,P200103,3,116.2
O304877,P200110,3,89.26
O304877,P200241,1,89.07
O304878,P200097,1,123.75
O304879,P200034,1,100.16
O304879,P200004,1,47.9
O304879,P200135,3,26.26
O304880,P200015,3,124.6
O304880,P200080,2,28.05
O304880,P200064,3,7.29
O304881,P200247,2,17.22
O304881,P200097,3,120.95
O304881,P200035,1,44.73
O304881,P200218,2,89.13
O304882,P200037,2,57.53
O304882,P200145,1,117.57
O304882,P200063,2,97.77
O304883,P200155,1,112.34
O304883,P200148,2,35.19
O304883,P200071,3,50.3
O304883,P200055,2,91.39
O304884,P200108,3,62.14
O304884,P200160,3,46.89
O304884,P200186,2,10.01
O304884,P200069,3,36.55
O304884,P200096,2,27.93
O304885,P200185,3,137.52
O304885,P200238,2,29.55
O304885,P200065,3,129.92
O304886,P200056,3,109.42
O304886,P200087,3,104.05
O304886,P200150,2,19.28
O304886,P200180,3,259.51
O304887,P200142,3,111.92
O304887,P200031,2,31.26
O304888,P200184,2,108.68
O304888,P200012,3,63.81
O304888,P200148,2,42.08
O304888,P200092,3,39.35
O304888,P200190,2,18.69
O304889,P200185,3,129.7
O304889,P200187,2,276.96
O304889,P200174,1,125.24
O304890,P200204,2,728.17
O304890,P200027,1,31.43
O304890,P200010,2,121.37
O304890,P200012,3,79.03
O304891,P200063,1,90.47
O304891,P200157,3,65.42
O304891,P200212,2,74.88
O304891,P200065,2,120.18
O304891,P200123,1,24.6
O304892,P200225,2,8.46
O304892,P200163,2,67.14
O304893,P200011,3,37.7
O304894,P200112,2,128.3
O304894,P200108,2,52.17
O304895,P200017,3,152.78
O304895,P200054,1,93.49
O304896,P200151,2,140.25
O304897,P200249,3,91.26
O304897,P200206,2,43.88
O304897,P200075,3,50.61
O304898,P200210,1,90.34
O304898,P200113,1,56.09
O304899,P200183,2,115.46
O304900,P200105,2,125.91
O304901,P200243,2,57.37
O304901,P200034,1,94.02
O304902,P200024,3,120.86
O304902,P200124,3,310.42
O304903,P200062,3,28.43
O304903,P200099,3,17.32
O304903,P200052,3,126.66
O304903,P200186,1,10.52
O304903,P200242,2,90.06
O304904,P200090,3,121.82
O304904,P200038,2,570.81
O304904,P200249,3,100.18
O304904,P200195,3,29.04
O304905,P200175,1,15.59
O304905,P200066,2,45.16
O304905,P200002,3,22.66
O304905,P200075,2,59.84
O304906,P200061,3,69.48
O304906,P200130,3,102.71
O304906,P200237,1,100.48
O304906,P200239,3,47.83
O304907,P200171,2,95.43
O304907,P200051,3,104.21
O304907,P200130,1,122.1
O304907,P200111,2,45.24
O304907,P200037,2,46.46
O304908,P200016,1,360.77
O304908,P200019,3,403.94
O304909,P200027,1,26.73
O304910,P200064,3,6.67
O304910,P200176,1,102.68
O304910,P200007,3,59.44
O304911,P200058,1,68.35
O304912,P200134,1,112.21
O304912,P200157,3,63.67
O304913,P200067,1,5.93
O304913,P200139,1,246.66
O304913,P200027,1,25.65
O304913,P200149,1,86.13
O304914,P200185,1,119.38
O304914,P200232,1,109.05
O304914,P200051,3,121.12
O304915,P200222,2,120.03
O304915,P200011,3,39.54
O304915,P200151,1,141.53
O304915,P200037,1,50.29
O304916,P200184,1,93.97
O304916,P200201,1,98.42
O304916,P200182,3,9.05
O304917,P200115,1,43.57
O304917,P200190,3,16.36
O304917,P200075,3,59.27
O304918,P200247,3,14.59
O304918,P200140,3,21.16
O304919,P200025,3,68.78
O304919,P200069,2,39.77
O304920,P200072,1,39.99
O304920,P200127,2,104.98
O304921,P200094,3,59.21
O304921,P200011,2,45.16
O304921,P200045,1,48.99
O304921,P200173,2,12.51
O304922,P200044,2,121.48
O304922,P200246,3,96.98
O304922,P200144,2,78.53
O304922,P200042,3,77.15
O304922,P200060,2,77.42
O304923,P200006,3,197.04
O304924,P200123,1,21.61
O304924,P200027,1,27.12
O304924,P200233,1,104.77
O304925,P200135,2,29.75
O304925,P200148,2,34.3
O304925,P200222,1,105.01
O304926,P200010,2,133.66
O304926,P200076,3,74.53
O304926,P200109,1,22.85
O304927,P200004,1,42.21
O304927,P200216,3,98.14
O304928,P200203,1,399.29
O304929,P200050,3,31.11
O304929,P200214,2,119.54
O304930,P200188,1,46.81
O304931,P200067,2,6.86
O304932,P200233,3,103.02
O304932,P200248,3,5.17
O304933,P200188,3,58.3
O304933,P200056,3,106.56
O304933,P200118,2,51.64
O304933,P200194,3,103.46
O304934,P200135,1,25.31
O304934,P200152,1,115.25
O304934,P200213,1,17.63
O304934,P200065,3,125.61
O304934,P200222,1,112.34
O304935,P200098,3,96.34
O304935,P200009,1,12.48
O304935,P200167,2,136.94
O304935,P200048,3,19.81
O304936,P200186,2,9.4
O304937,P200092,2,34.26
O304937,P200214,3,103.16
O304938,P200077,1,52.81
O304938,P200121,2,38.72
O304939,P200105,1,121.33
O304939,P200097,2,119.42
O304940,P200128,1,49.26
O304940,P200124,3,241.52
O304940,P200047,3,66.95
O304940,P200152,2,117.02
O304940,P200021,1,56.92
O304941,P200099,1,16.51
O304941,P200023,1,135.25
O304941,P200057,3,156.38
O304941,P200090,1,110.56
O304942,P200057,1,152.88
O304942,P200110,2,83.43
O304942,P200100,3,32.33
O304943,P200143,3,13.15
O304943,P200231,1,31.94
O304943,P200216,3,97.12
O304944,P200055,3,101.63
O304944,P200216,1,91.42
O304945,P200065,3,131.58
O304945,P200194,3,103.27
O304945,P200090,1,121.0
O304946,P200102,3,95.84
O304946,P200121,2,41.68
O304946,P200094,2,64.42
O304946,P200082,3,141.73
O304947,P200167,2,128.55
O304947,P200170,3,50.51
O304947,P200222,2,112.64
O304947,P200206,2,42.42
O304947,P200067,1,7.0
O304948,P200122,1,62.48
O304948,P200188,1,55.55
O304948,P200056,3,88.7
O304949,P200113,3,63.29
O304950,P200167,1,119.1
O304950,P200055,3,108.94
O304950,P200054,3,96.11
O304950,P200169,1,72.13
O304950,P200010,3,143.45
O304951,P200074,1,50.5
O304951,P200193,2,39.84
O304952,P200078,1,18.76
O304953,P200026,1,141.8
O304953,P200231,1,33.01
O304953,P200140,1,20.87
O304954,P200014,3,61.21
O304954,P200226,3,114.49
O304954,P200050,1,37.1
O304954,P200172,1,66.6
O304955,P200180,2,275.5
O304955,P200211,2,152.33
O304956,P200080,3,33.39
O304956,P200116,3,180.45
O304957,P200247,2,14.72
O304957,P200123,3,24.22
O304958,P200159,2,19.78
O304958,P200052,3,116.21
O304958,P200136,1,165.71
O304958,P200224,3,123.18
O304958,P200049,1,34.87
O304959,P200200,2,74.52
O304959,P200063,1,94.34
O304959,P200247,2,17.77
O304959,P200233,2,102.05
O304959,P200107,1,39.48
O304960,P200031,1,28.98
O304960,P200052,3,116.49
O304960,P200091,3,62.25
O304960,P200083,1,132.98
O304960,P200237,2,111.51
O304961,P200246,2,103.61
O304961,P200002,2,25.78
O304962,P200001,1,7.29
O304962,P200113,2,56.44
O304962,P200086,2,17.79
O304962,P200185,3,118.94
O304962,P200152,2,139.04
O304963,P200011,1,37.37
O304963,P200077,2,54.51
O304964,P200224,2,114.87
O304964,P200108,3,60.98
O304964,P200142,3,101.59
O304964,P200084,3,66.61
O304964,P200138,1,36.91
O304965,P200238,1,34.43
O304965,P200210,1,92.64
O304965,P200125,1,75.66
O304965,P200197,2,472.32
O304965,P200227,2,29.15
O304966,P200085,1,24.93
O304966,P200075,1,59.02
O304966,P200112,2,114.51
O304966,P200176,1,100.46
O304967,P200122,1,67.56
O304967,P200196,3,35.32
O304967,P200110,1,98.78
O304967,P200224,2,128.07
O304967,P200100,1,31.28
O304968,P200089,2,36.79
O304969,P200077,2,53.3
O304969,P200006,1,193.23
O304969,P200027,3,27.78
O304969,P200008,2,22.94
O304970,P200004,3,41.77
O304971,P200000,2,141.74
O304971,P200154,1,241.64
O304971,P200006,2,178.1
O304971,P200042,3,74.48
O304972,P200108,1,56.6
O304972,P200089,2,42.94
O304973,P200125,1,87.46
O304973,P200248,3,5.02
O304973,P200063,1,84.0
O304973,P200045,3,49.87
O304973,P200048,2,20.64
O304974,P200204,3,791.92
O304974,P200248,2,5.17
O304974,P200135,3,27.21
O304975,P200150,2,17.83
O304975,P200131,2,302.93
O304975,P200183,1,118.48
O304975,P200147,3,64.27
O304976,P200213,2,18.88
O304976,P200155,2,121.09
O304977,P200160,1,45.12
O304978,P200107,3,43.68
O304978,P200069,3,40.85
O304978,P200046,2,9.07
O304978,P200154,3,280.95
O304979,P200245,1,8.81
O304979,P200239,1,46.82
O304980,P200170,3,51.37
O304980,P200208,1,12.58
O304980,P200073,3,173.87
O304980,P200000,2,131.1
O304981,P200045,3,45.31
O304981,P200042,2,74.37
O304981,P200110,2,94.74
O304982,P200000,3,150.88
O304982,P200003,1,127.21
O304982,P200175,1,16.2
O304982,P200205,2,154.39
O304982,P200236,3,40.09
O304983,P200190,1,14.72
O304983,P200077,2,42.19
O304984,P200043,2,34.83
O304984,P200030,2,61.11
O304984,P200145,3,128.86
O304985,P200087,1,99.42
O304985,P200224,1,132.76
O304985,P200051,2,116.37
O304985,P200086,3,18.86
O304986,P200087,3,112.8
O304986,P200199,1,305.03
O304986,P200215,3,106.71
O304986,P200220,2,34.39
O304987,P200213,2,16.09
O304988,P200043,3,30.29
O304988,P200004,3,50.75
O304988,P200122,2,80.69
O304988,P200021,3,67.44
O304989,P200227,3,37.07
O304989,P200007,2,77.12
O304989,P200055,2,106.63
O304990,P200087,1,108.66
O304990,P200234,3,12.3
O304990,P200187,1,246.97
O304990,P200244,1,49.89
O304990,P200228,1,127.95
O304991,P200219,2,249.15
O304991,P200009,3,12.99
O304991,P200005,2,21.91
O304991,P200176,2,112.43
O304992,P200044,1,121.52
O304992,P200116,2,153.08
O304992,P200165,1,14.62
O304992,P200200,1,72.98
O304993,P200144,2,94.8
O304993,P200157,3,68.7
O304994,P200010,2,141.36
O304994,P200054,2,96.84
O304995,P200174,1,134.54
O304995,P200184,3,110.98
O304995,P200114,2,110.38
O304995,P200209,3,67.29
O304996,P200209,1,70.37
O304997,P200096,3,24.26
O304997,P200019,3,422.3
O304997,P200064,1,7.32
O304998,P200129,2,143.26
O304998,P200149,3,83.73
O304998,P200030,1,58.96
O304998,P200154,1,243.71
O304998,P200187,2,260.99
O304999,P200008,3,19.99
O304999,P200195,3,35.0
O304999,P200053,1,123.37
O304999,P200109,1,22.33
O304999,P200095,1,132.33
O305000,P200072,1,43.39
O305000,P200125,1,77.81
O305000,P200040,3,59.04
O305000,P200241,2,107.56
O305001,P200164,2,111.87
O305001,P200031,1,31.43
O305001,P200055,3,98.58
O305002,P200066,3,42.0
O305002,P200080,1,32.87
O305002,P200093,1,165.68
O305002,P200190,1,18.45
O305002,P200129,1,151.09
O305003,P200234,3,11.86
O305004,P200085,3,26.38
O305004,P200180,2,241.83
O305004,P200012,3,63.21
O305004,P200096,3,25.52
O305005,P200140,1,22.54
O305006,P200188,3,57.31
O305006,P200100,1,35.26
O305006,P200088,1,110.95
O305006,P200157,3,60.23
O305007,P200030,3,56.99
O305007,P200242,3,92.39
O305008,P200118,2,48.87
O305008,P200043,2,36.52
O305008,P200245,2,10.21
O305008,P200157,1,61.04
O305009,P200114,2,122.13
O305009,P200052,2,99.19
O305009,P200248,1,5.37
O305009,P200099,1,15.0
O305010,P200178,3,11.05
O305010,P200152,1,117.4
O305010,P200013,2,89.54
O305010,P200023,2,120.12
O305010,P200188,3,54.43
O305011,P200105,1,122.41
O305011,P200065,2,116.4
O305011,P200175,3,14.92
O305011,P200214,2,118.71
O305012,P200107,2,39.85
O305012,P200099,1,16.61
O305012,P200203,2,493.74
O305012,P200098,2,108.01
O305012,P200002,3,21.11
O305013,P200144,3,91.66
O305014,P200089,2,38.17
O305014,P200116,1,181.06
O305015,P200170,3,56.85
O305015,P200023,2,135.26
O305015,P200140,3,20.5
O305016,P200177,2,26.21
O305017,P200248,1,5.74
O305018,P200118,1,53.68
O305019,P200065,2,114.71
O305019,P200052,1,103.24
O305019,P200244,3,43.72
O305019,P200059,2,22.97
O305020,P200001,1,7.46
O305020,P200185,2,113.59
O305020,P200078,2,14.89
O305021,P200156,2,107.19
O305021,P200174,2,112.84
O305021,P200072,2,39.56
O305021,P200029,3,18.46
O305022,P200147,2,78.91
O305022,P200048,2,19.17
O305022,P200075,3,62.45
O305022,P200027,3,33.31
O305022,P200080,1,35.13
O305023,P200020,1,116.0
O305024,P200152,1,125.94
O305024,P200120,3,66.01
O305024,P200182,1,9.54
O305024,P200055,1,112.86
O305024,P200135,1,27.23
O305025,P200243,3,57.11
O305025,P200002,3,23.0
O305026,P200166,2,17.32
O305026,P200025,3,80.84
O305026,P200162,1,123.15
O305027,P200000,3,126.11
O305027,P200076,1,67.33
O305027,P200162,2,125.72
O305027,P200179,2,100.71
O305027,P200041,1,115.57
O305028,P200110,1,94.21
O305028,P200101,2,8.28
O305029,P200047,3,67.48
O305029,P200162,2,135.42
O305029,P200042,1,78.4
O305029,P200165,3,18.27
O305029,P200228,1,131.23
O305030,P200121,3,35.55
O305030,P200120,1,53.07
O305030,P200037,1,48.11
O305031,P200061,2,81.16
O305032,P200200,3,82.94
O305032,P200011,2,35.96
O305032,P200157,1,67.82
O305032,P200243,3,58.38
O305032,P200142,1,110.9
O305033,P200164,2,124.76
O305034,P200116,3,156.97
O305034,P200005,3,24.68
O305034,P200026,1,122.75
O305034,P200064,1,5.82
O305035,P200110,2,87.0
O305035,P200162,2,117.15
O305035,P200012,2,65.4
O305036,P200055,1,90.55
O305037,P200013,1,81.55
O305037,P200089,1,41.26
O305037,P200073,3,140.63
O305038,P200109,3,22.09
O305038,P200078,1,16.88
O305039,P200207,3,39.87
O305040,P200212,3,60.65
O305040,P200196,2,40.59
O305040,P200146,2,13.56
O305041,P200163,1,74.81
O305042,P200245,3,9.27
O305042,P200123,1,23.82
O305042,P200045,2,51.18
O305043,P200057,3,142.62
O305043,P200110,2,78.35
O305044,P200089,1,34.65
O305044,P200125,2,82.68
O305044,P200155,1,113.37
O305044,P200087,1,98.7
O305044,P200026,1,145.48
O305045,P200245,3,9.1
O305045,P200001,2,7.07
O305045,P200041,1,108.4
O305045,P200057,3,120.73
O305045,P200013,3,80.85
O305046,P200175,1,13.27
O305046,P200168,1,257.47
O305046,P200055,3,101.07
O305046,P200135,3,30.86
O305046,P200145,1,117.12
O305047,P200032,2,444.57
O305047,P200200,2,79.36
O305047,P200056,3,93.61
O305047,P200020,3,133.72
O305047,P200204,3,729.45
O305048,P200061,2,80.37
O305049,P200040,3,52.21
O305049,P200073,1,154.34
O305049,P200161,2,63.85
O305050,P200187,2,274.82
O305050,P200010,1,142.44
O305051,P200006,2,168.31
O305052,P200188,2,53.08
O305052,P200094,1,69.38
O305053,P200013,3,94.98
O305053,P200010,2,130.55
O305053,P200102,2,115.87
O305054,P200005,2,27.6
O305054,P200209,3,58.41
O305055,P200223,3,36.5
O305056,P200034,1,85.55
O305056,P200061,1,77.06
O305056,P200136,1,149.71
O305057,P200118,3,50.24
O305058,P200184,3,116.97
O305059,P200159,1,19.43
O305059,P200116,1,185.16
O305059,P200230,3,128.47
O305060,P200228,3,117.09
O305061,P200140,1,18.72
O305061,P200129,2,135.09
O305061,P200123,2,27.19
O305061,P200242,3,96.25
O305061,P200049,1,34.95
O305062,P200033,1,29.51
O305062,P200215,3,124.56
O305062,P200231,1,33.13
O305062,P200069,3,34.43
O305062,P200075,1,54.76
O305063,P200206,2,38.3
O305063,P200024,1,101.33
O305063,P200110,2,90.23
O305063,P200042,3,84.85
O305063,P200035,2,44.11
O305064,P200076,1,74.15
O305065,P200102,1,120.99
O305065,P200018,2,43.24
O305065,P200010,1,129.12
O305066,P200046,2,9.4
O305066,P200059,1,25.23
O305066,P200196,1,36.77
O305066,P200035,3,40.28
O305066,P200060,1,80.87
O305067,P200183,1,120.69
O305067,P200192,3,47.9
O305067,P200187,2,281.38
O305068,P200014,3,68.32
O305068,P200147,2,70.95
O305069,P200148,1,43.75
O305069,P200082,3,153.61
O305069,P200107,2,38.82
O305069,P200074,3,57.41
O305069,P200185,2,109.71
O305070,P200124,2,249.62
O305070,P200064,2,7.17
O305071,P200141,1,118.52
O305071,P200167,2,144.75
O305071,P200148,3,38.93
O305071,P200244,2,47.59
O305071,P200053,2,137.36
O305072,P200072,1,37.8
O305073,P200243,1,68.99
O305073,P200129,2,150.6
O305073,P200184,1,101.87
O305073,P200077,3,52.66
O305074,P200001,1,6.44
O305075,P200015,2,145.97
O305075,P200073,1,145.28
O305075,P200033,1,31.35
O305075,P200021,3,64.19
O305075,P200063,1,84.16
O305076,P200086,3,19.48
O305076,P200067,1,6.21
O305077,P200040,3,57.75
O305078,P200032,2,511.61
O305078,P200237,3,116.27
O305078,P200030,2,62.01
O305078,P200004,2,52.8
O305078,P200132,3,102.71
O305079,P200112,2,101.0
O305079,P200063,2,89.72
O305079,P200110,1,98.43
O305079,P200175,1,15.98
O305079,P200060,1,81.71
O305080,P200248,3,5.91
O305080,P200093,2,162.54
O305080,P200002,2,22.14
O305080,P200037,3,49.22
O305080,P200016,1,425.1
O305081,P200060,3,76.62
O305081,P200203,1,499.41
O305081,P200117,3,60.38
O305082,P200171,3,99.69
O305083,P200228,3,123.26
O305083,P200214,2,96.76
O305084,P200214,2,102.4
O305085,P200231,3,30.01
O305086,P200122,2,78.5
O305087,P200096,1,24.36
O305087,P200209,3,69.17
O305087,P200026,2,131.64
O305088,P200004,2,45.01
O305088,P200165,3,16.0
O305088,P200211,2,148.94
O305088,P200005,2,27.58
O305089,P200190,1,18.12
O305089,P200166,1,20.02
O305089,P200172,3,66.44
O305090,P200175,2,16.61
O305090,P200055,1,106.33
O305091,P200117,2,55.48
O305091,P200102,3,105.95
O305091,P200226,2,113.38
O305091,P200188,1,55.78
O305092,P200196,2,40.13
O305092,P200028,1,94.77
O305093,P200129,3,139.87
O305093,P200124,2,249.68
O305093,P200182,3,9.35
O305094,P200240,2,264.07
O305094,P200211,3,123.9
O305094,P200039,1,62.25
O305094,P200080,1,33.16
O305094,P200059,3,27.09
O305095,P200165,3,14.93
O305096,P200019,1,376.37
O305096,P200120,3,65.2
O305096,P200132,3,111.85
O305096,P200007,3,68.17
O305096,P200249,1,101.49
O305097,P200179,3,80.66
O305097,P200198,1,326.25
O305098,P200191,3,6.6
O305098,P200057,1,154.51
O305098,P200109,3,23.28
O305098,P200214,3,98.15
O305099,P200069,2,40.14
O305099,P200087,1,109.18
O305100,P200206,1,44.88
O305101,P200110,3,80.06
O305101,P200185,1,137.15
O305101,P200106,3,7.99
O305102,P200085,2,28.98
O305102,P200028,3,100.9
O305103,P200122,1,69.12
O305103,P200103,3,125.04
O305103,P200121,2,38.23
O305104,P200055,3,97.83
O305104,P200144,3,87.79
O305105,P200044,2,131.97
O305105,P200163,3,76.63
O305105,P200159,1,16.87
O305105,P200177,1,23.84
O305105,P200093,3,144.26
O305106,P200068,2,17.21
O305106,P200018,1,38.34
O305106,P200074,1,60.9
O305106,P200125,3,88.7
O305107,P200235,3,17.29
O305107,P200096,2,23.65
O305107,P200019,1,357.77
O305107,P200116,3,173.91
O305107,P200194,3,125.92
O305108,P200111,2,37.49
O305108,P200015,1,126.1
O305108,P200100,2,34.06
O305108,P200168,2,241.65
O305109,P200222,1,114.23
O305109,P200072,1,42.34
O305109,P200243,1,66.18
O305109,P200087,3,122.41
O305110,P200107,2,36.72
O305111,P200057,1,126.08
O305111,P200242,1,96.39
O305111,P200139,1,285.29
O305112,P200233,1,97.85
O305112,P200206,3,39.77
O305112,P200043,1,37.43
O305112,P200026,3,150.9
O305112,P200225,3,9.14
O305113,P200093,2,138.9
O305114,P200062,1,31.32
O305114,P200101,3,9.06
O305114,P200117,1,60.62
O305115,P200128,2,60.42
O305116,P200076,2,66.56
O305116,P200083,3,145.9
O305116,P200055,3,110.18
O305116,P200019,2,429.64
O305117,P200093,1,152.44
O305117,P200177,3,30.7
O305117,P200097,1,122.55
O305117,P200063,2,97.28
O305117,P200079,3,6.92
O305118,P200120,2,57.53
O305119,P200106,1,8.24
O305119,P200099,1,16.03
O305119,P200013,1,90.36
O305119,P200085,1,28.43
O305119,P200041,3,110.19
O305120,P200186,3,9.81
O305120,P200040,2,53.21
O305121,P200248,1,4.56
O305121,P200174,1,128.81
O305121,P200104,1,74.28
O305121,P200092,1,35.96
O305121,P200063,1,85.49
O305122,P200011,3,44.36
O305123,P200022,2,64.29
O305124,P200239,1,48.01
O305124,P200044,3,128.45
O305124,P200216,1,118.17
O305124,P200244,3,45.57
O305125,P200036,3,55.78
O305125,P200117,2,59.33
O305125,P200226,2,98.79
O305125,P200198,1,270.41
O305126,P200087,3,108.22
O305127,P200039,3,61.07
O305128,P200030,1,60.18
O305128,P200230,1,127.29
O305129,P200075,2,57.28
O305130,P200205,3,135.53
O305130,P200119,3,80.29
O305130,P200070,3,15.36
O305130,P200150,3,22.06
O305131,P200228,1,119.71
O305131,P200237,2,102.61
O305131,P200070,3,14.2
O305131,P200227,2,31.64
O305132,P200128,2,52.32
O305132,P200068,1,17.65
O305132,P200111,2,37.6
O305132,P200189,2,91.45
O305133,P200197,2,531.23
O305133,P200158,3,149.87
O305133,P200157,2,63.47
O305134,P200129,2,132.24
O305134,P200145,1,123.68
O305134,P200057,1,133.59
O305134,P200172,2,58.3
O305135,P200084,2,65.24
O305135,P200105,3,111.0
O305135,P200120,1,61.9
O305136,P200061,3,66.97
O305136,P200097,2,133.54
O305136,P200043,2,32.89
O305136,P200013,3,79.53
O305137,P200056,1,97.03
O305137,P200164,2,126.68
O305137,P200175,1,17.04
O305138,P200221,2,407.99
O305138,P200085,3,24.58
O305138,P200038,3,599.43
O305138,P200060,2,75.37
O305139,P200006,1,164.91
O305139,P200016,3,400.8
O305139,P200169,1,66.01
O305139,P200102,3,104.73
O305140,P200225,3,8.66
O305140,P200158,2,146.57
O305140,P200114,1,115.53
O305140,P200241,3,92.64
O305141,P200242,2,90.79
O305141,P200215,3,119.41
O305141,P200182,2,8.31
O305141,P200109,2,21.3
O305141,P200216,1,98.0
O305142,P200011,3,39.64
O305142,P200063,2,76.2
O305143,P200220,2,33.31
O305143,P200095,2,138.31
O305143,P200245,3,9.97
O305143,P200155,3,122.87
O305143,P200019,2,367.91
O305144,P200111,1,37.23
O305145,P200034,3,107.13
O305145,P200169,2,57.03
O305145,P200103,2,97.27
O305146,P200176,1,95.73
O305146,P200187,2,256.62
O305146,P200235,3,18.42
O305147,P200219,1,240.72
O305147,P200125,2,89.13
O305147,P200083,3,125.27
O305147,P200076,2,68.0
O305147,P200133,3,25.69
O305148,P200232,2,88.92
O305149,P200004,2,49.78
O305149,P200065,2,126.63
O305150,P200163,2,66.04
O305150,P200186,3,11.59
O305150,P200145,2,105.09
O305151,P200140,1,20.39
O305151,P200237,1,100.57
O305151,P200175,3,13.68
O305151,P200090,1,115.21
O305151,P200078,1,16.38
O305152,P200244,3,38.79
O305152,P200130,1,121.37
O305152,P200033,3,25.43
O305153,P200016,2,390.28
O305153,P200177,2,28.28
O305153,P200215,3,124.85
O305153,P200143,3,12.88
O305154,P200026,3,122.27
O305155,P200188,3,60.96
O305155,P200227,2,31.03
O305155,P200150,3,23.15
O305155,P200175,3,13.15
O305155,P200217,2,141.58
O305156,P200044,1,127.54
O305156,P200152,1,116.48
O305156,P200245,2,8.62
O305156,P200181,3,101.13
O305157,P200067,3,5.66
O305158,P200066,3,39.5
O305158,P200237,3,93.85
O305158,P200214,2,108.8
O305158,P200240,3,296.15
O305159,P200088,2,114.92
O305160,P200195,2,30.87
O305160,P200008,1,21.68
O305160,P200247,2,18.46
O305161,P200187,1,270.29
O305161,P200156,3,109.07
O305161,P200182,1,7.57
O305161,P200170,3,56.39
O305162,P200210,1,104.4
O305162,P200207,1,34.48
O305162,P200177,3,24.12
O305162,P200061,1,66.35
O305162,P200000,1,132.82
O305163,P200043,2,33.13
O305164,P200045,3,51.39
O305164,P200118,1,48.69
O305165,P200243,1,63.19
O305165,P200048,3,18.5
O305165,P200122,2,79.0
O305165,P200103,1,116.22
O305166,P200043,3,32.04
O305166,P200110,1,80.58
O305167,P200013,3,89.46
O305167,P200076,2,68.7
O305167,P200004,2,43.31
O305167,P200022,2,65.75
O305168,P200013,2,95.12
O305169,P200134,1,91.4
O305170,P200128,2,53.28
O305170,P200191,3,7.65
O305170,P200248,3,4.68
O305171,P200235,2,15.24
O305171,P200216,1,102.8
O305171,P200168,2,240.64
O305171,P200042,2,72.14
O305172,P200103,3,118.99
O305172,P200127,3,101.75
O305173,P200030,3,54.62
O305173,P200210,1,88.54
O305173,P200214,1,97.11
O305173,P200108,1,63.15
O305173,P200034,1,106.77
O305174,P200238,1,33.7
O305174,P200162,3,105.22
O305174,P200031,3,27.48
O305174,P200237,1,110.15
O305174,P200132,2,120.57
O305175,P200051,3,104.6
O305176,P200067,2,6.07
O305176,P200236,1,46.97
O305177,P200071,1,51.98
O305177,P200201,2,107.08
O305177,P200040,1,47.02
O305178,P200209,1,60.35
O305178,P200134,1,104.47
O305178,P200067,3,6.48
O305179,P200130,2,100.24
O305179,P200173,3,12.79
O305180,P200158,2,126.51
O305180,P200002,2,25.07
O305180,P200187,2,249.47
O305181,P200037,3,48.8
O305181,P200053,1,144.73
O305181,P200023,2,130.53
O305181,P200212,1,70.83
O305181,P200188,1,56.17
O305182,P200058,1,65.54
O305182,P200194,3,119.19
O305183,P200044,2,134.32
O305183,P200143,1,11.17
O305184,P200032,1,478.42
O305184,P200248,1,5.53
O305184,P200010,1,146.3
O305184,P200147,1,78.14
O305185,P200166,1,18.03
O305185,P200244,1,47.2
O305185,P200061,2,79.14
O305186,P200050,1,33.9
O305186,P200053,1,130.1
O305186,P200173,3,14.16
O305186,P200152,2,119.64
O305187,P200068,3,17.62
O305187,P200109,3,20.83
O305187,P200016,1,413.36
O305187,P200128,1,47.28
O305188,P200079,3,7.33
O305188,P200095,1,133.51
O305188,P200029,1,16.24
O305188,P200074,1,51.39
O305189,P200071,2,43.99
O305189,P200137,1,77.77
O305189,P200058,3,68.54
O305189,P200248,1,5.78
O305190,P200104,1,81.03
O305190,P200245,2,9.22
O305190,P200123,3,25.6
O305190,P200233,3,111.7
O305191,P200167,2,126.52
O305191,P200133,2,22.77
O305191,P200160,2,44.31
O305192,P200186,3,10.34
O305192,P200022,2,51.77
O305192,P200002,3,23.77
O305193,P200183,1,119.72
O305193,P200125,2,88.75
O305194,P200115,3,39.47
O305194,P200186,3,9.46
O305194,P200073,3,162.75
O305195,P200240,1,253.55
O305195,P200082,2,134.69
O305195,P200160,2,51.37
O305195,P200041,2,105.14
O305196,P200035,1,45.23
O305196,P200146,2,14.46
O305196,P200172,1,52.73
O305196,P200051,1,126.18
O305197,P200142,1,89.38
O305197,P200240,3,296.48
O305197,P200222,2,106.42
O305197,P200077,3,45.08
O305198,P200180,2,257.46
O305198,P200185,2,126.66
O305199,P200091,2,71.26
O305199,P200150,3,19.8
O305199,P200031,2,30.31
O305199,P200238,3,33.79
O305200,P200162,1,108.26
O305200,P200179,3,87.71
O305200,P200137,2,87.7
O305201,P200195,3,29.12
O305201,P200244,2,47.74
O305202,P200248,3,4.86
O305203,P200017,3,121.57
O305203,P200007,3,66.24
O305204,P200163,2,60.25
O305204,P200079,2,7.32
O305204,P200088,2,112.01
O305204,P200235,1,15.15
O305205,P200224,3,130.72
O305205,P200087,1,119.91
O305206,P200067,3,5.8
O305207,P200094,3,59.5
O305207,P200198,1,327.94
O305208,P200012,1,66.9
O305208,P200156,3,100.11
O305208,P200040,1,54.98
O305208,P200239,2,38.34
O305208,P200104,1,90.23
O305209,P200206,2,42.16
O305210,P200145,3,103.08
O305211,P200163,1,60.22
O305211,P200248,1,5.92
O305211,P200234,2,13.73
O305212,P200080,1,28.85
O305212,P200183,3,128.1
O305213,P200001,3,7.09
O305213,P200019,2,365.49
O305213,P200018,3,42.95
O305213,P200047,2,72.94
O305213,P200099,2,15.71
O305214,P200214,1,116.85
O305214,P200154,2,249.26
O305215,P200024,3,115.96
O305215,P200015,2,144.26
O305215,P200006,3,179.33
O305216,P200210,1,104.93
O305216,P200162,1,136.6
O305217,P200102,2,115.7
O305217,P200156,2,89.31
O305218,P200044,1,129.74
O305218,P200136,2,160.27
O305219,P200194,1,107.99
O305219,P200237,2,101.14
O305220,P200230,3,127.58
O305220,P200217,1,163.53
O305220,P200046,3,8.68
O305220,P200185,2,113.64
O305221,P200156,2,95.83
O305221,P200163,3,76.17
O305221,P200152,3,124.4
O305221,P200070,3,15.99
O305222,P200116,1,168.13
O305223,P200110,3,93.97
O305223,P200212,3,59.9
O305223,P200018,2,34.49
O305224,P200200,1,80.66
O305224,P200225,2,8.82
O305225,P200184,3,93.11
O305225,P200191,1,6.22
O305225,P200086,1,19.69
O305225,P200236,3,41.97
O305225,P200179,2,88.46
O305226,P200176,2,93.85
O305227,P200245,3,9.0
O305227,P200186,2,9.8
O305227,P200234,1,12.4
O305228,P200054,1,86.81
O305228,P200166,2,17.24
O305229,P200214,1,115.45
O305229,P200244,3,50.74
O305230,P200160,3,46.59
O305230,P200002,1,24.85
O305230,P200151,3,116.64
O305230,P200191,1,7.32
O305230,P200059,1,26.0
O305231,P200214,1,117.65
O305231,P200165,3,15.27
O305231,P200180,2,240.97
O305232,P200034,2,103.41
O305232,P200247,2,16.31
O305233,P200059,3,23.27
O305233,P200070,2,16.02
O305233,P200086,3,18.62
O305233,P200159,3,18.92
O305233,P200101,2,10.15
O305234,P200158,1,126.4
O305234,P200134,1,108.72
O305234,P200084,2,70.84
O305234,P200041,1,129.58
O305235,P200091,1,66.83
O305236,P200068,3,17.37
O305236,P200084,1,78.59
O305236,P200037,2,56.4
O305237,P200001,3,7.17
O305237,P200007,1,76.04
O305237,P200154,2,268.75
O305238,P200223,2,38.2
O305238,P200087,2,121.6
O305238,P200141,3,119.21
O305239,P200079,3,7.71
O305239,P200158,2,141.07
O305240,P200147,3,82.93
O305240,P200082,3,141.77
O305240,P200017,1,126.34
O305240,P200233,2,105.89
O305240,P200094,3,62.99
O305241,P200145,3,110.71
O305241,P200217,3,147.73
O305241,P200155,2,109.53
O305241,P200101,3,8.37
O305241,P200034,1,91.21
O305242,P200054,1,97.2
O305243,P200240,3,257.39
O305243,P200138,2,41.43
O305243,P200065,3,131.83
O305243,P200029,2,18.4
O305243,P200036,3,57.6
O305244,P200099,3,17.51
O305244,P200018,2,34.23
O305244,P200166,1,22.53
O305244,P200023,1,119.66
O305244,P200178,2,9.4
O305245,P200014,3,62.65
O305245,P200081,1,512.67
O305246,P200152,3,141.17
O305246,P200008,1,19.47
O305246,P200155,2,110.05
O305247,P200079,1,8.85
O305248,P200035,2,36.64
O305248,P200185,2,120.06
O305249,P200196,3,41.9
O305249,P200069,1,32.1
O305250,P200082,2,136.23
O305250,P200182,2,9.59
O305250,P200026,3,120.61
O305250,P200230,1,134.06
O305250,P200177,2,29.47
O305251,P200085,2,30.07
O305252,P200199,2,260.53
O305252,P200219,2,223.52
O305253,P200038,1,557.86
O305253,P200068,2,17.56
O305253,P200110,2,82.33
O305254,P200019,3,360.67
O305254,P200094,2,71.76
O305254,P200128,2,60.47
O305254,P200118,2,49.33
O305254,P200011,1,40.92
O305255,P200212,2,63.35
O305255,P200033,2,31.84
O305255,P200084,2,68.88
O305255,P200072,3,38.72
O305255,P200062,3,29.91
O305256,P200039,2,65.67
O305256,P200159,3,20.56
O305256,P200014,3,65.35
O305256,P200133,3,20.92
O305256,P200084,1,68.81
O305257,P200004,2,42.99
O305257,P200050,1,36.41
O305258,P200041,1,125.63
O305258,P200228,2,111.81
O305259,P200108,3,53.65
O305259,P200118,3,51.72
O305259,P200209,3,64.03
O305260,P200133,1,22.75
O305260,P200225,1,9.84
O305261,P200211,1,141.9
O305262,P200019,3,353.29
O305262,P200053,1,134.24
O305262,P200214,1,117.36
O305262,P200128,2,50.74
O305262,P200003,2,120.48
O305263,P200095,2,143.25
O305264,P200107,3,39.83
O305265,P200163,1,61.71
O305265,P200080,1,33.09
O305265,P200086,1,15.72
O305265,P200240,1,301.4
O305265,P200085,1,24.66
O305266,P200207,1,40.13
O305266,P200129,3,135.54
O305266,P200085,2,26.33
O305266,P200249,3,93.53
O305267,P200202,3,108.65
O305267,P200135,3,24.73
O305267,P200153,3,25.82
O305267,P200103,2,104.47
O305268,P200170,1,45.63
O305269,P200185,3,125.98
O305269,P200192,2,58.09
O305270,P200208,3,11.91
O305270,P200192,1,55.98
O305271,P200235,3,14.91
O305271,P200221,2,466.09
O305271,P200204,3,699.53
O305271,P200181,3,97.14
O305272,P200220,1,31.9
O305272,P200057,1,120.73
O305272,P200242,2,81.14
O305273,P200198,1,273.2
O305273,P200003,3,103.06
O305274,P200151,2,119.09
O305274,P200067,1,5.63
O305274,P200141,1,109.05
O305274,P200167,3,132.7
O305275,P200114,3,130.7
O305275,P200200,1,84.08
O305275,P200194,1,113.55
O305275,P200080,2,32.76
O305276,P200054,2,92.46
O305276,P200138,2,38.47
O305276,P200040,1,51.34
O305276,P200130,1,99.5
O305277,P200110,1,78.08
O305278,P200010,1,147.58
O305278,P200147,1,70.49
O305278,P200028,1,99.72
O305278,P200194,1,125.53
O305279,P200247,2,16.68
O305279,P200039,2,76.06
O305280,P200172,1,53.31
O305280,P200014,3,63.96
O305281,P200047,1,78.44
O305281,P200213,3,15.67
O305281,P200200,1,71.73
O305281,P200134,3,109.97
O305281,P200167,3,142.99
O305282,P200072,2,46.86
O305282,P200153,2,32.53
O305282,P200172,2,52.38
O305283,P200124,2,265.15
O305283,P200244,1,43.03
O305283,P200178,2,10.03
O305283,P200141,3,117.36
O305284,P200141,3,102.68
O305284,P200090,2,113.94
O305285,P200221,1,521.8
O305285,P200242,1,81.81
O305285,P200107,3,43.89
O305285,P200195,2,34.95
O305285,P200183,3,135.92
O305286,P200115,2,35.37
O305286,P200022,3,66.21
O305287,P200141,2,110.89
O305288,P200202,1,102.46
O305288,P200044,1,126.96
O305289,P200164,1,134.11
O305290,P200080,3,33.2
O305290,P200124,2,268.25
O305290,P200093,3,143.97
O305291,P200092,3,39.45
O305292,P200054,2,74.85
O305292,P200224,2,115.62
O305293,P200192,1,47.14
O305293,P200081,3,511.03
O305293,P200087,1,112.65
O305293,P200066,1,37.09
O305294,P200234,3,13.78
O305295,P200162,3,133.06
O305295,P200068,2,17.26
O305295,P200188,1,61.07
O305296,P200224,3,124.28
O305296,P200137,1,75.12
O305296,P200142,1,95.93
O305296,P200161,3,72.27
O305297,P200099,2,19.12
O305297,P200218,3,98.25
O305297,P200026,3,137.48
O305298,P200177,2,23.92
O305299,P200039,3,71.37
O305300,P200215,3,126.97
O305300,P200098,1,100.68
O305300,P200224,1,105.97
O305300,P200039,1,62.74
O305300,P200075,3,58.65
O305301,P200233,2,103.44
O305301,P200192,1,56.85
O305301,P200049,2,32.86
O305301,P200194,3,112.41
O305302,P200022,3,51.69
O305302,P200211,3,154.53
O305303,P200111,2,40.42
O305303,P200094,2,55.87
O305303,P200167,1,141.61
O305303,P200078,2,16.77
O305303,P200010,1,122.64
O305304,P200019,2,367.77
O305305,P200204,3,724.87
O305306,P200087,3,98.68
O305306,P200117,2,65.66
O305306,P200200,3,67.21
O305306,P200064,3,5.66
O305306,P200147,3,79.51
O305307,P200038,2,506.2
O305307,P200076,2,75.26
O305307,P200245,1,8.87
O305307,P200068,1,17.15
O305308,P200093,3,160.34
O305308,P200096,2,27.22
O305308,P200158,1,146.83
O305309,P200084,3,78.39
O305309,P200001,3,6.3
O305310,P200204,2,716.21
O305310,P200076,3,71.81
O305310,P200178,2,10.38
O305310,P200216,3,98.45
O305310,P200060,1,68.38
O305311,P200081,2,559.19
O305311,P200126,1,24.75
O305311,P200160,3,44.78
O305311,P200036,1,51.09
O305312,P200154,1,251.71
O305312,P200021,1,64.03
O305312,P200077,3,49.19
O305313,P200215,3,103.73
O305313,P200188,3,47.33
O305314,P200009,1,11.23
O305314,P200175,1,15.0
O305315,P200187,2,245.98
O305315,P200111,2,40.3
O305315,P200230,2,112.94
O305316,P200215,1,101.88
O305316,P200111,1,41.17
O305316,P200116,3,158.27
O305316,P200192,1,60.62
O305317,P200219,1,213.79
O305317,P200208,3,12.36
O305317,P200162,2,132.9
O305317,P200130,2,95.45
O305317,P200159,1,16.72
O305318,P200170,3,56.77
O305318,P200182,3,8.13
O305318,P200038,1,540.13
O305319,P200243,2,60.98
O305319,P200232,2,112.74
O305320,P200242,2,95.62
O305320,P200181,3,92.14
O305320,P200068,2,21.36
O305321,P200148,2,43.25
O305321,P200061,1,77.14
O305321,P200065,1,138.31
O305322,P200245,1,8.98
O305322,P200028,1,98.39
O305323,P200217,1,148.29
O305324,P200050,1,32.67
O305324,P200069,1,40.23
O305325,P200067,1,5.56
O305326,P200191,1,7.97
O305327,P200141,3,95.62
O305327,P200161,3,62.13
O305327,P200089,1,43.93
O305327,P200011,3,42.07
O305327,P200135,3,26.5
O305328,P200129,2,125.41
O305328,P200146,3,11.89
O305328,P200045,3,56.84
O305328,P200223,2,43.17
O305329,P200043,3,28.99
O305330,P200048,2,19.26
O305330,P200038,1,564.7
O305331,P200119,2,73.25
O305331,P200128,3,55.44
O305332,P200054,3,85.76
O305332,P200034,2,94.78
O305332,P200214,3,108.54
O305332,P200026,3,119.11
O305332,P200170,3,58.5
O305333,P200011,2,41.05
O305333,P200145,3,114.69
O305333,P200160,3,45.6
O305334,P200068,1,21.21
O305334,P200108,2,63.36
O305335,P200112,3,115.75
O305335,P200004,3,48.94
O305335,P200184,1,99.21
O305335,P200017,3,140.98
O305336,P200020,1,134.61
O305336,P200156,1,88.53
O305336,P200190,3,16.25
O305337,P200239,3,43.16
O305338,P200078,1,15.01
O305338,P200176,3,107.5
O305339,P200012,2,77.84
O305340,P200025,2,82.82
O305340,P200187,2,272.66
O305340,P200152,3,134.66
O305340,P200144,1,94.46
O305341,P200113,2,56.31
O305341,P200068,2,19.26
O305341,P200242,1,95.24
O305341,P200043,1,37.54
O305341,P200129,3,127.12
O305342,P200062,2,26.89
O305342,P200056,2,96.45
O305342,P200099,3,15.56
O305342,P200040,2,55.85
O305342,P200220,3,30.27
O305343,P200142,3,108.13
O305343,P200012,3,68.09
O305344,P200160,2,41.39
O305344,P200165,2,16.48
O305344,P200127,2,117.47
O305345,P200104,1,78.99
O305346,P200091,2,60.11
O305346,P200104,3,90.18
O305347,P200146,2,12.25
O305348,P200018,1,35.85
O305348,P200055,3,98.53
O305348,P200130,1,101.34
O305348,P200150,3,19.19
O305349,P200205,2,143.66
O305349,P200001,2,7.04
O305349,P200065,3,136.75
O305349,P200191,3,6.26
O305349,P200242,1,91.38
O305350,P200021,2,72.51
O305351,P200025,1,83.98
O305351,P200033,2,28.97
O305351,P200076,1,70.16
O305351,P200247,3,16.28
O305352,P200245,1,9.45
O305352,P200193,1,41.88
O305352,P200030,3,50.19
O305353,P200147,1,71.53
O305353,P200072,2,47.49
O305353,P200028,1,84.78
O305354,P200055,1,97.72
O305354,P200075,2,57.29
O305354,P200010,1,131.0
O305354,P200182,1,7.54
O305355,P200188,1,55.61
O305355,P200050,3,35.28
O305355,P200112,1,106.42
O305355,P200067,3,5.67
O305356,P200126,3,22.8
O305356,P200172,2,53.66
O305357,P200023,2,124.67
O305357,P200010,3,130.78
O305357,P200204,3,711.83
O305357,P200181,3,100.94
O305358,P200199,3,263.59
O305358,P200117,3,65.81
O305358,P200185,3,119.94
O305358,P200060,2,78.92
O305359,P200209,1,62.98
O305359,P200248,1,5.88
O305360,P200070,1,17.08
O305360,P200156,3,106.36
O305360,P200099,2,17.08
O305360,P200127,2,123.83
O305361,P200029,3,15.69
O305361,P200006,2,188.97
O305361,P200077,3,46.87
O305361,P200182,3,7.89
O305362,P200213,2,16.98
O305363,P200208,2,11.07
O305364,P200015,3,127.57
O305364,P200052,3,117.29
O305365,P200152,1,108.63
O305366,P200066,1,42.26
O305366,P200179,2,86.04
O305366,P200195,2,30.16
O305367,P200085,2,24.47
O305367,P200091,3,70.61
O305367,P200013,1,93.6
O305368,P200075,3,48.74
O305368,P200065,3,117.58
O305368,P200072,3,40.42
O305368,P200180,3,291.72
O305369,P200033,1,31.39
O305370,P200131,1,296.51
O305370,P200154,1,237.05
O305370,P200042,1,74.39
O305371,P200087,1,99.56
O305371,P200122,3,80.02
O305371,P200130,3,96.12
O305371,P200035,3,37.52
O305372,P200173,1,11.22
O305372,P200111,2,37.3
O305372,P200240,1,302.03
O305373,P200161,3,70.93
O305373,P200172,2,63.41
O305373,P200162,1,134.26
O305373,P200209,2,62.18
O305373,P200221,2,421.35
O305374,P200005,3,25.4
O305374,P200246,1,107.46
O305375,P200105,2,130.39
O305375,P200012,2,69.98
O305375,P200218,2,91.98
O305376,P200095,3,124.44
O305377,P200200,3,74.39
O305377,P200195,3,30.02
O305377,P200211,3,141.73
O305378,P200033,3,28.39
O305379,P200176,2,107.71
O305379,P200060,2,65.32
O305379,P200058,1,68.12
O305379,P200111,1,36.37
O305379,P200059,1,23.86
O305380,P200101,3,7.97
O305380,P200197,2,434.42
O305381,P200177,3,28.24
O305381,P200016,2,417.31
O305381,P200134,2,93.28
O305381,P200234,2,14.33
O305381,P200033,1,25.69
O305382,P200203,3,454.37
O305383,P200129,1,119.58
O305383,P200082,1,139.75
O305384,P200217,2,152.51
O305385,P200189,1,89.92
O305385,P200108,2,52.63
O305386,P200020,1,118.34
O305386,P200157,3,70.51
O305386,P200043,3,30.0
O305386,P200189,3,102.6
O305387,P200110,1,91.44
O305387,P200191,2,7.18
O305387,P200243,3,56.9
O305388,P200236,1,37.89
O305388,P200223,2,36.46
O305388,P200229,2,32.59
O305388,P200224,3,110.73
O305389,P200106,1,9.02
O305389,P200022,1,56.54
O305389,P200113,1,56.18
O305389,P200062,1,31.05
O305389,P200055,3,87.5
O305390,P200068,2,18.71
O305391,P200159,1,19.92
O305391,P200001,2,6.7
O305391,P200173,3,14.12
O305392,P200136,3,139.25
O305392,P200038,1,472.25
O305392,P200099,2,17.07
O305393,P200034,2,95.09
O305393,P200054,1,84.72
O305393,P200231,3,30.81
O305394,P200101,3,8.35
O305395,P200107,3,46.78
O305395,P200218,3,114.92
O305396,P200173,1,11.07
O305396,P200169,1,69.57
O305397,P200008,2,21.4
O305397,P200026,2,149.71
O305397,P200089,1,42.67
O305397,P200155,2,98.09
O305398,P200131,1,254.93
O305398,P200212,1,60.83
O305398,P200188,3,57.22
O305398,P200244,3,46.58
O305398,P200206,3,39.8
O305399,P200151,1,115.15
O305399,P200099,3,15.3
O305400,P200069,1,34.88
O305400,P200166,1,17.63
O305400,P200161,2,68.67
O305401,P200223,1,36.22
O305401,P200219,3,240.79
O305402,P200203,1,452.21
O305403,P200063,3,92.0
O305403,P200235,2,15.99
O305404,P200166,2,18.96
O305404,P200051,2,111.64
O305405,P200180,1,236.69
O305406,P200124,1,266.02
O305406,P200071,1,47.75
O305406,P200247,1,16.02
O305406,P200184,1,104.38
O305407,P200225,3,9.49
O305407,P200129,1,135.92
O305408,P200142,2,90.41
O305408,P200165,2,14.35
O305409,P200064,3,6.28
O305409,P200070,1,13.98
O305410,P200108,3,65.39
O305410,P200126,2,22.07
O305410,P200049,2,32.79
O305410,P200080,3,32.65
O305410,P200231,2,33.53
O305411,P200116,2,182.64
O305411,P200193,1,37.05
O305411,P200051,1,128.49
O305411,P200103,1,122.96
O305412,P200125,2,70.88
O305412,P200106,2,9.49
O305412,P200009,1,12.66
O305413,P200167,3,139.69
O305413,P200171,3,93.07
O305413,P200242,3,86.14
O305413,P200210,2,97.86
O305413,P200224,3,126.89
O305414,P200161,1,62.29
O305415,P200028,1,90.36
O305415,P200146,1,12.7
O305416,P200245,2,10.99
O305416,P200058,2,77.28
O305416,P200223,2,42.15
O305417,P200102,1,113.98
O305417,P200059,1,29.58
O305417,P200008,2,22.11
O305418,P200079,3,8.67
O305418,P200073,2,145.47
O305418,P200007,3,62.68
O305418,P200131,3,245.65
O305419,P200216,1,106.8
O305419,P200231,3,26.11
O305419,P200072,1,46.14
O305419,P200121,3,35.83
O305420,P200147,2,70.55
O305420,P200230,3,132.74
O305420,P200221,3,513.6
O305421,P200107,1,41.23
O305421,P200137,2,84.27
O305421,P200210,3,98.0
O305421,P200066,2,38.24
O305421,P200035,2,39.41
O305422,P200172,1,67.18
O305422,P200043,2,37.39
O305422,P200047,3,68.96
O305422,P200042,3,82.3
O305422,P200205,1,168.53
O305423,P200015,3,113.77
O305423,P200014,3,54.71
O305423,P200035,2,35.77
O305424,P200144,3,87.01
O305424,P200180,2,259.4
O305424,P200012,2,74.95
O305424,P200184,3,118.42
O305424,P200081,1,506.07
O305425,P200185,1,138.1
O305425,P200057,2,129.79
O305425,P200112,2,123.27
O305425,P200147,2,81.35
O305426,P200213,1,15.01
O305427,P200178,3,9.68
O305428,P200242,1,92.2
O305429,P200197,3,531.73
O305429,P200249,2,92.96
O305430,P200154,1,245.0
O305430,P200211,1,131.63
O305431,P200223,1,43.95
O305432,P200076,1,70.05
O305432,P200244,1,49.36
O305432,P200121,3,38.32
O305432,P200043,1,37.44
O305433,P200196,2,41.53
O305433,P200133,2,20.82
O305433,P200067,1,6.46
O305434,P200014,1,55.75
O305434,P200236,3,37.91
O305434,P200071,2,41.97
O305434,P200137,1,73.07
O305435,P200022,3,57.68
O305435,P200087,2,99.16
O305435,P200057,3,149.85
O305436,P200208,2,14.0
O305436,P200001,2,7.59
O305437,P200098,3,120.79
O305437,P200162,2,107.25
O305437,P200240,2,286.21
O305437,P200152,3,137.12
O305438,P200006,3,162.84
O305438,P200219,3,216.29
O305438,P200082,1,127.46
O305438,P200197,1,409.23
O305438,P200177,3,24.52
O305439,P200054,1,87.71
O305439,P200247,1,17.74
O305440,P200229,1,33.95
O305440,P200074,1,53.34
O305441,P200101,1,8.44
O305441,P200196,3,41.65
O305441,P200186,3,9.55
O305442,P200127,2,100.73
O305442,P200059,2,27.23
O305442,P200180,2,274.63
O305442,P200100,3,30.18
O305442,P200141,1,94.65
O305443,P200156,1,112.24
O305443,P200225,2,10.5
O305443,P200193,3,40.04
O305444,P200151,2,131.92
O305444,P200227,1,35.35
O305444,P200132,2,123.51
O305444,P200080,1,29.58
O305444,P200051,3,132.21
O305445,P200079,2,7.75
O305446,P200199,1,299.45
O305447,P200081,2,623.58
O305447,P200077,2,47.71
O305447,P200022,2,52.41
O305448,P200243,2,65.36
O305448,P200043,2,29.94
O305449,P200172,3,59.24
O305450,P200197,2,477.16
O305450,P200105,3,114.44
O305451,P200220,1,31.06
O305451,P200225,3,9.97
O305452,P200098,1,120.07
O305452,P200079,2,8.74
O305452,P200238,2,35.3
O305452,P200169,2,67.9
O305452,P200043,1,31.72
O305453,P200147,1,80.5
O305453,P200069,1,32.19
O305453,P200126,2,20.55
O305453,P200063,3,85.63
O305454,P200191,1,7.42
O305454,P200184,1,111.57
O305455,P200184,1,103.59
O305455,P200194,3,114.28
O305455,P200169,3,67.8
O305455,P200199,3,244.56
O305455,P200227,2,32.17
O305456,P200028,2,78.46
O305456,P200079,1,7.77
O305456,P200125,1,82.93
O305456,P200140,1,22.3
O305456,P200038,2,494.89
O305457,P200040,2,48.18
O305457,P200067,3,6.64
O305458,P200074,2,59.44
O305458,P200075,3,53.91
O305458,P200150,1,20.27
O305459,P200067,2,6.38
O305459,P200102,3,109.28
O305459,P200245,2,9.55
O305459,P200100,2,28.38
O305459,P200195,3,30.59
O305460,P200200,3,84.98
O305460,P200115,2,41.54
O305460,P200223,3,35.44
O305461,P200208,3,10.98
O305461,P200029,2,18.59
O305462,P200056,3,107.15
O305462,P200190,3,18.51
O305462,P200090,1,113.62
O305462,P200108,3,58.51
O305462,P200058,3,70.43
O305463,P200241,1,97.18
O305463,P200061,1,79.18
O305463,P200200,1,79.89
O305463,P200212,2,58.03
O305464,P200140,2,21.69
O305464,P200240,3,250.09
O305464,P200224,3,128.01
O305465,P200246,1,105.83
O305465,P200057,2,147.15
O305465,P200070,1,15.51
O305465,P200063,2,82.02
O305465,P200109,3,23.4
O305466,P200240,2,301.39
O305466,P200188,3,55.17
O305466,P200164,2,126.56
O305466,P200017,1,147.76
O305467,P200201,2,120.82
O305467,P200167,3,117.26
O305468,P200106,2,8.83
O305468,P200116,2,187.46
O305468,P200098,1,106.46
O305469,P200097,1,120.16
O305470,P200087,3,115.98
O305471,P200046,2,10.19
O305471,P200146,1,11.99
O305471,P200242,3,96.48
O305471,P200037,1,55.56
O305471,P200230,1,116.96
O305472,P200120,3,57.47
O305473,P200095,1,121.07
O305473,P200144,2,84.38
O305473,P200166,3,18.19
O305473,P200235,3,16.51
O305473,P200086,1,17.55
O305474,P200006,1,197.34
O305474,P200124,2,307.88
O305475,P200091,1,66.25
O305475,P200070,2,17.79
O305475,P200026,1,133.91
O305476,P200025,1,71.03
O305476,P200220,2,32.83
O305476,P200231,3,28.19
O305476,P200168,1,252.29
O305477,P200076,1,72.95
O305477,P200202,1,110.3
O305477,P200112,2,109.99
O305477,P200144,1,84.13
O305477,P200116,1,171.37
O305478,P200220,3,32.78
O305478,P200232,3,97.2
O305479,P200226,2,115.6
O305479,P200125,2,75.86
O305479,P200163,2,67.24
O305479,P200115,2,37.82
O305479,P200055,2,99.12
O305480,P200201,3,106.55
O305480,P200010,3,127.75
O305480,P200007,1,67.86
O305481,P200071,2,48.87
O305481,P200200,2,74.89
O305481,P200072,1,43.86
O305481,P200109,2,21.81
O305481,P200113,2,61.14
O305482,P200245,3,10.13
O305483,P200008,1,21.2
O305483,P200198,2,307.68
O305484,P200164,2,120.98
O305484,P200159,1,18.51
O305484,P200188,2,52.84
O305484,P200076,1,72.1
O305485,P200233,2,90.31
O305485,P200061,3,69.2
O305485,P200038,1,557.51
O305485,P200164,2,116.66
O305486,P200088,3,104.23
O305486,P200086,1,18.05
O305486,P200073,1,178.08
O305486,P200027,3,28.28
O305486,P200219,1,232.86
O305487,P200098,2,96.86
O305487,P200242,1,78.61
O305488,P200077,2,42.66
O305488,P200210,1,88.67
O305488,P200175,2,14.91
O305488,P200188,1,57.14
O305489,P200100,1,27.98
O305489,P200126,2,21.27
O305489,P200129,2,133.63
O305489,P200249,3,101.47
O305490,P200082,3,150.44
O305490,P200135,2,24.73
O305490,P200132,2,114.9
O305490,P200110,2,96.79
O305490,P200217,3,159.31
O305491,P200192,1,52.39
O305492,P200069,1,36.27
O305493,P200244,2,44.81
O305493,P200079,2,8.59
O305493,P200059,3,27.15
O305494,P200015,2,135.44
O305495,P200123,2,25.77
O305496,P200022,1,52.79
O305496,P200127,2,127.86
O305496,P200238,2,27.39
O305497,P200034,1,96.27
O305497,P200062,3,29.73
O305498,P200115,3,39.14
O305498,P200106,2,9.36
O305499,P200036,3,45.83
O305499,P200205,3,143.56
O305500,P200060,2,75.89
O305500,P200007,2,59.97
O305500,P200035,1,43.45
O305500,P200165,1,16.64
O305501,P200201,3,103.12
O305501,P200193,3,39.67
O305502,P200094,3,57.85
O305502,P200051,1,110.52
O305502,P200165,1,18.45
O305502,P200150,3,22.74
O305503,P200023,3,130.08
O305504,P200136,3,172.27
O305505,P200127,2,106.01
O305506,P200132,2,103.89
O305506,P200041,3,130.59
O305506,P200210,3,92.87
O305506,P200224,1,105.13
O305506,P200232,2,113.14
O305507,P200217,2,160.74
O305507,P200194,3,125.22
O305508,P200099,2,18.61
O305509,P200009,1,11.98
O305509,P200068,1,17.1
O305510,P200051,1,130.31
O305510,P200026,2,136.13
O305510,P200010,3,142.67
O305510,P200080,3,30.25
O305511,P200181,3,100.63
O305511,P200161,2,62.65
O305512,P200184,3,97.69
O305512,P200061,3,67.67
O305513,P200127,1,100.46
O305514,P200026,1,119.94
O305514,P200195,2,33.14
O305514,P200128,2,56.37
O305514,P200032,2,564.72
O305515,P200165,2,16.21
O305515,P200178,2,10.53
O305516,P200164,2,112.24
O305517,P200105,3,129.39
O305517,P200149,3,84.9
O305517,P200094,2,60.48
O305517,P200067,3,6.39
O305518,P200099,3,18.39
O305518,P200023,1,128.71
O305518,P200231,3,33.21
O305518,P200015,3,142.09
O305518,P200149,1,91.65
O305519,P200237,3,104.17
O305519,P200105,1,115.07
O305519,P200065,1,128.04
O305519,P200089,3,37.87
O305520,P200033,1,32.59
O305520,P200074,1,48.82
O305520,P200006,3,162.3
O305520,P200209,3,64.45
O305520,P200082,3,127.34
O305521,P200139,1,260.18
O305521,P200136,2,154.4
O305521,P200243,3,60.95
O305522,P200210,3,85.48
O305522,P200160,3,41.88
O305522,P200166,2,19.4
O305523,P200082,2,154.0
O305523,P200175,1,16.42
O305524,P200034,2,86.49
O305524,P200111,1,45.17
O305524,P200032,1,549.91
O305525,P200217,2,135.89
O305525,P200093,1,154.96
O305525,P200169,2,59.67
O305525,P200089,3,40.14
O305525,P200193,2,43.96
O305526,P200198,3,299.55
O305526,P200104,1,93.12
O305526,P200095,2,115.24
O305526,P200157,3,62.25
O305527,P200232,2,112.77
O305528,P200184,1,95.08
O305528,P200105,3,124.03
O305528,P200043,2,36.81
O305529,P200147,1,67.78
O305529,P200071,1,52.49
O305530,P200238,3,34.36
O305530,P200088,2,120.5
O305530,P200245,3,10.83
O305531,P200157,3,58.52
O305531,P200183,3,122.78
O305531,P200219,1,225.65
O305532,P200011,2,41.54
O305532,P200180,1,243.23
O305532,P200209,3,58.82
O305533,P200041,3,121.5
O305533,P200055,2,96.56
O305533,P200064,2,7.32
O305533,P200221,1,521.46
O305533,P200213,1,16.23
O305534,P200230,1,124.27
O305534,P200140,1,19.64
O305534,P200069,3,34.24
O305534,P200161,2,66.34
O305534,P200063,1,78.13
O305535,P200177,3,28.3
O305535,P200146,3,14.13
O305535,P200179,1,104.36
O305535,P200153,1,28.48
O305535,P200070,1,16.91
O305536,P200120,1,65.35
O305536,P200064,2,7.21
O305536,P200049,1,36.83
O305536,P200080,3,28.37
O305537,P200134,3,112.6
O305537,P200246,1,112.85
O305538,P200210,3,87.27
O305539,P200216,2,100.15
O305539,P200223,1,42.11
O305539,P200210,1,104.55
O305539,P200041,2,116.65
O305539,P200249,2,94.53
O305540,P200062,1,32.26
O305540,P200174,3,108.48
O305540,P200156,1,109.72
O305540,P200097,1,124.34
O305540,P200164,1,119.4
O305541,P200123,1,27.31
O305542,P200188,3,53.65
O305542,P200202,1,124.42
O305543,P200051,1,106.8
O305543,P200067,2,7.09
O305543,P200205,1,130.43
O305543,P200165,1,16.2
O305544,P200074,3,60.95
O305545,P200183,3,133.48
O305546,P200065,1,119.67
O305546,P200182,3,9.37
O305546,P200222,2,99.69
O305546,P200002,1,25.6
O305546,P200156,3,92.65
O305547,P200090,2,120.71
O305548,P200219,1,264.98
O305548,P200098,1,104.03
O305549,P200200,1,76.14
O305549,P200144,3,86.24
O305549,P200157,2,66.24
O305549,P200000,3,147.76
O305549,P200042,1,88.18
O305550,P200099,2,16.32
O305551,P200175,2,15.48
O305551,P200041,3,118.22
O305551,P200080,2,28.56
O305551,P200172,3,67.28
O305552,P200082,2,149.47
O305552,P200162,2,111.35
O305552,P200031,3,28.51
O305553,P200097,3,150.99
O305553,P200198,2,324.29
O305553,P200133,1,21.93
O305554,P200200,1,77.14
O305554,P200215,2,128.64
O305554,P200216,2,108.23
O305554,P200136,1,149.35
O305554,P200024,2,101.43
O305555,P200083,3,121.94
O305556,P200160,3,51.41
O305557,P200070,2,17.54
O305558,P200217,1,157.16
O305558,P200136,2,173.17
O305558,P200158,3,130.85
O305559,P200057,1,132.92
O305559,P200181,1,83.44
O305559,P200083,1,117.39
O305559,P200020,2,107.86
O305559,P200228,1,129.21
O305560,P200210,3,104.23
O305561,P200058,2,77.56
O305561,P200060,1,68.67
O305561,P200144,3,75.25
O305562,P200010,2,117.25
O305562,P200246,3,99.59
O305562,P200094,3,71.09
O305563,P200239,3,46.51
O305564,P200042,2,79.98
O305564,P200106,2,9.02
O305565,P200045,3,57.02
O305565,P200179,3,90.15
O305566,P200035,1,44.45
O305567,P200163,3,66.66
O305567,P200029,2,18.56
O305567,P200138,2,45.09
O305568,P200078,3,16.48
O305568,P200225,3,9.55
O305568,P200080,3,27.81
O305568,P200249,3,96.41
O305568,P200129,2,124.28
O305569,P200041,1,129.18
O305569,P200210,1,97.55
O305569,P200190,1,17.34
O305570,P200127,3,116.56
O305570,P200242,1,76.23
O305570,P200158,3,130.35
O305570,P200239,1,44.67
O305571,P200012,3,76.55
O305571,P200159,3,17.84
O305571,P200096,1,23.15
O305571,P200036,3,48.75
O305572,P200235,1,19.13
O305572,P200249,1,111.34
O305572,P200103,2,110.28
O305572,P200226,1,108.27
O305572,P200036,1,52.84
O305573,P200032,1,490.33
O305573,P200213,2,18.94
O305573,P200053,1,145.21
O305573,P200156,1,89.89
O305573,P200024,1,118.56
O305574,P200189,1,95.49
O305574,P200198,1,327.59
O305574,P200070,2,14.27
O305574,P200042,2,79.04
O305574,P200094,3,57.34
O305575,P200008,2,23.47
O305575,P200110,3,94.43
O305575,P200021,1,65.27
O305575,P200106,3,8.95
O305575,P200172,2,62.58
O305576,P200005,1,21.42
O305576,P200230,2,135.32
O305576,P200088,3,96.42
O305576,P200083,3,123.0
O305576,P200187,3,253.27
O305577,P200108,1,52.25
O305577,P200222,2,116.16
O305577,P200231,1,31.47
O305577,P200156,2,91.21
O305577,P200192,3,48.03
O305578,P200069,3,32.0
O305578,P200239,2,40.84
O305578,P200153,3,33.19
O305578,P200025,1,66.58
O305579,P200131,1,304.82
O305579,P200040,2,59.26
O305579,P200051,2,127.31
O305580,P200099,3,15.79
O305580,P200065,3,125.67
O305581,P200234,2,12.23
O305581,P200029,1,17.46
O305581,P200053,2,130.43
O305582,P200175,2,17.12
O305582,P200082,2,130.89
O305582,P200165,3,17.05
O305582,P200221,3,516.8
O305582,P200200,3,73.19
O305583,P200206,3,47.09
O305583,P200125,1,74.53
O305583,P200096,2,27.18
O305583,P200155,1,101.38
O305584,P200175,3,13.38
O305584,P200208,2,10.93
O305584,P200236,1,36.4
O305585,P200239,2,49.3
O305586,P200089,3,41.34
O305586,P200012,1,63.1
O305587,P200157,2,63.26
O305587,P200057,3,131.82
O305587,P200122,3,68.39
O305588,P200107,3,41.99
O305588,P200180,1,286.99
O305589,P200149,3,96.05
O305589,P200016,2,395.15
O305589,P200146,1,13.48
O305590,P200063,2,97.52
O305590,P200168,1,267.21
O305591,P200003,3,105.76
O305592,P200225,2,10.37
O305592,P200011,2,44.85
O305592,P200080,2,31.58
O305593,P200167,1,131.99
O305593,P200213,1,15.68
O305593,P200070,1,15.25
O305594,P200092,3,36.24
O305594,P200164,3,128.02
O305594,P200073,1,158.55
O305594,P200123,2,27.52
O305595,P200055,1,94.24
O305596,P200179,1,85.24
O305596,P200129,2,117.57
O305596,P200183,1,125.84
O305597,P200201,3,113.16
O305597,P200160,1,47.81
O305597,P200115,2,37.01
O305597,P200235,2,16.08
O305597,P200189,2,102.15
O305598,P200018,1,34.18
O305598,P200242,3,96.22
O305599,P200119,3,68.54
O305599,P200218,2,93.47
O305600,P200225,3,8.92
O305601,P200147,3,82.38
O305601,P200048,3,21.96
O305601,P200014,1,64.14
O305602,P200124,2,295.3
O305602,P200034,2,83.66
O305602,P200106,2,8.05
O305602,P200048,2,21.63
O305602,P200022,2,53.1
O305603,P200058,3,78.35
O305603,P200017,2,125.8
O305603,P200212,3,70.02
O305604,P200107,2,41.55
O305604,P200114,2,118.33
O305604,P200102,3,119.79
O305605,P200051,3,108.02
O305605,P200147,1,64.14
O305605,P200244,3,46.75
O305605,P200037,3,50.18
O305606,P200063,3,82.27
O305606,P200192,2,56.05
O305606,P200153,2,30.48
O305607,P200122,2,62.72
O305607,P200228,1,122.37
O305608,P200235,2,15.93
O305608,P200075,1,52.09
O305608,P200168,2,295.99
O305608,P200213,1,15.85
O305609,P200082,3,140.12
O305609,P200024,2,120.85
O305610,P200109,2,19.04
O305610,P200122,1,78.94
O305610,P200104,3,83.62
O305610,P200195,2,34.98
O305610,P200121,3,43.69
O305611,P200182,3,7.89
O305611,P200195,2,30.36
O305612,P200157,2,56.77
O305612,P200153,3,27.7
O305612,P200207,2,39.8
O305613,P200079,2,8.06
O305613,P200146,3,14.25
O305614,P200157,2,59.9
O305614,P200207,1,41.84
O305614,P200060,1,67.07
O305614,P200019,1,394.09
O305615,P200200,3,73.52
O305615,P200076,2,69.98
O305615,P200126,3,19.34
O305616,P200107,3,43.99
O305616,P200064,1,6.6
O305617,P200160,3,51.81
O305617,P200083,1,115.63
O305617,P200009,2,12.94
O305617,P200095,3,128.19
O305618,P200172,2,64.73
O305618,P200169,1,68.9
O305618,P200219,1,237.15
O305618,P200243,3,55.8
O305618,P200216,1,94.42
O305619,P200026,1,131.04
O305620,P200001,2,7.26
O305620,P200097,2,146.34
O305620,P200042,1,76.99
O305621,P200083,1,146.4
O305621,P200162,1,105.37
O305621,P200129,2,143.83
O305621,P200174,1,121.91
O305622,P200062,3,29.19
O305622,P200001,3,7.43
O305622,P200016,1,338.5
O305622,P200152,3,119.48
O305623,P200051,3,131.27
O305623,P200036,1,57.95
O305624,P200207,2,33.61
O305625,P200085,3,28.56
O305625,P200242,3,89.81
O305625,P200133,3,24.38
O305626,P200069,2,39.58
O305626,P200058,3,61.48
O305626,P200231,2,26.07
O305626,P200030,2,52.95
O305627,P200158,1,128.02
O305627,P200096,3,26.0
O305628,P200190,3,17.61
O305628,P200203,2,435.03
O305629,P200144,1,85.92
O305629,P200172,3,58.62
O305629,P200233,2,105.96
O305630,P200151,1,139.59
O305630,P200019,3,391.42
O305630,P200197,1,509.97
O305631,P200239,1,49.63
O305631,P200035,1,43.5
O305631,P200223,3,40.04
O305632,P200062,2,24.72
O305632,P200181,3,97.28
O305632,P200095,1,116.0
O305632,P200223,1,41.41
O305633,P200152,2,125.33
O305633,P200222,2,107.72
O305633,P200148,3,34.49
O305633,P200190,1,17.18
O305633,P200106,1,9.22
O305634,P200185,2,136.9
O305634,P200066,3,43.53
O305634,P200248,3,4.76
O305634,P200124,3,311.65
O305635,P200199,1,295.79
O305636,P200187,1,260.07
O305636,P200045,1,50.08
O305637,P200210,1,93.28
O305638,P200042,3,70.79
O305638,P200152,1,133.2
O305638,P200091,3,67.53
O305638,P200068,1,17.16
O305638,P200157,3,64.04
O305639,P200142,3,109.99
O305639,P200070,1,14.76
O305639,P200186,1,11.63
O305639,P200141,2,119.25
O305640,P200213,2,15.25
O305640,P200215,2,102.02
O305641,P200113,3,54.66
O305641,P200104,3,94.48
O305641,P200040,1,59.45
O305641,P200121,3,38.95
O305641,P200049,1,39.49
O305642,P200045,3,50.07
O305642,P200218,2,106.64
O305642,P200011,2,35.6
O305643,P200064,3,7.32
O305644,P200019,2,345.94
O305645,P200158,3,130.07
O305645,P200063,2,89.44
O305645,P200224,2,106.73
O305645,P200245,3,9.9
O305645,P200138,2,43.71
O305646,P200185,2,122.07
O305646,P200190,2,18.33
O305647,P200071,1,49.93
O305647,P200159,3,20.5
O305647,P200089,1,42.59
O305648,P200064,3,6.32
O305648,P200104,1,81.93
O305648,P200103,2,121.11
O305648,P200086,2,15.39
O305648,P200129,3,139.18
O305649,P200065,3,122.22
O305649,P200043,3,29.26
O305650,P200215,1,104.71
O305651,P200159,3,17.34
O305652,P200185,2,116.61
O305652,P200143,3,13.05
O305652,P200011,1,34.84
O305652,P200119,3,72.52
O305652,P200031,3,34.29
O305653,P200027,2,32.02
O305653,P200062,3,27.24
O305653,P200247,1,15.33
O305654,P200240,3,254.6
O305654,P200141,3,116.57
O305655,P200176,2,98.39
O305656,P200181,2,93.19
O305656,P200005,1,26.03
O305656,P200047,1,66.98
O305656,P200126,3,21.46
O305657,P200143,2,10.94
O305658,P200056,1,92.52
O305659,P200141,2,111.31
O305659,P200086,1,19.18
O305659,P200213,2,16.45
O305660,P200242,1,79.14
O305660,P200229,1,33.25
O305660,P200098,1,103.97
O305660,P200108,2,52.5
O305661,P200196,1,34.42
O305661,P200162,3,128.92
O305661,P200093,2,171.08
O305662,P200073,3,146.97
O305662,P200152,2,116.86
O305662,P200033,1,26.24
O305662,P200064,3,6.1
O305662,P200168,1,265.51
O305663,P200211,1,123.39
O305663,P200172,1,58.51
O305664,P200218,2,99.35
O305664,P200246,3,106.38
O305664,P200159,3,18.99
O305665,P200181,1,102.0
O305665,P200220,3,31.13
O305666,P200151,2,117.48
O305666,P200122,2,80.23
O305667,P200210,2,95.95
O305668,P200023,3,117.68
O305668,P200154,2,236.75
O305668,P200015,2,129.74
O305668,P200034,2,101.66
O305669,P200044,3,112.28
O305669,P200112,2,123.98
O305669,P200042,2,82.07
O305669,P200230,3,108.14
O305670,P200165,2,18.29
O305670,P200182,1,8.45
O305670,P200012,2,75.74
O305670,P200081,3,598.89
O305671,P200042,3,85.74
O305672,P200134,1,102.03
O305673,P200242,2,89.97
O305673,P200014,1,59.26
O305673,P200192,1,58.01
O305673,P200104,1,95.98
O305674,P200139,3,266.78
O305674,P200096,2,25.16
O305674,P200229,1,31.2
O305674,P200001,1,6.52
O305675,P200046,2,9.01
O305676,P200081,2,590.16
O305676,P200143,2,11.01
O305676,P200072,1,37.03
O305676,P200209,1,66.17
O305677,P200210,1,104.81
O305677,P200097,1,149.46
O305677,P200209,3,70.33
O305677,P200063,3,91.67
O305677,P200150,1,23.11
O305678,P200147,2,68.27
O305678,P200069,2,37.09
O305678,P200151,3,122.34
O305678,P200030,1,57.2
O305679,P200178,3,9.06
O305679,P200071,3,44.3
O305680,P200126,3,19.72
O305680,P200080,3,33.12
O305681,P200070,3,17.59
O305681,P200201,3,94.99
O305681,P200081,3,553.47
O305681,P200121,3,42.44
O305682,P200161,2,70.08
O305682,P200104,1,89.85
O305682,P200208,1,10.81
O305683,P200178,3,10.99
O305683,P200111,1,38.6
O305683,P200098,2,110.72
O305683,P200219,3,220.44
O305684,P200049,3,39.58
O305684,P200106,3,9.21
O305684,P200047,3,76.82
O305684,P200147,1,74.46
O305684,P200107,1,38.92
O305685,P200103,1,107.5
O305685,P200175,2,13.56
O305685,P200249,1,107.53
O305686,P200069,2,32.38
O305686,P200059,3,27.32
O305686,P200117,3,67.06
O305687,P200234,2,12.46
O305687,P200195,2,33.86
O305687,P200102,1,119.55
O305688,P200200,2,69.78
O305688,P200100,2,31.91
O305688,P200093,1,133.14
O305689,P200136,1,172.89
O305690,P200051,1,103.39
O305690,P200049,3,37.07
O305690,P200191,1,7.53
O305690,P200081,3,500.38
O305690,P200055,2,111.94
O305691,P200208,2,13.58
O305691,P200240,2,305.89
O305691,P200008,3,20.66
O305692,P200198,3,305.88
O305692,P200071,1,47.99
O305693,P200102,3,99.59
O305693,P200042,1,76.95
O305693,P200011,1,42.19
O305694,P200070,3,17.08
O305694,P200186,3,11.42
O305695,P200048,2,23.82
O305695,P200158,1,118.39
O305695,P200219,3,240.16
O305695,P200058,1,77.25
O305695,P200234,2,11.42
O305696,P200147,3,80.27
O305696,P200078,3,16.59
O305696,P200089,2,35.55
O305696,P200087,1,101.35
O305697,P200033,2,28.24
O305697,P200011,3,36.92
O305698,P200205,1,163.98
O305698,P200238,3,28.31
O305698,P200106,3,8.42
O305698,P200149,2,85.58
O305699,P200199,3,252.6
O305700,P200248,1,5.73
O305700,P200236,1,44.91
O305700,P200156,3,89.01
O305700,P200160,3,49.24
O305700,P200190,2,16.63
O305701,P200221,3,421.21
O305701,P200140,1,18.77
O305701,P200012,1,67.47
O305702,P200004,1,42.23
O305702,P200083,3,123.59
O305702,P200109,1,20.98
O305702,P200191,1,6.54
O305703,P200168,1,295.92
O305703,P200067,1,6.92
O305703,P200119,2,80.36
O305703,P200008,3,24.35
O305704,P200135,1,25.06
O305704,P200202,1,113.96
O305705,P200052,3,118.11
O305705,P200118,2,46.6
O305705,P200179,3,83.53
O305705,P200132,3,127.51
O305706,P200036,3,47.21
O305706,P200168,3,259.95
O305707,P200125,1,85.12
O305707,P200100,1,32.63
O305707,P200115,3,39.32
O305707,P200071,3,48.96
O305708,P200231,3,29.31
O305709,P200076,1,61.0
O305710,P200173,1,12.28
O305710,P200107,1,39.74
O305710,P200174,2,130.8
O305710,P200201,1,110.09
O305710,P200118,2,44.79
O305711,P200049,1,33.81
O305711,P200106,3,9.73
O305711,P200058,1,71.63
O305711,P200123,3,25.84
O305712,P200144,1,89.83
O305713,P200151,1,113.59
O305713,P200062,1,28.91
O305714,P200114,2,127.52
O305714,P200099,1,18.77
O305714,P200234,1,12.4
O305715,P200125,1,91.32
O305716,P200004,2,44.16
O305716,P200180,1,279.12
O305716,P200086,1,17.79
O305717,P200182,2,7.65
O305717,P200049,1,33.62
O305718,P200207,3,41.74
O305719,P200089,2,41.65
O305719,P200097,3,139.31
O305720,P200191,3,7.24
O305720,P200144,2,85.68
O305721,P200070,3,17.5
O305722,P200094,2,62.48
O305722,P200075,2,50.2
O305722,P200109,2,22.43
O305722,P200137,1,93.89
O305723,P200242,3,76.62
O305723,P200228,2,104.64
O305724,P200154,1,231.82
O305725,P200235,3,17.91
O305726,P200089,3,35.15
O305726,P200246,3,109.23
O305726,P200234,3,12.12
O305726,P200211,2,141.8
O305726,P200068,3,19.14
O305727,P200175,2,13.66
O305728,P200100,2,35.61
O305728,P200009,3,12.15
O305728,P200233,3,100.06
O305728,P200177,2,26.86
O305728,P200002,2,25.22
O305729,P200083,2,120.17
O305730,P200110,1,84.04
O305731,P200086,3,16.62
O305731,P200201,2,102.48
O305731,P200068,1,19.8
O305732,P200086,1,18.44
O305732,P200198,3,329.1
O305732,P200228,1,132.58
O305732,P200075,2,61.02
O305732,P200185,2,118.08
O305733,P200025,3,77.62
O305734,P200148,2,42.92
O305734,P200078,3,17.57
O305735,P200155,1,105.2
O305735,P200147,2,81.13
O305735,P200003,3,121.88
O305735,P200228,1,107.84
O305736,P200163,1,73.63
O305737,P200076,2,64.06
O305738,P200140,1,20.52
O305738,P200170,3,45.55
O305739,P200132,1,107.29
O305739,P200005,1,24.91
O305739,P200001,3,6.55
O305739,P200045,3,44.51
O305739,P200099,2,15.16
O305740,P200116,3,181.71
O305740,P200050,3,36.06
O305740,P200153,3,32.25
O305740,P200046,3,10.27
O305740,P200008,1,23.75
O305741,P200150,2,21.94
O305741,P200037,2,57.66
O305741,P200119,2,64.36
O305741,P200217,3,127.44
O305742,P200078,2,14.59
O305742,P200205,1,141.83
O305742,P200077,3,55.14
O305742,P200062,1,30.35
O305743,P200227,3,36.2
O305744,P200189,1,108.8
O305744,P200243,2,63.69
O305745,P200194,3,124.4
O305745,P200184,1,91.72
O305745,P200229,2,30.01
O305745,P200034,3,94.23
O305745,P200214,2,100.93
O305746,P200010,3,132.11
O305746,P200029,1,17.27
O305746,P200224,2,116.41
O305746,P200129,1,138.16
O305747,P200090,3,127.25
O305747,P200048,1,19.05
O305748,P200153,1,27.62
O305748,P200125,2,75.63
O305748,P200094,1,55.71
O305748,P200151,3,122.75
O305749,P200075,2,50.01
O305749,P200249,1,101.35
O305749,P200236,3,36.43
O305749,P200108,1,52.71
O305750,P200066,1,35.57
O305750,P200079,2,8.69
O305750,P200124,3,251.38
O305750,P200173,2,12.1
O305751,P200187,2,285.71
O305751,P200161,3,70.06
O305751,P200195,3,35.1
O305751,P200104,2,77.42
O305751,P200220,2,34.65
O305752,P200212,2,60.53
O305752,P200249,3,108.03
O305752,P200062,2,29.12
O305753,P200134,3,90.79
O305754,P200120,3,67.93
O305754,P200168,1,287.25
O305754,P200175,1,14.29
O305754,P200232,1,95.54
O305754,P200133,1,26.3
O305755,P200188,2,50.62
O305756,P200062,3,28.92
O305756,P200224,3,125.38
O305756,P200191,1,7.4
O305756,P200156,1,98.56
O305757,P200010,1,146.76
O305757,P200184,2,94.77
O305757,P200035,2,42.59
O305757,P200120,3,65.17
O305758,P200211,3,149.81
O305759,P200164,1,140.74
O305759,P200090,2,139.25
O305759,P200245,1,10.23
O305759,P200093,2,140.57
O305760,P200173,2,13.97
O305760,P200190,2,17.1
O305760,P200212,3,58.66
O305760,P200001,2,6.17
O305760,P200048,1,21.56
O305761,P200060,2,77.35
O305761,P200142,3,109.65
O305761,P200189,3,110.55
O305761,P200071,1,46.95
O305762,P200176,2,101.03
O305762,P200188,2,60.18
O305763,P200139,1,285.58
O305763,P200039,3,60.83
O305764,P200192,2,51.02
O305764,P200226,2,111.36
O305764,P200196,3,44.26
O305764,P200215,3,108.98
O305765,P200072,3,44.84
O305766,P200072,3,39.42
O305766,P200124,2,312.05
O305766,P200241,2,107.71
O305766,P200034,1,106.77
O305767,P200148,3,44.34
O305768,P200234,3,12.72
O305768,P200100,1,31.44
O305769,P200154,1,257.74
O305769,P200166,1,22.53
O305769,P200103,2,121.7
O305770,P200120,1,64.85
O305771,P200249,2,115.11
O305771,P200246,1,110.66
O305771,P200028,2,89.8
O305771,P200128,2,55.78
O305772,P200103,1,123.74
O305772,P200180,2,251.35
O305772,P200014,1,55.75
O305772,P200238,3,30.21
O305773,P200219,3,253.19
O305774,P200132,3,112.09
O305774,P200155,3,105.21
O305774,P200031,2,35.43
O305774,P200249,1,102.97
O305774,P200243,2,56.65
O305775,P200220,2,28.22
O305775,P200121,1,43.55
O305775,P200161,2,66.81
O305775,P200249,3,107.73
O305776,P200190,3,18.96
O305776,P200077,2,45.21
O305776,P200189,3,104.49
O305776,P200028,3,79.41
O305776,P200120,2,62.74
O305777,P200245,3,9.43
O305777,P200162,2,128.14
O305777,P200234,2,12.62
O305777,P200159,3,18.12
O305778,P200217,1,130.37
O305778,P200011,1,37.07
O305778,P200161,1,74.11
O305778,P200028,1,94.9
O305779,P200239,2,38.0
O305779,P200188,1,47.69
O305780,P200053,1,130.49
O305780,P200176,1,109.9
O305781,P200226,2,106.32
O305781,P200009,3,11.23
O305782,P200049,3,36.51
O305782,P200199,1,292.14
O305783,P200242,1,90.89
O305783,P200085,3,30.35
O305784,P200202,1,101.31
O305784,P200054,1,87.28
O305784,P200028,3,84.03
O305784,P200178,2,8.73
O305785,P200075,3,51.16
O305785,P200194,1,121.91
O305785,P200212,1,60.22
O305786,P200084,1,76.94
O305786,P200138,1,37.1
O305786,P200211,3,129.08
O305787,P200036,2,56.12
O305787,P200170,1,56.5
O305787,P200121,1,36.08
O305787,P200097,1,129.45
O305788,P200097,2,145.39
O305788,P200024,2,114.47
O305788,P200248,2,5.15
O305788,P200185,2,111.42
O305789,P200066,1,43.44
O305789,P200224,2,123.99
O305789,P200040,1,57.5
O305789,P200015,3,138.24
O305789,P200196,1,42.37
O305790,P200190,2,18.1
O305790,P200221,3,405.83
O305791,P200140,3,19.87
O305791,P200136,2,155.66
O305792,P200091,3,68.26
O305793,P200015,3,136.48
O305794,P200162,1,109.3
O305794,P200134,2,94.14
O305794,P200243,1,63.43
O305794,P200065,3,146.41
O305795,P200045,1,50.61
O305795,P200220,1,28.22
O305795,P200042,3,74.25
O305795,P200190,3,19.06
O305795,P200035,2,35.87
O305796,P200120,1,57.02
O305796,P200026,1,134.07
O305796,P200167,2,113.07
O305796,P200082,2,149.54
O305797,P200080,1,28.28
O305797,P200134,2,100.32
O305797,P200239,3,49.14
O305797,P200220,3,30.49
O305797,P200111,3,37.08
O305798,P200061,3,73.4
O305798,P200005,1,21.96
O305798,P200184,3,99.31
O305798,P200003,1,103.09
O305799,P200172,1,61.73
O305799,P200100,1,28.64
O305799,P200109,1,18.94
O305799,P200095,1,134.83
O305799,P200085,2,29.28
O305800,P200215,1,110.99
O305800,P200100,1,30.15
O305801,P200173,2,12.72
O305801,P200113,1,66.0
O305802,P200028,3,84.98
O305802,P200239,1,43.92
O305802,P200247,2,15.46
O305802,P200113,3,60.52
O305802,P200031,3,30.98
O305803,P200212,2,68.6
O305803,P200156,2,110.57
O305803,P200096,2,25.97
O305803,P200027,3,25.83
O305804,P200026,1,121.16
O305804,P200008,1,23.6
O305804,P200180,2,235.69
O305805,P200125,2,89.5
O305805,P200072,3,46.2
O305805,P200069,1,34.93
O305805,P200040,2,58.34
O305805,P200171,3,81.67
O305806,P200227,3,35.12
O305806,P200076,2,75.82
O305806,P200222,2,102.92
O305806,P200100,2,31.96
O305807,P200065,3,129.37
O305807,P200099,1,18.96
O305808,P200222,2,116.08
O305808,P200012,2,71.32
O305808,P200025,1,68.8
O305808,P200220,2,32.37
O305809,P200207,3,35.45
O305809,P200145,3,118.58
O305810,P200212,2,70.32
O305810,P200135,3,26.32
O305810,P200111,1,37.3
O305811,P200200,1,72.27
O305811,P200032,1,525.78
O305811,P200239,2,39.26
O305811,P200092,1,36.1
O305811,P200218,2,95.04
O305812,P200148,3,43.52
O305812,P200180,1,278.61
O305812,P200137,3,83.18
O305812,P200062,1,26.47
O305813,P200022,1,58.2
O305814,P200145,1,106.02
O305814,P200197,2,460.08
O305814,P200175,1,15.98
O305815,P200043,2,37.14
O305815,P200020,2,114.53
O305815,P200093,2,169.33
O305815,P200092,3,38.62
O305816,P200095,3,141.02
O305816,P200154,3,270.26
O305816,P200088,2,119.85
O305817,P200235,2,19.49
O305817,P200009,2,11.23
O305818,P200051,2,131.64
O305818,P200180,1,296.34
O305818,P200083,1,115.45
O305818,P200061,1,69.21
O305819,P200246,3,103.2
O305819,P200096,3,24.74
O305819,P200106,2,9.25
O305819,P200236,1,40.04
O305819,P200135,2,29.66
O305820,P200248,1,5.63
O305821,P200031,2,32.98
O305821,P200020,1,118.69
O305821,P200174,3,112.49
O305821,P200234,3,11.78
O305822,P200002,3,20.62
O305822,P200228,1,132.05
O305822,P200034,3,89.42
O305822,P200203,2,453.94
O305822,P200022,3,61.78
O305823,P200045,1,44.98
O305823,P200062,1,30.09
O305823,P200218,2,100.91
O305824,P200177,2,28.83
O305824,P200112,1,110.67
O305825,P200180,3,245.47
O305825,P200226,3,110.94
O305826,P200225,1,8.47
O305826,P200015,3,126.51
O305827,P200222,1,111.5
O305827,P200019,1,386.32
O305828,P200171,1,81.83
O305828,P200239,3,49.25
O305828,P200240,2,258.79
O305828,P200226,2,106.36
O305829,P200149,3,87.16
O305830,P200037,1,53.43
O305830,P200039,3,58.88
O305831,P200112,3,122.86
O305831,P200228,3,120.14
O305831,P200248,1,4.82
O305831,P200138,2,40.73
O305831,P200026,2,130.46
O305832,P200189,3,91.22
O305832,P200210,1,96.66
O305832,P200161,1,69.95
O305832,P200230,3,107.88
O305832,P200067,1,7.01
O305833,P200076,2,60.36
O305833,P200114,2,131.77
O305834,P200023,3,113.92
O305834,P200087,3,93.89
O305834,P200033,1,25.29
O305835,P200169,2,59.11
O305835,P200014,3,67.54
O305835,P200033,1,30.49
O305836,P200146,2,14.64
O305836,P200061,3,68.21
O305837,P200177,1,24.91
O305838,P200020,3,135.07
O305839,P200065,2,138.11
O305839,P200066,1,40.29
O305839,P200115,1,44.73
O305839,P200042,3,88.02
O305840,P200175,1,14.28
O305841,P200127,3,121.88
O305841,P200050,2,35.55
O305841,P200247,2,14.58
O305841,P200129,2,132.9
O305842,P200028,2,95.74
O305843,P200195,1,35.24
O305844,P200115,3,36.32
O305845,P200034,2,87.32
O305845,P200150,2,18.51
O305846,P200196,1,38.38
O305846,P200204,3,762.68
O305847,P200148,1,34.53
O305847,P200244,1,42.03
O305848,P200248,1,5.09
O305848,P200174,3,114.72
O305849,P200215,1,124.48
O305849,P200200,1,74.95
O305849,P200000,1,124.88
O305849,P200135,2,26.85
O305849,P200116,3,174.36
O305850,P200237,3,112.6
O305850,P200198,3,293.24
O305850,P200235,2,17.46
O305851,P200013,3,99.94
O305851,P200168,1,295.49
O305851,P200155,1,116.71
O305851,P200019,1,351.62
O305851,P200181,3,99.59
O305852,P200094,1,64.27
O305852,P200048,3,20.55
O305853,P200197,2,443.23
O305853,P200110,2,89.16
O305853,P200181,2,80.44
O305854,P200152,1,128.17
O305855,P200235,3,17.14
O305855,P200037,2,45.66
O305856,P200237,2,116.92
O305857,P200159,2,19.83
O305858,P200166,1,17.29
O305859,P200155,2,104.76
O305860,P200203,3,468.89
O305860,P200236,1,41.29
O305861,P200180,2,258.64
O305861,P200223,1,36.03
O305861,P200101,2,8.0
O305861,P200025,3,82.13
O305862,P200168,3,282.94
O305863,P200240,1,276.27
O305863,P200041,2,133.2
O305863,P200071,2,46.44
O305863,P200081,3,585.6
O305864,P200195,1,29.61
O305864,P200205,3,166.83
O305865,P200126,2,20.36
O305865,P200206,1,39.34
O305865,P200100,1,35.75
O305866,P200065,3,124.83
O305866,P200170,1,52.3
O305866,P200198,1,312.36
O305866,P200110,3,90.1
O305866,P200052,2,121.03
O305867,P200000,3,118.69
O305867,P200229,3,30.65
O305867,P200071,1,47.66
O305868,P200120,2,58.49
O305868,P200179,1,88.79
O305869,P200117,2,57.97
O305869,P200145,2,101.62
O305870,P200007,2,75.91
O305871,P200030,3,63.73
O305871,P200019,2,410.37
O305871,P200168,3,283.38
O305871,P200016,2,421.49
O305871,P200098,1,98.77
O305872,P200147,3,81.7
O305872,P200018,1,43.94
O305872,P200026,1,132.76
O305872,P200113,3,59.61
O305873,P200022,3,57.95
O305873,P200127,1,126.77
O305874,P200004,3,48.0
O305874,P200036,3,49.78
O305874,P200133,3,24.96
O305875,P200249,2,94.71
O305875,P200179,2,97.09
O305875,P200154,3,253.61
O305876,P200215,3,128.11
O305877,P200241,2,107.18
O305877,P200031,1,30.95
O305877,P200060,1,82.87
O305877,P200249,1,103.95
O305877,P200102,2,113.45
O305878,P200107,2,43.14
O305878,P200016,3,376.04
O305878,P200083,3,120.75
O305878,P200122,3,69.46
O305879,P200201,3,115.32
O305879,P200083,2,116.55
O305879,P200164,1,142.09
O305880,P200000,1,124.09
O305880,P200205,1,165.44
O305880,P200244,2,40.34
O305880,P200088,2,106.92
O305881,P200115,1,46.38
O305882,P200183,1,139.51
O305882,P200189,2,91.03
O305882,P200003,3,132.51
O305882,P200032,1,483.75
O305882,P200060,2,67.29
O305883,P200068,2,20.02
O305883,P200081,3,568.97
O305883,P200248,2,5.98
O305883,P200145,1,110.23
O305884,P200007,3,73.18
O305884,P200229,1,28.23
O305884,P200089,2,35.89
O305884,P200148,3,37.73
O305884,P200095,3,121.95
O305885,P200038,2,552.43
O305885,P200193,2,39.43
O305885,P200001,2,7.61
O305885,P200071,3,41.45
O305885,P200230,2,106.66
O305886,P200188,1,47.5
O305886,P200138,2,44.88
O305886,P200108,1,57.89
O305887,P200117,1,68.85
O305887,P200165,1,14.25
O305888,P200225,3,8.29
O305888,P200106,3,8.63
O305888,P200007,2,67.79
O305888,P200205,1,138.52
O305889,P200039,1,63.93
O305889,P200198,2,282.72
O305889,P200046,1,8.85
O305890,P200150,2,22.93
O305890,P200161,3,66.28
O305890,P200041,2,105.96
O305891,P200182,1,8.8
O305891,P200119,2,76.39
O305891,P200111,2,39.98
O305891,P200214,3,95.3
O305892,P200040,1,56.44
O305892,P200212,3,74.1
O305892,P200089,2,40.46
O305892,P200093,3,150.58
O305892,P200066,3,43.21
O305893,P200134,2,108.28
O305894,P200171,3,82.77
O305894,P200235,3,16.58
O305894,P200068,3,19.82
O305895,P200109,3,21.33
O305895,P200162,3,107.46
O305895,P200002,1,25.25
O305895,P200167,1,128.11
O305896,P200070,3,14.03
O305896,P200041,2,125.45
O305897,P200203,2,499.6
O305897,P200099,1,15.8
O305898,P200216,2,99.79
O305899,P200181,1,97.34
O305899,P200178,3,9.62
O305900,P200083,3,138.36
O305900,P200194,1,112.1
O305900,P200025,3,82.63
O305901,P200061,2,82.63
O305901,P200182,1,9.56
O305901,P200227,2,29.31
O305901,P200209,2,60.32
O305901,P200062,1,28.38
O305902,P200058,3,71.93
O305902,P200179,2,99.16
O305902,P200030,3,63.6
O305903,P200011,1,45.0
O305903,P200055,2,93.99
O305904,P200039,2,66.17
O305904,P200142,1,111.15
O305904,P200167,2,138.7
O305904,P200246,3,101.04
O305904,P200104,3,85.5
O305905,P200122,1,76.44
O305906,P200020,3,131.28
O305907,P200189,1,90.75
O305907,P200168,3,294.13
O305907,P200119,3,73.52
O305908,P200151,2,133.15
O305908,P200005,2,23.78
O305908,P200020,1,114.19
O305908,P200144,2,75.3
O305908,P200117,2,69.8
O305909,P200097,3,120.93
O305909,P200090,3,124.91
O305910,P200163,3,65.93
O305911,P200117,1,53.49
O305911,P200054,1,92.85
O305911,P200048,1,20.1
O305911,P200024,2,107.89
O305912,P200221,3,438.1
O305912,P200094,3,58.32
O305912,P200190,3,18.58
O305913,P200203,1,433.58
O305913,P200138,3,44.23
O305913,P200144,3,75.73
O305913,P200087,3,102.77
O305914,P200091,3,59.44
O305914,P200018,1,43.54
O305915,P200131,3,299.93
O305916,P200118,3,52.36
O305916,P200186,2,10.79
O305917,P200044,1,131.8
O305917,P200071,1,47.23
O305917,P200043,3,36.79
O305918,P200031,1,30.02
O305918,P200213,1,17.91
O305918,P200078,1,18.83
O305919,P200056,1,113.72
O305919,P200107,3,39.28
O305919,P200090,1,134.38
O305919,P200053,2,129.97
O305919,P200219,2,251.28
O305920,P200109,1,21.96
O305920,P200174,1,129.05
O305921,P200038,2,528.76
O305921,P200187,2,284.88
O305922,P200081,3,614.35
O305923,P200156,1,89.75
O305923,P200083,3,129.11
O305923,P200057,2,144.77
O305924,P200196,1,43.32
O305924,P200100,2,27.96
O305924,P200101,2,9.74
O305924,P200112,3,109.72
O305924,P200022,3,56.94
O305925,P200029,1,19.29
O305925,P200229,1,27.94
O305925,P200121,3,38.89
O305925,P200196,3,35.56
O305925,P200170,2,57.4
O305926,P200034,3,102.94
O305926,P200183,1,144.47
O305927,P200209,1,68.23
O305927,P200214,1,121.62
O305927,P200236,2,37.38
O305928,P200089,3,40.91
O305928,P200094,1,70.16
O305928,P200084,1,70.1
O305928,P200069,2,34.78
O305929,P200187,2,264.99
O305930,P200220,3,27.92
O305930,P200078,3,15.46
O305930,P200168,2,281.94
O305930,P200113,2,61.89
O305931,P200017,2,152.21
O305932,P200211,2,120.09
O305933,P200170,3,49.18
O305934,P200179,3,82.76
O305934,P200204,3,719.0
O305934,P200239,1,42.11
O305934,P200116,1,179.38
O305934,P200244,3,45.64
O305935,P200027,3,31.69
O305935,P200130,3,105.61
O305935,P200020,1,121.32
O305935,P200089,2,43.33
O305936,P200085,1,27.62
O305936,P200138,1,36.28
O305936,P200114,3,107.71
O305936,P200134,2,114.55
O305937,P200036,3,51.19
O305937,P200154,3,271.72
O305937,P200117,1,66.04
O305937,P200224,3,128.57
O305938,P200234,3,11.57
O305938,P200028,3,82.35
O305938,P200143,1,11.52
O305938,P200141,3,103.13
O305939,P200093,3,171.24
O305939,P200100,3,30.8
O305939,P200128,1,57.4
O305940,P200188,1,53.94
O305940,P200187,2,245.78
O305940,P200070,2,15.53
O305940,P200038,2,474.99
O305940,P200046,1,9.22
O305941,P200047,2,65.46
O305942,P200220,3,34.5
O305942,P200155,1,108.41
O305942,P200002,3,25.84
O305943,P200078,3,16.79
O305943,P200000,3,126.19
O305943,P200018,3,43.07
O305943,P200092,1,37.93
O305944,P200097,3,147.03
O305944,P200054,1,86.67
O305944,P200191,3,6.81
O305944,P200102,3,105.72
O305944,P200228,2,110.47
O305945,P200048,2,24.11
O305945,P200172,3,60.12
O305946,P200158,2,142.55
O305947,P200044,2,124.27
O305947,P200129,3,127.52
O305947,P200032,2,545.81
O305947,P200035,3,43.97
O305948,P200102,2,101.86
O305949,P200208,2,12.42
O305949,P200139,2,251.62
O305949,P200106,1,7.53
O305949,P200037,3,51.05
O305950,P200108,2,63.85
O305950,P200231,1,33.75
O305950,P200100,3,27.83
O305950,P200189,1,107.16
O305951,P200164,3,132.63
O305951,P200030,1,52.19
O305951,P200152,2,121.13
O305951,P200215,1,128.84
O305952,P200100,1,30.94
O305952,P200181,3,102.86
O305953,P200148,3,39.14
O305954,P200075,3,59.49
O305954,P200132,1,114.66
O305954,P200116,2,185.51
O305954,P200150,2,19.64
O305955,P200105,1,127.06
O305955,P200017,2,141.39
O305956,P200212,1,66.67
O305956,P200062,3,27.22
O305957,P200188,2,60.45
O305958,P200065,3,134.46
O305958,P200177,2,24.69
O305959,P200107,2,38.95
O305959,P200242,3,88.5
O305959,P200079,2,7.72
O305959,P200194,3,111.02
O305959,P200173,2,11.47
O305960,P200037,2,52.47
O305960,P200134,2,113.77
O305960,P200095,3,123.36
O305960,P200041,1,134.91
O305960,P200233,2,91.52
O305961,P200235,2,18.47
O305961,P200131,1,235.01
O305962,P200108,1,58.58
O305963,P200235,3,16.68
O305964,P200104,1,75.53
O305965,P200204,2,624.61
O305966,P200155,3,114.12
O305966,P200102,3,119.1
O305966,P200187,3,230.33
O305966,P200061,2,66.32
O305967,P200016,1,433.74
O305967,P200213,3,16.0
O305967,P200163,1,61.05
O305967,P200200,2,74.88
O305968,P200247,1,18.53
O305968,P200066,3,37.49
O305968,P200013,3,82.97
O305968,P200088,1,95.63
O305969,P200203,1,421.35
O305969,P200204,2,736.24
O305970,P200157,3,67.73
O305970,P200018,1,37.1
O305970,P200064,2,6.61
O305970,P200004,3,50.24
O305970,P200062,3,28.6
O305971,P200242,3,79.46
O305972,P200173,2,14.03
O305972,P200019,3,421.8
O305973,P200070,2,17.32
O305973,P200150,1,22.76
O305973,P200225,2,9.34
O305973,P200188,1,56.96
O305973,P200000,3,132.9
O305974,P200083,1,123.94
O305974,P200173,1,11.61
O305974,P200165,1,16.18
O305974,P200062,2,28.39
O305974,P200148,2,43.75
O305975,P200216,3,110.59
O305975,P200084,2,64.61
O305975,P200156,3,98.82
O305976,P200068,1,20.36
O305976,P200065,2,137.29
O305976,P200166,3,21.76
O305976,P200178,2,10.34
O305977,P200140,2,18.95
O305977,P200007,2,70.49
O305977,P200003,1,126.21
O305977,P200168,3,252.95
O305978,P200135,3,24.05
O305978,P200152,3,136.98
O305978,P200129,1,146.0
O305978,P200242,3,77.09
O305978,P200140,2,21.51
O305979,P200027,1,31.38
O305979,P200079,3,7.49
O305980,P200004,3,48.93
O305981,P200002,3,23.11
O305982,P200085,3,29.04
O305982,P200089,3,35.32
O305983,P200226,1,117.71
O305983,P200109,2,19.31
O305984,P200192,2,60.98
O305984,P200017,3,152.74
O305984,P200143,2,13.91
O305985,P200233,3,106.23
O305986,P200066,3,43.79
O305986,P200056,1,101.48
O305986,P200194,1,109.02
O305987,P200103,3,123.65
O305987,P200248,3,5.56
O305987,P200162,2,112.64
O305987,P200034,2,99.53
O305988,P200209,1,61.13
O305989,P200017,2,139.71
O305989,P200221,3,510.6
O305990,P200096,3,25.59
O305990,P200144,2,73.43
O305990,P200116,2,171.01
O305991,P200004,3,42.6
O305992,P200229,1,33.89
O305992,P200142,2,109.26
O305992,P200152,1,133.8
O305992,P200117,2,63.7
O305993,P200080,1,35.11
O305993,P200194,1,125.82
O305993,P200122,3,74.56
O305993,P200107,1,37.76
O305994,P200013,3,82.29
O305994,P200246,3,104.26
O305995,P200212,2,73.28
O305996,P200176,2,95.13
O305996,P200208,2,14.15
O305996,P200125,2,87.19
O305997,P200162,2,132.67
O305997,P200067,2,6.45
O305997,P200102,3,99.08
O305997,P200127,2,113.96
O305997,P200079,2,7.13
O305998,P200007,1,69.64
O305998,P200166,2,22.05
O305999,P200019,3,426.54
O305999,P200246,1,113.72
O305999,P200208,3,13.67
O305999,P200014,3,55.8
O305999,P200125,2,71.45
