order_id,customer_id,order_date,country,order_total
O300000,C101185,2025-03-26,Mexico,697.42
O300001,C101138,2024-12-03,Canada,541.95
O300002,C100375,2024-04-09,France,363.27
O300003,C100907,2024-01-08,United Kingdom,1071.26
O300004,C100253,2024-12-21,South Korea,292.51
O300005,C100565,2024-08-19,Japan,142.48
O300006,C100288,2024-09-16,United States,939.6
O300007,C100583,2024-06-22,United States,902.97
O300008,C101046,2025-01-23,India,64.55
O300009,C100523,2024-11-25,United States,801.6800000000001
O300010,C100110,2024-01-25,Sweden,666.37
O300011,C100389,2024-10-28,Brazil,248.68
O300012,C100943,2024-02-22,United States,166.89
O300013,C100626,2024-08-02,United Kingdom,592.69
O300014,C100672,2024-01-26,India,47.7
O300015,C100517,2025-07-15,Brazil,53.56
O300016,C100351,2025-01-01,India,115.35000000000001
O300017,C100717,2024-12-21,United States,265.3
O300018,C100759,2025-04-11,United States,1121.75
O300019,C101077,2024-09-03,United Kingdom,132.79000000000002
O300020,C100741,2024-08-05,Mexico,98.8
O300021,C101194,2025-03-14,South Korea,670.8599999999999
O300022,C100991,2025-02-09,United States,441.03
O300023,C100094,2025-06-20,South Korea,992.14
O300024,C100470,2024-07-25,Japan,1657.2
O300025,C100461,2025-06-06,France,974.04
O300026,C100003,2024-06-30,Australia,308.14
O300027,C100216,2025-04-02,Japan,872.4000000000001
O300028,C100914,2025-03-31,Japan,981.14
O300029,C100422,2024-10-17,Sweden,165.8
O300030,C100177,2025-07-10,United States,269.05
O300031,C100344,2025-04-19,United Kingdom,389.35
O300032,C100329,2025-07-04,Australia,1076.26
O300033,C100209,2025-01-31,Sweden,282.12
O300034,C100121,2024-08-09,United Kingdom,120.2
O300035,C100916,2024-01-19,United States,934.23
O300036,C100989,2024-02-17,United States,452.46
O300037,C100595,2024-10-20,India,587.6800000000001
O300038,C100738,2025-06-22,Japan,696.54
O300039,C101103,2024-08-24,France,888.51
O300040,C101011,2025-04-22,Brazil,149.04000000000002
O300041,C100039,2025-01-03,Japan,611.9100000000001
O300042,C101143,2024-03-29,Netherlands,122.77
O300043,C100080,2024-02-11,United States,372.59999999999997
O300044,C100031,2025-01-30,Mexico,713.35
O300045,C100483,2025-03-24,Mexico,502.05
O300046,C100895,2025-03-15,France,58.62
O300047,C100096,2024-05-02,Australia,847.0900000000001
O300048,C100351,2024-05-13,India,32.56
O300049,C100315,2025-08-03,Netherlands,660.7199999999999
O300050,C100476,2024-04-25,Canada,275.03999999999996
O300051,C101183,2025-02-07,United States,73.38
O300052,C100397,2024-02-22,United States,463.38
O300053,C100250,2024-06-24,United States,1098.6100000000001
O300054,C100146,2025-07-20,India,360.01
O300055,C100237,2024-01-04,Sweden,593.87
O300056,C100159,2024-10-09,United Kingdom,618.88
O300057,C100688,2024-07-07,United Kingdom,1092.17
O300058,C100504,2024-07-09,United States,619.69
O300059,C100597,2025-02-19,Italy,161.15
O300060,C100998,2025-03-24,Mexico,274.91
O300061,C100696,2024-03-30,United States,417.73
O300062,C100186,2024-11-03,Mexico,660.91
O300063,C100452,2024-11-03,India,21.02
O300064,C100375,2025-02-22,France,124.08
O300065,C100992,2024-07-20,Netherlands,113.97
O300066,C100368,2024-07-26,Germany,1114.08
O300067,C100166,2024-01-20,United States,265.91999999999996
O300068,C100883,2025-08-21,India,850.58
O300069,C100514,2024-08-22,Sweden,1495.65
O300070,C100115,2024-01-18,United States,110.00999999999999
O300071,C100827,2024-01-04,United States,95.08000000000001
O300072,C100252,2025-07-16,Japan,1182.25
O300073,C101041,2025-08-01,United States,784.28
O300074,C100998,2024-01-15,Mexico,1186.09
O300075,C100443,2024-08-05,Italy,1529.3899999999999
O300076,C100666,2024-07-12,United States,249.1
O300077,C100681,2024-09-17,India,157.64
O300078,C100784,2024-10-17,Netherlands,1127.87
O300079,C100082,2024-05-04,United States,221.38
O300080,C100389,2024-02-15,Brazil,471.21999999999997
O300081,C100204,2024-03-19,United States,513.36
O300082,C100836,2024-01-02,India,735.28
O300083,C100082,2025-03-25,United States,1675.5600000000002
O300084,C100620,2024-05-27,United States,29.08
O300085,C100873,2025-05-18,Canada,267.15000000000003
O300086,C101138,2025-02-14,Canada,612.38
O300087,C100345,2024-09-28,India,7.0
O300088,C100009,2024-11-10,United Kingdom,488.29999999999995
O300089,C100868,2025-01-10,Australia,609.09
O300090,C100001,2024-11-19,Brazil,254.14
O300091,C100079,2024-03-22,India,1236.97
O300092,C101188,2024-02-09,Japan,447.29999999999995
O300093,C101035,2024-01-26,India,1002.6899999999999
O300094,C100849,2024-03-08,India,226.39999999999998
O300095,C101002,2024-07-19,Spain,879.03
O300096,C100090,2025-05-08,India,560.68
O300097,C100106,2025-02-12,Brazil,77.44
O300098,C100360,2024-03-01,Canada,80.13
O300099,C100028,2025-01-03,Germany,98.19
O300100,C101065,2025-08-01,Mexico,1361.31
O300101,C100067,2025-07-15,Sweden,168.12
O300102,C100652,2024-05-07,United States,779.34
O300103,C101024,2025-04-11,India,420.29
O300104,C100881,2024-01-16,United States,1162.3
O300105,C100281,2025-07-22,France,218.57999999999998
O300106,C100564,2024-08-10,United States,849.3700000000001
O300107,C100657,2025-05-14,Mexico,534.99
O300108,C100921,2024-03-28,Canada,25.8
O300109,C100511,2024-11-01,United Kingdom,48.99
O300110,C100342,2024-07-09,United States,1111.93
O300111,C100954,2024-08-04,India,811.15
O300112,C101063,2024-06-01,India,848.6899999999999
O300113,C100586,2024-05-18,India,154.05
O300114,C100033,2024-01-15,India,1910.58
O300115,C100600,2025-01-24,Germany,1182.39
O300116,C101067,2024-11-04,India,764.75
O300117,C101186,2024-11-17,India,849.28
O300118,C100481,2025-06-14,South Korea,128.03
O300119,C100180,2025-04-25,India,427.15
O300120,C100686,2025-02-09,India,736.28
O300121,C100996,2024-11-29,India,493.52
O300122,C101134,2024-05-04,Japan,954.15
O300123,C100062,2025-08-20,United States,54.81
O300124,C100348,2024-09-26,Japan,535.3199999999999
O300125,C100573,2024-03-29,Australia,170.2
O300126,C100117,2024-06-23,United States,101.88000000000001
O300127,C101063,2024-05-31,India,241.98000000000002
O300128,C100134,2024-02-01,United States,276.09999999999997
O300129,C100798,2024-06-20,Germany,251.34
O300130,C101102,2024-03-24,India,68.76
O300131,C100822,2024-04-30,United Kingdom,467.03
O300132,C100915,2025-03-20,India,406.59
O300133,C100315,2024-07-27,Netherlands,923.8
O300134,C100992,2024-09-08,Netherlands,1354.8899999999999
O300135,C100502,2025-05-26,Brazil,929.9000000000001
O300136,C100073,2024-05-13,Spain,245.03
O300137,C100439,2025-01-10,United States,341.91
O300138,C100419,2024-02-26,United Kingdom,152.2
O300139,C100625,2025-08-08,Japan,381.26
O300140,C100317,2024-09-21,United States,1873.16
O300141,C100554,2024-12-28,Canada,1028.29
O300142,C100513,2025-08-14,South Korea,105.7
O300143,C100392,2024-03-22,Brazil,172.78
O300144,C100835,2024-10-04,Sweden,408.64
O300145,C100366,2024-07-19,Netherlands,1743.81
O300146,C100918,2024-06-22,United States,804.24
O300147,C100301,2025-06-19,India,474.53999999999996
O300148,C101037,2024-07-30,South Korea,610.09
O300149,C100438,2024-06-07,United Kingdom,690.46
O300150,C100048,2024-08-09,Spain,260.31
O300151,C100179,2025-07-18,Japan,952.9699999999999
O300152,C100967,2025-06-13,United States,463.94999999999993
O300153,C101046,2024-04-05,India,328.85
O300154,C100254,2024-02-09,India,316.32
O300155,C100722,2024-03-31,United States,500.15
O300156,C100689,2024-08-02,Germany,29.73
O300157,C100160,2025-06-09,Australia,371.19
O300158,C100542,2024-12-29,Mexico,875.27
O300159,C100832,2025-02-16,United States,87.27
O300160,C101160,2024-11-27,India,784.38
O300161,C101017,2024-08-22,Germany,433.08
O300162,C100117,2024-09-30,United States,2156.03
O300163,C100285,2025-08-01,India,300.51
O300164,C100524,2024-12-15,United Kingdom,115.53
O300165,C100180,2024-10-25,India,261.86
O300166,C100684,2024-06-21,South Korea,182.04
O300167,C100010,2024-12-22,Germany,336.96
O300168,C100136,2025-02-16,India,980.51
O300169,C100056,2025-07-11,Japan,123.14
O300170,C100354,2025-08-22,Netherlands,837.97
O300171,C100914,2024-11-19,Japan,210.22
O300172,C100212,2024-11-22,Sweden,355.55000000000007
O300173,C101184,2024-11-29,India,286.39
O300174,C100323,2024-06-28,Canada,194.02
O300175,C100053,2025-03-07,India,952.74
O300176,C100402,2025-04-22,United States,384.46
O300177,C100897,2024-06-23,France,560.02
O300178,C100127,2025-06-14,United States,1321.68
O300179,C100086,2024-05-18,India,371.63
O300180,C101019,2025-08-15,United States,803.4000000000001
O300181,C100710,2025-01-03,India,329.82
O300182,C100411,2024-06-17,Germany,255.59
O300183,C100907,2024-07-12,United Kingdom,422.44
O300184,C101013,2025-06-18,India,219.07999999999998
O300185,C100431,2025-01-05,Australia,605.6700000000001
O300186,C100673,2024-02-19,Germany,259.08000000000004
O300187,C100013,2024-02-05,Sweden,216.45
O300188,C100367,2025-03-17,United States,1317.4900000000002
O300189,C100714,2024-04-19,United States,584.27
O300190,C100236,2025-06-06,Brazil,257.95
O300191,C101189,2024-03-09,United States,681.6400000000001
O300192,C101165,2024-03-08,United States,192.79000000000002
O300193,C100309,2025-03-09,India,652.19
O300194,C100475,2024-04-12,India,116.85
O300195,C100227,2024-08-26,India,521.6899999999999
O300196,C100604,2024-02-01,United States,226.95
O300197,C100148,2024-08-16,Brazil,578.96
O300198,C100469,2025-04-18,India,23.16
O300199,C100666,2024-12-19,United States,362.43
O300200,C100734,2025-08-22,Netherlands,790.91
O300201,C100715,2025-06-21,Spain,800.46
O300202,C100265,2024-04-25,Japan,645.0600000000001
O300203,C100950,2024-08-07,United States,1289.04
O300204,C100830,2025-03-06,South Korea,925.25
O300205,C100903,2025-07-10,United Kingdom,171.85
O300206,C100561,2025-04-04,Italy,1406.79
O300207,C101071,2024-06-28,France,470.99
O300208,C100467,2024-11-20,Spain,62.57
O300209,C100966,2025-02-27,United States,596.65
O300210,C100244,2024-08-02,United States,229.57
O300211,C100296,2025-02-04,India,440.52
O300212,C100632,2024-12-20,India,86.1
O300213,C100667,2025-06-13,Sweden,755.38
O300214,C100895,2025-01-14,France,1845.13
O300215,C100356,2025-07-04,Brazil,436.7
O300216,C101047,2024-08-22,Brazil,695.66
O300217,C100395,2024-08-13,United Kingdom,82.64
O300218,C100641,2025-06-09,India,230.24
O300219,C101118,2024-04-15,Italy,204.73000000000002
O300220,C100647,2025-05-23,India,1193.6399999999999
O300221,C100818,2024-01-10,Japan,157.8
O300222,C101090,2025-08-09,Brazil,738.85
O300223,C101169,2025-04-13,Mexico,480.99
O300224,C100599,2024-02-21,Australia,77.0
O300225,C100500,2024-03-05,United States,491.52
O300226,C100236,2024-04-10,Brazil,131.01
O300227,C100644,2025-04-04,India,829.41
O300228,C101102,2024-12-27,India,469.47
O300229,C100584,2025-07-04,United States,67.57
O300230,C100418,2025-05-22,United States,206.79
O300231,C100128,2024-02-08,United Kingdom,1099.8899999999999
O300232,C100467,2024-02-24,Spain,246.89000000000001
O300233,C100284,2024-09-09,India,38.41
O300234,C101172,2025-04-17,France,1623.61
O300235,C100633,2024-02-05,Spain,567.8199999999999
O300236,C100164,2025-06-25,South Korea,142.78
O300237,C100080,2024-12-06,United States,583.89
O300238,C101020,2024-09-01,India,379.08000000000004
O300239,C101117,2024-04-30,France,579.1
O300240,C100915,2024-03-22,India,545.25
O300241,C100148,2024-02-29,Brazil,401.40999999999997
O300242,C100117,2024-07-18,United States,150.07999999999998
O300243,C100237,2025-08-30,Sweden,51.94
O300244,C100901,2025-05-02,Netherlands,1055.42
O300245,C100918,2025-08-29,United States,451.83000000000004
O300246,C101005,2024-07-15,India,362.52
O300247,C100116,2024-12-27,Germany,339.51
O300248,C100183,2025-06-23,France,570.38
O300249,C101080,2024-10-24,Australia,928.89
O300250,C101114,2025-08-02,India,828.65
O300251,C100870,2024-02-09,South Korea,94.8
O300252,C100127,2025-07-10,United States,114.0
O300253,C100082,2025-06-10,United States,1151.8400000000001
O300254,C100066,2025-04-24,Brazil,597.97
O300255,C100830,2024-11-01,South Korea,692.41
O300256,C101015,2024-09-06,India,709.88
O300257,C100757,2025-08-15,United Kingdom,423.71
O300258,C100314,2025-04-06,Sweden,131.87
O300259,C100908,2024-08-20,India,1323.51
O300260,C100070,2024-04-28,United States,1470.0800000000002
O300261,C100993,2024-02-23,India,298.40999999999997
O300262,C101070,2025-04-01,India,63.52
O300263,C100862,2024-11-01,United States,489.28999999999996
O300264,C101055,2025-02-19,India,1243.17
O300265,C100703,2024-02-18,India,513.87
O300266,C100562,2024-07-28,Mexico,585.6800000000001
O300267,C100386,2025-07-21,India,305.85
O300268,C101106,2025-01-27,United States,227.92999999999998
O300269,C100836,2024-08-02,India,248.22
O300270,C100228,2024-04-05,Japan,651.1400000000001
O300271,C101148,2025-06-17,United Kingdom,307.55999999999995
O300272,C100071,2024-07-14,Germany,1126.6499999999999
O300273,C100705,2025-02-10,South Korea,779.83
O300274,C100228,2024-11-29,Japan,312.77
O300275,C100797,2025-08-29,South Korea,1061.33
O300276,C100495,2024-03-20,India,370.8
O300277,C100524,2025-06-11,United Kingdom,298.73
O300278,C100805,2025-05-09,India,1840.0
O300279,C100907,2025-06-19,United Kingdom,137.71
O300280,C100456,2025-08-31,South Korea,14.47
O300281,C101197,2024-10-08,India,1843.2900000000002
O300282,C100598,2024-07-23,India,1302.27
O300283,C100192,2024-03-03,India,480.64
O300284,C100007,2025-01-15,United States,49.739999999999995
O300285,C100242,2024-11-11,Canada,652.27
O300286,C100829,2025-02-05,United Kingdom,784.54
O300287,C100647,2025-02-21,India,322.20000000000005
O300288,C100405,2025-04-08,India,1369.24
O300289,C100577,2024-07-25,India,963.41
O300290,C101005,2025-03-21,India,392.93
O300291,C100685,2024-07-26,South Korea,836.94
O300292,C100069,2025-04-04,India,883.61
O300293,C100058,2024-11-05,Germany,759.48
O300294,C100578,2025-03-12,India,103.35000000000001
O300295,C100485,2024-09-12,Australia,686.34
O300296,C101020,2024-05-02,India,639.74
O300297,C100699,2024-11-03,India,470.71000000000004
O300298,C100908,2025-02-27,India,167.54
O300299,C100702,2024-10-03,Australia,296.15
O300300,C100414,2024-08-11,India,129.55
O300301,C100788,2025-03-19,Japan,313.95
O300302,C100745,2024-05-31,France,279.1
O300303,C100864,2024-08-25,Italy,1402.96
O300304,C100227,2025-02-12,India,904.48
O300305,C100769,2024-07-26,India,113.2
O300306,C100342,2025-02-01,United States,985.04
O300307,C100948,2025-06-23,India,489.26
O300308,C100958,2024-11-06,Italy,654.59
O300309,C100749,2024-08-17,United States,901.78
O300310,C101136,2025-01-26,Japan,497.07
O300311,C100645,2024-12-11,India,44.14
O300312,C100030,2025-06-20,South Korea,1214.57
O300313,C100727,2024-05-13,Germany,1033.75
O300314,C100933,2025-02-18,Spain,364.18
O300315,C100121,2025-08-29,United Kingdom,339.64
O300316,C100125,2025-08-08,United States,436.85
O300317,C100327,2024-06-02,Mexico,566.6600000000001
O300318,C101013,2025-05-27,India,816.92
O300319,C100632,2024-12-20,India,544.85
O300320,C101171,2024-10-18,Brazil,1284.74
O300321,C101047,2025-01-01,Brazil,648.93
O300322,C100665,2025-02-26,Brazil,200.14
O300323,C100814,2025-03-23,United States,986.3299999999999
O300324,C100397,2024-08-13,United States,101.24
O300325,C100108,2025-05-23,United Kingdom,642.38
O300326,C100478,2024-05-11,France,1285.94
O300327,C100710,2024-04-28,India,57.6
O300328,C100218,2024-12-14,France,190.41
O300329,C100266,2024-03-08,Japan,239.29999999999998
O300330,C100017,2024-10-17,India,1090.52
O300331,C100880,2024-01-13,United Kingdom,1132.2400000000002
O300332,C101079,2025-03-09,Canada,993.72
O300333,C100992,2024-05-10,Netherlands,56.62
O300334,C100455,2024-05-16,Spain,111.74
O300335,C100712,2024-08-09,Germany,825.8899999999999
O300336,C101152,2024-10-26,Japan,1783.08
O300337,C100709,2024-10-18,Netherlands,97.9
O300338,C100355,2024-04-12,Japan,352.02
O300339,C100406,2024-03-12,South Korea,60.03
O300340,C100872,2025-08-11,United States,615.48
O300341,C100535,2024-11-24,India,706.8100000000001
O300342,C101004,2024-06-30,India,707.2099999999999
O300343,C101036,2024-03-12,India,151.13
O300344,C100043,2025-08-08,India,1977.06
O300345,C100867,2024-02-09,India,1120.66
O300346,C100443,2025-03-04,Italy,719.99
O300347,C100623,2024-03-25,Italy,848.55
O300348,C100317,2024-06-12,United States,432.87000000000006
O300349,C100441,2025-06-20,Italy,65.97
O300350,C100396,2024-12-18,France,783.55
O300351,C100060,2024-12-11,India,151.03
O300352,C100939,2024-03-04,United Kingdom,199.53000000000003
O300353,C100171,2024-12-05,Germany,340.34000000000003
O300354,C100450,2024-12-28,Italy,575.38
O300355,C100231,2024-11-20,Germany,19.23
O300356,C100192,2025-05-15,India,359.47
O300357,C100448,2024-07-03,Japan,459.0
O300358,C101102,2025-05-14,India,237.70999999999998
O300359,C101132,2024-06-01,Australia,110.06
O300360,C100458,2024-01-28,Canada,772.86
O300361,C100606,2025-06-04,France,454.4
O300362,C101182,2024-07-07,India,714.41
O300363,C100281,2024-01-13,France,997.77
O300364,C101133,2024-05-26,India,1683.1399999999999
O300365,C100126,2025-08-10,India,603.01
O300366,C100271,2025-05-24,United States,496.84
O300367,C100405,2025-05-01,India,294.99
O300368,C100044,2024-04-05,France,88.56
O300369,C100978,2024-10-18,Sweden,218.56
O300370,C101026,2024-06-09,India,1372.76
O300371,C100460,2024-11-19,Netherlands,327.03999999999996
O300372,C101003,2024-08-12,Mexico,667.56
O300373,C100927,2024-11-04,United Kingdom,723.3499999999999
O300374,C100961,2024-05-08,France,615.62
O300375,C100963,2025-01-31,South Korea,713.02
O300376,C100688,2024-09-13,United Kingdom,1194.3700000000001
O300377,C100132,2025-02-14,United States,2910.51
O300378,C101108,2024-02-18,Japan,343.37
O300379,C100730,2024-04-04,Brazil,209.3
O300380,C101081,2025-08-13,Mexico,365.79
O300381,C101150,2025-02-26,France,431.66999999999996
O300382,C100224,2024-03-24,Mexico,1711.6299999999999
O300383,C100482,2024-06-23,South Korea,495.33
O300384,C100230,2024-07-05,France,482.59000000000003
O300385,C100061,2024-08-22,Japan,55.68
O300386,C101159,2024-10-16,South Korea,909.4300000000001
O300387,C101107,2025-08-29,India,650.8
O300388,C101118,2025-02-17,Italy,1405.34
O300389,C101060,2025-04-05,United States,429.2
O300390,C100778,2024-01-09,France,557.22
O300391,C100626,2025-02-09,United Kingdom,641.8
O300392,C101189,2024-06-02,United States,632.11
O300393,C100662,2025-05-18,India,914.01
O300394,C100770,2025-02-21,United States,1073.41
O300395,C100254,2024-08-11,India,177.74
O300396,C100896,2024-11-22,Japan,145.61
O300397,C100983,2025-08-01,India,739.3100000000001
O300398,C100814,2025-02-19,United States,235.44
O300399,C100598,2025-08-09,India,720.12
O300400,C100237,2024-02-25,Sweden,278.08
O300401,C100040,2024-08-17,Australia,1410.4
O300402,C100752,2024-02-08,India,202.14
O300403,C100819,2025-06-08,Sweden,273.54
O300404,C100927,2024-02-14,United Kingdom,847.61
O300405,C101140,2024-03-13,India,362.53999999999996
O300406,C100596,2024-11-06,India,260.88
O300407,C100994,2024-02-07,Mexico,119.28999999999999
O300408,C100859,2024-08-19,India,1601.1000000000001
O300409,C100332,2025-04-21,India,1254.8200000000002
O300410,C101014,2025-08-15,Mexico,132.03
O300411,C100063,2025-03-04,United States,281.45
O300412,C100718,2024-11-22,Australia,396.44
O300413,C101128,2024-09-28,United States,1163.08
O300414,C100790,2025-05-16,South Korea,828.1
O300415,C101124,2024-10-09,Canada,567.75
O300416,C100067,2025-08-22,Sweden,719.12
O300417,C100638,2025-01-26,United States,466.17999999999995
O300418,C100936,2025-06-18,Brazil,1439.37
O300419,C100770,2025-04-25,United States,890.3
O300420,C101056,2024-04-02,India,611.66
O300421,C100555,2024-05-05,United States,865.57
O300422,C100819,2024-04-15,Sweden,1108.17
O300423,C100503,2024-06-07,Mexico,1038.58
O300424,C101046,2024-03-16,India,649.6
O300425,C100143,2024-08-11,United States,251.57
O300426,C100304,2025-06-17,Netherlands,100.19999999999999
O300427,C100116,2025-03-26,Germany,1697.98
O300428,C100842,2024-05-14,United States,693.96
O300429,C100279,2025-04-30,Germany,761.24
O300430,C100380,2024-01-04,Sweden,156.55
O300431,C101003,2025-04-21,Mexico,408.94
O300432,C100432,2024-11-22,Canada,817.27
O300433,C100174,2024-07-12,United States,280.46000000000004
O300434,C100025,2024-06-11,India,844.08
O300435,C100272,2024-02-03,Sweden,227.01
O300436,C101097,2025-06-06,Brazil,750.55
O300437,C100658,2024-08-09,Canada,475.99
O300438,C101193,2024-01-24,Spain,1798.25
O300439,C100258,2024-05-24,India,336.44
O300440,C100421,2025-05-07,Australia,101.99
O300441,C100195,2025-06-19,India,560.97
O300442,C100478,2024-09-02,France,772.15
O300443,C100675,2025-05-20,India,201.18
O300444,C100969,2024-07-21,Canada,90.1
O300445,C100441,2024-01-19,Italy,1161.64
O300446,C100925,2024-06-24,United States,323.07
O300447,C100751,2024-02-16,Mexico,654.89
O300448,C100350,2024-01-31,Canada,585.81
O300449,C101094,2024-03-03,Spain,744.6700000000001
O300450,C100521,2025-05-08,United States,320.90000000000003
O300451,C100181,2025-02-07,South Korea,320.42
O300452,C101155,2024-08-05,Germany,965.81
O300453,C101096,2024-02-16,United States,61.28
O300454,C100059,2024-04-26,India,347.55
O300455,C101082,2025-02-07,Australia,22.2
O300456,C101136,2024-02-20,Japan,604.1800000000001
O300457,C100994,2024-11-13,Mexico,217.86
O300458,C100305,2024-01-26,Italy,69.89
O300459,C100757,2025-03-21,United Kingdom,601.1400000000001
O300460,C100645,2024-02-01,India,338.1
O300461,C100744,2025-01-10,Sweden,69.36
O300462,C100739,2025-03-21,India,10.03
O300463,C100767,2024-08-16,United States,490.53
O300464,C100616,2024-01-19,India,281.95
O300465,C100828,2025-01-23,Brazil,37.71
O300466,C100631,2025-03-30,Germany,17.86
O300467,C100019,2024-04-30,United States,330.96999999999997
O300468,C100042,2025-03-16,United States,173.72
O300469,C101149,2024-09-18,United Kingdom,757.03
O300470,C101091,2024-01-02,South Korea,1575.1200000000001
O300471,C100702,2024-03-19,Australia,119.11
O300472,C100209,2025-01-10,Sweden,1281.3100000000002
O300473,C100937,2024-02-21,Australia,1459.31
O300474,C100171,2024-05-02,Germany,724.86
O300475,C100452,2025-08-02,India,247.44
O300476,C100395,2024-10-18,United Kingdom,112.35
O300477,C100014,2024-08-23,India,1337.29
O300478,C100968,2024-10-11,United Kingdom,297.25
O300479,C100611,2024-01-01,Mexico,41.75
O300480,C100379,2024-03-21,United States,299.48
O300481,C100608,2025-02-28,India,329.47
O300482,C100000,2024-05-30,United Kingdom,282.99
O300483,C100524,2024-07-19,United Kingdom,576.7099999999999
O300484,C100623,2024-11-20,Italy,412.48
O300485,C100407,2025-01-25,India,470.5
O300486,C100996,2024-06-16,India,556.68
O300487,C100299,2024-07-19,Canada,437.96
O300488,C100165,2025-06-12,United States,648.16
O300489,C100633,2024-04-21,Spain,571.51
O300490,C101064,2025-04-04,South Korea,483.73
O300491,C100450,2024-04-05,Italy,463.74
O300492,C100055,2024-06-10,India,328.46
O300493,C101163,2025-01-07,United States,163.41000000000003
O300494,C100533,2025-03-21,Australia,1010.95
O300495,C100207,2024-07-17,United States,84.00999999999999
O300496,C100738,2024-06-25,Japan,98.32
O300497,C100383,2025-03-15,United Kingdom,122.96
O300498,C101125,2025-05-30,United States,1571.7099999999998
O300499,C100352,2024-09-14,India,586.0999999999999
O300500,C100660,2024-11-04,United States,530.34
O300501,C100651,2024-04-02,United States,918.02
O300502,C100290,2025-02-23,India,265.38
O300503,C100599,2024-04-30,Australia,82.26
O300504,C100130,2024-12-13,India,457.97
O300505,C100772,2025-03-23,India,1335.3799999999999
O300506,C100909,2024-10-07,Australia,96.69
O300507,C101140,2025-02-07,India,485.73
O300508,C100390,2025-08-20,France,347.22
O300509,C100342,2025-04-22,United States,507.8
O300510,C100658,2024-09-17,Canada,417.84000000000003
O300511,C100831,2024-11-16,France,270.87
O300512,C101190,2025-03-06,Brazil,877.02
O300513,C100030,2024-01-14,South Korea,463.35999999999996
O300514,C100285,2024-01-23,India,519.29
O300515,C100314,2025-01-10,Sweden,311.4
O300516,C100306,2025-02-06,Canada,564.8
O300517,C100556,2024-01-14,United States,116.13
O300518,C101047,2025-03-14,Brazil,527.11
O300519,C100037,2025-04-20,Australia,1103.69
O300520,C100979,2025-01-10,Japan,704.77
O300521,C100741,2025-06-19,Mexico,659.14
O300522,C100738,2024-05-03,Japan,542.26
O300523,C100813,2024-03-05,Netherlands,284.06
O300524,C100138,2024-09-13,India,48.0
O300525,C100896,2025-08-19,Japan,172.67
O300526,C100297,2024-10-07,India,565.48
O300527,C100619,2024-09-14,United States,223.14
O300528,C100812,2024-10-30,Mexico,179.23000000000002
O300529,C100724,2024-06-24,India,932.77
O300530,C100387,2024-03-30,United States,104.19
O300531,C100475,2024-02-23,India,667.4399999999999
O300532,C100571,2024-06-25,Australia,366.6
O300533,C100049,2024-11-12,United States,134.98
O300534,C100871,2024-01-20,United States,165.56
O300535,C100119,2025-07-02,Netherlands,1282.56
O300536,C100550,2024-07-31,United States,27.56
O300537,C100785,2024-09-03,United States,261.64
O300538,C100096,2024-09-27,Australia,1072.58
O300539,C101194,2024-01-29,South Korea,160.7
O300540,C100452,2024-03-29,India,1139.71
O300541,C100018,2025-06-04,United States,819.8399999999999
O300542,C100790,2024-10-22,South Korea,725.83
O300543,C100669,2024-10-12,Canada,1401.8
O300544,C100768,2024-09-21,United States,276.84000000000003
O300545,C100901,2025-08-09,Netherlands,519.23
O300546,C100570,2025-05-13,India,430.51
O300547,C100992,2024-02-28,Netherlands,439.55999999999995
O300548,C100444,2024-02-15,United States,666.3399999999999
O300549,C100654,2024-02-21,United States,32.849999999999994
O300550,C100190,2025-05-25,India,125.46
O300551,C100743,2024-01-19,Germany,1205.85
O300552,C100313,2024-04-17,Sweden,445.17
O300553,C100836,2024-03-29,India,739.5799999999999
O300554,C100961,2024-04-11,France,189.76
O300555,C101030,2025-01-19,United Kingdom,365.5
O300556,C101114,2025-08-09,India,284.75
O300557,C100146,2024-04-16,India,884.56
O300558,C100165,2025-05-22,United States,49.68
O300559,C101111,2024-07-10,India,546.15
O300560,C100456,2024-08-05,South Korea,480.5
O300561,C100031,2025-05-17,Mexico,347.79999999999995
O300562,C100344,2024-03-08,United Kingdom,262.24
O300563,C101003,2024-03-01,Mexico,255.35999999999996
O300564,C100425,2025-06-27,India,1192.88
O300565,C100092,2024-10-01,India,217.92000000000002
O300566,C100866,2025-03-04,United Kingdom,1766.49
O300567,C100233,2024-04-22,Spain,873.6299999999999
O300568,C100423,2024-02-16,Canada,220.98
O300569,C100004,2024-04-12,Netherlands,1945.66
O300570,C100722,2024-01-18,United States,986.5200000000001
O300571,C100534,2025-01-10,Sweden,2304.8
O300572,C101040,2024-12-26,Australia,471.63
O300573,C100401,2025-03-18,United Kingdom,180.73
O300574,C100245,2024-04-26,Japan,185.1
O300575,C100199,2025-04-01,Australia,746.42
O300576,C100240,2025-02-27,United States,677.6500000000001
O300577,C100541,2024-06-14,Brazil,324.69
O300578,C100104,2025-08-30,India,730.0799999999999
O300579,C100482,2025-05-25,South Korea,267.71
O300580,C101025,2024-05-08,Australia,356.83
O300581,C100921,2025-08-12,Canada,632.63
O300582,C100764,2024-10-31,United Kingdom,178.43
O300583,C101071,2025-03-14,France,249.97
O300584,C100936,2025-08-02,Brazil,575.88
O300585,C100783,2024-07-11,Sweden,410.64
O300586,C101035,2025-05-04,India,493.08000000000004
O300587,C100149,2025-05-12,Mexico,303.61
O300588,C100981,2024-05-04,India,543.39
O300589,C100354,2025-01-02,Netherlands,941.26
O300590,C100879,2024-04-12,United Kingdom,401.40999999999997
O300591,C101095,2024-02-16,Canada,1132.7
O300592,C100595,2025-02-26,India,2179.48
O300593,C100106,2024-01-22,Brazil,274.53999999999996
O300594,C100444,2025-03-08,United States,366.99
O300595,C100488,2024-01-26,United Kingdom,120.14000000000001
O300596,C101124,2025-08-02,Canada,1182.4
O300597,C101131,2024-01-07,United States,508.46
O300598,C100682,2024-11-04,United Kingdom,444.63
O300599,C101140,2025-01-25,India,448.39
O300600,C100523,2024-12-31,United States,235.95000000000002
O300601,C100493,2024-06-18,India,255.5
O300602,C101003,2024-03-07,Mexico,194.78
O300603,C100800,2025-06-01,United Kingdom,244.45
O300604,C100626,2025-05-30,United Kingdom,801.2
O300605,C100548,2024-02-11,Canada,522.72
O300606,C100846,2024-06-01,South Korea,359.3
O300607,C100904,2024-06-12,Mexico,503.21999999999997
O300608,C100588,2024-11-06,United States,557.63
O300609,C100037,2024-06-10,Australia,25.02
O300610,C100122,2024-09-17,United States,617.38
O300611,C100172,2024-12-21,Germany,1235.95
O300612,C100554,2025-03-10,Canada,463.56
O300613,C100737,2024-07-22,Germany,903.73
O300614,C100964,2024-10-02,Brazil,347.68
O300615,C100279,2024-09-12,Germany,116.5
O300616,C100943,2025-03-18,United States,164.42
O300617,C100799,2025-07-09,India,1103.8
O300618,C100061,2025-04-15,Japan,211.78
O300619,C100421,2025-04-21,Australia,45.02
O300620,C100363,2024-06-15,United States,356.38
O300621,C101063,2024-09-13,India,407.03
O300622,C101105,2025-07-28,Sweden,569.0
O300623,C100983,2024-03-23,India,224.01000000000002
O300624,C100633,2025-01-24,Spain,1007.9100000000001
O300625,C100591,2025-07-29,India,999.06
O300626,C100373,2025-06-13,South Korea,18.86
O300627,C100927,2024-08-21,United Kingdom,645.35
O300628,C100103,2024-12-06,Japan,513.3399999999999
O300629,C100325,2024-07-09,India,148.66
O300630,C100162,2025-08-15,United States,670.0
O300631,C100593,2024-08-08,Sweden,858.4699999999999
O300632,C100359,2024-06-29,Canada,16.24
O300633,C100236,2025-05-14,Brazil,661.45
O300634,C100451,2024-10-08,United States,85.53999999999999
O300635,C101033,2024-08-10,Spain,1331.84
O300636,C100669,2025-02-05,Canada,91.43
O300637,C100987,2024-04-24,Germany,1100.6399999999999
O300638,C101096,2025-06-20,United States,472.90999999999997
O300639,C101082,2025-07-18,Australia,115.5
O300640,C100421,2024-12-06,Australia,753.34
O300641,C101052,2025-01-16,India,230.28
O300642,C101091,2024-02-10,South Korea,393.06000000000006
O300643,C101151,2025-04-07,India,625.25
O300644,C100421,2024-01-14,Australia,2294.02
O300645,C100274,2024-12-06,Australia,1379.78
O300646,C100701,2024-05-06,Germany,146.62
O300647,C101118,2024-04-02,Italy,444.29999999999995
O300648,C101080,2024-04-28,Australia,301.02
O300649,C100685,2024-03-08,South Korea,342.78
O300650,C100179,2024-05-07,Japan,141.86
O300651,C100506,2024-09-13,United States,76.15
O300652,C100856,2024-01-11,India,1359.75
O300653,C100672,2024-10-24,India,515.8
O300654,C100414,2025-07-28,India,1457.4099999999999
O300655,C100411,2024-09-30,Germany,449.96000000000004
O300656,C100071,2025-01-09,Germany,870.8
O300657,C100346,2025-02-24,Australia,252.49
O300658,C100803,2025-02-27,India,814.59
O300659,C100289,2025-02-14,Spain,707.55
O300660,C101192,2025-07-08,India,339.38
O300661,C100098,2024-03-22,Italy,202.48000000000002
O300662,C100706,2024-10-11,Germany,696.12
O300663,C100595,2024-12-26,India,628.23
O300664,C100999,2024-11-13,India,188.13
O300665,C101065,2024-12-30,Mexico,1137.81
O300666,C100652,2024-05-29,United States,1029.93
O300667,C100756,2024-12-16,Canada,425.71000000000004
O300668,C100838,2025-05-02,South Korea,552.64
O300669,C100625,2025-05-09,Japan,584.3
O300670,C100221,2024-06-01,Germany,263.06
O300671,C100514,2025-02-24,Sweden,653.08
O300672,C100289,2024-08-09,Spain,89.74
O300673,C100557,2025-04-08,United States,566.3100000000001
O300674,C100738,2025-07-16,Japan,114.84
O300675,C100251,2024-10-25,India,685.26
O300676,C100299,2025-03-24,Canada,720.06
O300677,C100987,2024-10-14,Germany,421.70000000000005
O300678,C100453,2024-02-25,United States,842.79
O300679,C100238,2025-03-10,India,255.76
O300680,C100855,2024-07-21,United States,384.16
O300681,C100859,2025-03-11,India,954.73
O300682,C100991,2024-08-06,United States,217.79000000000002
O300683,C100911,2024-05-31,India,686.91
O300684,C101190,2025-04-21,Brazil,858.62
O300685,C100689,2025-06-11,Germany,461.91999999999996
O300686,C100344,2025-04-10,United Kingdom,329.6
O300687,C101035,2025-08-29,India,860.1600000000001
O300688,C100317,2024-01-05,United States,440.65
O300689,C100349,2024-01-28,India,656.72
O300690,C100994,2024-10-21,Mexico,714.98
O300691,C101057,2024-05-30,Mexico,252.98
O300692,C100407,2024-02-29,India,366.34000000000003
O300693,C100875,2024-10-10,Canada,392.61
O300694,C101106,2024-01-03,United States,315.76
O300695,C100958,2025-08-16,Italy,642.29
O300696,C100005,2024-01-12,Brazil,86.84
O300697,C100797,2025-02-05,South Korea,1299.06
O300698,C100203,2024-08-09,Germany,43.19
O300699,C101015,2024-06-07,India,2673.3399999999997
O300700,C100080,2024-12-20,United States,901.39
O300701,C101191,2024-04-07,India,3261.4
O300702,C100212,2024-06-02,Sweden,669.25
O300703,C100504,2024-10-14,United States,353.67
O300704,C100280,2025-02-14,India,705.72
O300705,C100976,2025-07-11,Brazil,532.06
O300706,C100472,2025-07-14,United Kingdom,135.12
O300707,C100893,2024-06-01,Brazil,820.73
O300708,C100080,2024-01-29,United States,1289.66
O300709,C100543,2025-04-11,Mexico,287.81
O300710,C101093,2025-04-23,Australia,863.45
O300711,C101112,2024-05-10,Sweden,926.52
O300712,C100250,2025-04-03,United States,725.0799999999999
O300713,C100473,2025-01-22,South Korea,547.82
O300714,C100490,2025-03-21,India,412.82
O300715,C100678,2024-07-26,Japan,489.23
O300716,C100644,2024-07-06,India,923.93
O300717,C100127,2024-05-13,United States,172.91
O300718,C100915,2024-04-26,India,331.96
O300719,C100270,2024-07-05,Australia,20.25
O300720,C100377,2024-06-26,India,1467.49
O300721,C101008,2024-06-15,United Kingdom,1067.67
O300722,C100827,2025-04-13,United States,1962.68
O300723,C100475,2024-01-31,India,29.59
O300724,C101094,2024-10-10,Spain,226.12
O300725,C100472,2024-03-15,United Kingdom,254.96999999999997
O300726,C100678,2025-07-18,Japan,473.95
O300727,C100295,2025-03-28,Japan,187.75
O300728,C100219,2025-03-12,India,685.75
O300729,C100589,2024-11-15,Italy,1654.81
O300730,C100675,2024-02-01,India,116.46
O300731,C100966,2024-12-05,United States,833.45
O300732,C100469,2025-06-09,India,299.62
O300733,C101074,2025-07-15,Brazil,169.52
O300734,C100728,2024-09-27,India,85.21
O300735,C100084,2025-06-04,France,1722.53
O300736,C100886,2025-02-07,Sweden,1576.5800000000002
O300737,C100689,2024-05-19,Germany,908.41
O300738,C100467,2024-03-07,Spain,245.42
O300739,C100560,2024-03-12,United States,464.67
O300740,C100362,2025-07-21,United States,161.18
O300741,C100737,2025-02-24,Germany,551.91
O300742,C100680,2025-04-03,India,370.76
O300743,C100536,2025-07-01,United Kingdom,125.34
O300744,C100342,2024-06-12,United States,101.16
O300745,C100478,2025-01-04,France,6.98
O300746,C100597,2024-04-30,Italy,766.9200000000001
O300747,C100566,2024-09-27,Mexico,430.95
O300748,C100371,2024-01-09,United States,207.84999999999997
O300749,C100698,2025-08-07,Australia,645.58
O300750,C100271,2025-01-06,United States,76.48
O300751,C100601,2025-04-01,Germany,181.16
O300752,C100145,2025-03-28,Canada,493.55999999999995
O300753,C100566,2024-06-05,Mexico,414.36
O300754,C100940,2025-06-01,Mexico,877.46
O300755,C100981,2025-06-10,India,848.4699999999999
O300756,C100833,2025-03-29,United States,180.64
O300757,C100894,2025-02-26,United Kingdom,853.92
O300758,C100079,2025-08-24,India,183.54
O300759,C100409,2025-08-31,United Kingdom,354.26
O300760,C100785,2025-07-04,United States,262.08
O300761,C100960,2024-06-11,Sweden,16.19
O300762,C100699,2024-11-28,India,555.3299999999999
O300763,C101024,2024-08-18,India,581.37
O300764,C100327,2024-04-12,Mexico,484.94
O300765,C100184,2025-01-05,Sweden,47.47
O300766,C100103,2025-06-13,Japan,770.6700000000001
O300767,C100699,2024-07-04,India,50.800000000000004
O300768,C100798,2024-01-07,Germany,195.92000000000002
O300769,C100342,2024-04-10,United States,204.53
O300770,C100940,2024-03-08,Mexico,1041.8300000000002
O300771,C100887,2024-07-02,United Kingdom,240.11
O300772,C100432,2024-09-07,Canada,2384.87
O300773,C100286,2024-12-27,India,729.76
O300774,C100890,2024-01-12,United States,347.07
O300775,C100805,2024-09-17,India,688.4799999999999
O300776,C100204,2025-08-25,United States,1062.3400000000001
O300777,C100306,2025-01-25,Canada,456.27
O300778,C100583,2024-08-16,United States,1950.48
O300779,C100613,2025-03-07,India,699.72
O300780,C100199,2025-01-16,Australia,2324.0099999999998
O300781,C101138,2025-06-20,Canada,338.58
O300782,C100466,2024-10-04,India,370.28999999999996
O300783,C100457,2024-06-09,India,833.37
O300784,C100072,2024-07-19,Sweden,861.96
O300785,C101050,2025-04-28,India,327.33
O300786,C100282,2024-12-27,South Korea,332.85
O300787,C101184,2024-05-10,India,391.1
O300788,C100595,2024-01-12,India,148.95
O300789,C101049,2024-02-13,Brazil,394.28999999999996
O300790,C100214,2024-04-15,United States,641.19
O300791,C100199,2024-07-08,Australia,587.6
O300792,C100961,2024-11-01,France,82.99000000000001
O300793,C100983,2024-11-15,India,488.89
O300794,C100651,2024-11-26,United States,164.42
O300795,C100038,2025-04-24,Brazil,278.54999999999995
O300796,C101132,2024-07-17,Australia,810.0699999999999
O300797,C100471,2024-03-23,France,480.67
O300798,C101123,2025-04-26,Germany,287.85
O300799,C101044,2025-05-05,United States,59.47
O300800,C101021,2025-06-23,Canada,1209.55
O300801,C100826,2025-05-29,United States,318.15999999999997
O300802,C100807,2025-01-24,United States,506.81
O300803,C100639,2024-11-08,United States,417.63
O300804,C100029,2024-07-26,Brazil,93.72
O300805,C100465,2024-09-22,Sweden,605.6700000000001
O300806,C100876,2024-12-23,United Kingdom,126.78
O300807,C100974,2025-02-06,United States,2620.94
O300808,C100671,2024-11-26,India,422.5
O300809,C100851,2024-05-15,France,241.13
O300810,C100026,2024-08-03,Brazil,844.7
O300811,C100562,2024-12-06,Mexico,299.38
O300812,C100609,2024-04-27,India,215.6
O300813,C101070,2025-06-27,India,39.86
O300814,C100373,2024-01-16,South Korea,958.55
O300815,C100275,2024-06-21,Japan,286.39
O300816,C100422,2024-10-29,Sweden,251.57
O300817,C100204,2025-03-15,United States,272.3
O300818,C100670,2024-07-05,Sweden,268.99
O300819,C100771,2025-01-14,Netherlands,1510.9
O300820,C100961,2025-06-26,France,961.27
O300821,C101166,2024-10-27,Sweden,479.59999999999997
O300822,C100088,2024-12-22,Australia,24.27
O300823,C100296,2025-01-11,India,431.22
O300824,C100360,2025-06-05,Canada,211.82999999999998
O300825,C100299,2024-01-24,Canada,576.85
O300826,C100992,2025-01-16,Netherlands,168.95999999999998
O300827,C100167,2024-09-04,United States,28.68
O300828,C100035,2025-05-26,United States,383.73
O300829,C101032,2025-05-26,Italy,193.75
O300830,C101153,2024-08-27,Mexico,588.59
O300831,C100271,2024-02-13,United States,72.63
O300832,C100399,2024-03-19,India,673.0
O300833,C100603,2024-07-13,Australia,153.42000000000002
O300834,C100631,2024-01-22,Germany,1279.43
O300835,C101189,2025-02-09,United States,312.62
O300836,C100484,2025-05-05,Sweden,458.51
O300837,C100014,2024-05-10,India,130.5
O300838,C100507,2025-04-29,India,627.58
O300839,C100667,2024-03-26,Sweden,914.5799999999999
O300840,C100620,2024-01-09,United States,84.88
O300841,C100614,2024-08-27,India,71.14
O300842,C101107,2024-07-26,India,382.87
O300843,C100968,2025-04-11,United Kingdom,365.90999999999997
O300844,C100302,2024-01-12,United States,476.8
O300845,C100426,2024-08-11,Netherlands,837.8199999999999
O300846,C100801,2025-01-07,United States,623.95
O300847,C100492,2024-03-15,India,600.59
O300848,C100514,2025-02-25,Sweden,1136.64
O300849,C100201,2024-01-18,India,46.88
O300850,C100305,2025-04-18,Italy,725.55
O300851,C100888,2025-05-28,Japan,1537.3899999999999
O300852,C101011,2024-02-19,Brazil,47.06
O300853,C100941,2024-06-21,India,288.01
O300854,C100369,2024-09-13,India,386.18
O300855,C100163,2024-06-10,United States,737.99
O300856,C100191,2024-12-25,India,44.5
O300857,C100472,2025-05-05,United Kingdom,207.9
O300858,C100621,2025-01-26,India,469.65
O300859,C101071,2024-10-23,France,505.3
O300860,C101078,2025-05-14,Japan,70.62
O300861,C100003,2024-02-23,Australia,202.49
O300862,C100849,2024-12-21,India,204.48000000000002
O300863,C100358,2024-11-17,Canada,154.3
O300864,C100237,2024-08-22,Sweden,935.89
O300865,C100666,2024-11-01,United States,854.4599999999999
O300866,C100040,2025-03-16,Australia,1885.7400000000002
O300867,C100400,2024-06-27,United States,332.34000000000003
O300868,C100662,2024-02-07,India,334.84000000000003
O300869,C100326,2024-02-27,United States,32.38
O300870,C100712,2024-10-02,Germany,415.40999999999997
O300871,C100552,2024-05-26,United States,27.660000000000004
O300872,C100959,2025-05-30,Japan,301.24
O300873,C100217,2024-02-15,Canada,396.96999999999997
O300874,C100068,2025-03-11,India,568.79
O300875,C100635,2024-04-30,United States,413.84999999999997
O300876,C100308,2024-12-01,India,291.34000000000003
O300877,C100848,2024-12-04,France,812.35
O300878,C100111,2024-06-28,Spain,132.78
O300879,C100690,2024-10-27,United Kingdom,26.5
O300880,C101187,2024-06-16,Spain,452.63
O300881,C100111,2025-04-15,Spain,1839.9700000000003
O300882,C100362,2025-02-18,United States,2003.8899999999999
O300883,C101013,2024-09-15,India,375.93999999999994
O300884,C100640,2025-01-20,Japan,742.4200000000001
O300885,C100209,2024-06-28,Sweden,725.01
O300886,C100255,2025-03-18,United Kingdom,656.64
O300887,C100917,2024-11-01,Netherlands,147.48
O300888,C101033,2024-03-16,Spain,653.22
O300889,C100432,2024-03-16,Canada,881.5899999999999
O300890,C100568,2025-08-21,Mexico,840.07
O300891,C100939,2025-07-25,United Kingdom,631.17
O300892,C100212,2024-12-16,Sweden,762.89
O300893,C100247,2025-06-08,Spain,582.05
O300894,C100929,2025-04-02,India,123.42
O300895,C100223,2024-10-27,Italy,749.6500000000001
O300896,C100924,2025-04-27,Australia,519.51
O300897,C100596,2025-08-16,India,18.35
O300898,C101188,2024-06-08,Japan,283.71999999999997
O300899,C100039,2024-02-04,Japan,69.03
O300900,C101135,2025-06-26,Australia,1941.7200000000003
O300901,C100270,2025-06-29,Australia,596.17
O300902,C100042,2024-02-28,United States,1833.4399999999998
O300903,C100868,2025-03-16,Australia,9.44
O300904,C100639,2025-04-24,United States,939.41
O300905,C101004,2024-02-18,India,825.37
O300906,C100130,2024-12-19,India,409.40000000000003
O300907,C100096,2024-05-02,Australia,807.93
O300908,C100680,2024-12-20,India,1256.23
O300909,C101058,2025-03-07,India,200.42000000000002
O300910,C100486,2025-04-29,Brazil,47.34
O300911,C100957,2024-05-22,Canada,1136.52
O300912,C101087,2024-05-14,Canada,111.89
O300913,C101043,2024-03-09,India,296.98
O300914,C100610,2024-08-13,Brazil,877.14
O300915,C100838,2024-02-21,South Korea,835.1700000000001
O300916,C100630,2024-07-05,India,1347.84
O300917,C100808,2024-08-03,Japan,354.33000000000004
O300918,C100680,2025-02-13,India,1334.99
O300919,C100630,2024-12-09,India,34.34
O300920,C100524,2024-03-16,United Kingdom,63.7
O300921,C100783,2024-08-01,Sweden,591.43
O300922,C100901,2025-07-27,Netherlands,165.39
O300923,C101102,2024-01-19,India,1954.38
O300924,C100735,2025-08-12,Japan,603.3100000000001
O300925,C100120,2024-02-08,Canada,279.79999999999995
O300926,C100704,2024-02-27,Mexico,15.27
O300927,C100378,2025-05-03,Canada,919.12
O300928,C100032,2025-06-24,United States,1268.32
O300929,C100086,2024-09-16,India,841.14
O300930,C100709,2024-09-25,Netherlands,413.07000000000005
O300931,C101133,2025-01-17,India,911.22
O300932,C100606,2025-08-17,France,84.16
O300933,C100534,2024-02-08,Sweden,714.52
O300934,C100106,2024-03-03,Brazil,747.0600000000001
O300935,C100810,2024-03-22,Mexico,1391.3200000000002
O300936,C100066,2025-06-10,Brazil,803.03
O300937,C101009,2025-01-01,United Kingdom,128.37
O300938,C100979,2025-04-19,Japan,511.08
O300939,C101189,2024-11-17,United States,1416.31
O300940,C100341,2025-01-29,Mexico,340.87
O300941,C100194,2025-05-12,United States,207.87
O300942,C100359,2025-05-07,Canada,129.76
O300943,C100959,2025-08-24,Japan,119.34
O300944,C100262,2024-05-24,Brazil,991.1700000000001
O300945,C101064,2025-01-02,South Korea,421.37
O300946,C100185,2024-02-13,India,279.33000000000004
O300947,C100058,2025-04-01,Germany,331.12
O300948,C100263,2024-01-29,Germany,154.32
O300949,C100904,2025-02-01,Mexico,2373.68
O300950,C100722,2025-01-04,United States,171.1
O300951,C100425,2025-04-02,India,494.86
O300952,C100787,2024-10-09,India,1613.72
O300953,C100778,2024-11-04,France,2270.86
O300954,C100665,2024-06-07,Brazil,535.91
O300955,C100616,2024-01-30,India,519.59
O300956,C100121,2025-08-16,United Kingdom,107.31
O300957,C100311,2025-08-06,Japan,705.0699999999999
O300958,C100633,2024-12-15,Spain,121.75
O300959,C100162,2024-01-12,United States,362.31
O300960,C100571,2025-07-07,Australia,62.81
O300961,C100140,2024-06-13,United States,501.65000000000003
O300962,C100944,2024-11-05,United Kingdom,263.02
O300963,C100123,2024-11-30,Netherlands,471.99999999999994
O300964,C100111,2025-07-15,Spain,257.22
O300965,C100765,2025-03-11,Canada,809.02
O300966,C100264,2025-03-14,United States,380.25
O300967,C100421,2025-08-11,Australia,959.26
O300968,C100377,2024-09-17,India,1543.47
O300969,C100259,2025-03-12,Canada,345.19
O300970,C100914,2025-08-13,Japan,106.44
O300971,C100830,2024-11-30,South Korea,1171.94
O300972,C100286,2024-07-22,India,226.11
O300973,C100824,2024-04-19,India,372.90999999999997
O300974,C100856,2025-07-21,India,258.54
O300975,C100647,2024-12-09,India,296.15999999999997
O300976,C100694,2025-03-24,India,841.5999999999999
O300977,C101121,2025-04-16,India,720.83
O300978,C100544,2025-05-29,India,882.34
O300979,C100462,2025-08-08,India,151.5
O300980,C100646,2025-03-05,France,808.85
O300981,C101003,2025-05-14,Mexico,369.61
O300982,C100851,2024-01-02,France,790.98
O300983,C100090,2025-03-05,India,830.0
O300984,C100551,2024-12-13,Japan,416.01
O300985,C100887,2024-06-16,United Kingdom,649.7800000000001
O300986,C100268,2024-04-26,United States,12.92
O300987,C101186,2025-01-03,India,353.1
O300988,C100969,2024-02-05,Canada,129.13
O300989,C101015,2025-04-09,India,1069.3700000000001
O300990,C100098,2025-07-06,Italy,477.35
O300991,C100695,2025-06-12,India,843.86
O300992,C100633,2025-03-23,Spain,861.3000000000001
O300993,C100752,2024-11-11,India,752.96
O300994,C101020,2025-03-27,India,133.97
O300995,C100423,2024-04-25,Canada,415.05
O300996,C100640,2024-11-17,Japan,85.02
O300997,C100815,2024-03-15,Brazil,647.89
O300998,C100903,2024-02-02,United Kingdom,369.93
O300999,C100924,2024-11-29,Australia,645.74
O301000,C100404,2024-02-14,France,393.63
O301001,C101197,2025-03-31,India,389.34999999999997
O301002,C100011,2024-05-28,Italy,444.48
O301003,C100590,2024-11-13,United Kingdom,3496.33
O301004,C100730,2024-11-07,Brazil,1020.89
O301005,C100073,2025-08-23,Spain,886.26
O301006,C100541,2024-12-28,Brazil,1225.39
O301007,C100715,2024-03-02,Spain,267.38
O301008,C100729,2025-02-09,United States,65.22
O301009,C100142,2025-01-10,Japan,1003.6499999999999
O301010,C100333,2025-01-01,Brazil,362.61
O301011,C100293,2024-05-24,United States,854.6600000000001
O301012,C100767,2024-11-22,United States,33.54
O301013,C100394,2024-04-11,South Korea,152.32999999999998
O301014,C100685,2024-06-08,South Korea,711.05
O301015,C100877,2025-06-24,Sweden,695.76
O301016,C100956,2024-01-12,South Korea,433.70000000000005
O301017,C100220,2024-04-30,United States,231.51
O301018,C101084,2024-03-01,United States,454.5
O301019,C100198,2025-08-08,Australia,213.99
O301020,C100026,2024-07-18,Brazil,1939.0500000000002
O301021,C100053,2024-07-17,India,189.0
O301022,C100241,2024-11-22,Brazil,186.12
O301023,C101047,2024-08-12,Brazil,105.52
O301024,C100249,2024-07-13,Netherlands,776.6
O301025,C100832,2024-07-05,United States,202.16
O301026,C100502,2024-02-16,Brazil,1156.23
O301027,C100047,2024-06-15,Canada,136.68
O301028,C100532,2024-03-17,United States,188.41000000000003
O301029,C100033,2025-05-08,India,261.08
O301030,C100571,2024-08-01,Australia,340.44
O301031,C100670,2024-09-17,Sweden,296.94
O301032,C100625,2025-04-21,Japan,137.46
O301033,C100339,2024-05-12,United States,736.84
O301034,C100919,2024-05-31,India,123.78
O301035,C100716,2025-04-30,Germany,194.07
O301036,C100305,2024-10-04,Italy,128.38
O301037,C100521,2025-08-28,United States,940.5
O301038,C100130,2025-04-07,India,260.65
O301039,C101107,2025-05-07,India,707.38
O301040,C100903,2025-06-20,United Kingdom,407.66999999999996
O301041,C100345,2024-05-06,India,824.53
O301042,C100809,2024-04-12,Australia,1199.06
O301043,C100814,2025-03-30,United States,352.55
O301044,C100731,2025-08-19,Canada,20.36
O301045,C100064,2024-07-18,India,103.26
O301046,C101054,2024-10-29,Netherlands,1533.3600000000001
O301047,C101147,2025-04-13,Canada,662.48
O301048,C101168,2025-01-11,United States,170.02
O301049,C101176,2024-10-18,Australia,2010.0800000000002
O301050,C101114,2025-04-21,India,528.84
O301051,C100886,2024-01-07,Sweden,218.6
O301052,C100068,2025-05-23,India,469.84000000000003
O301053,C100558,2024-12-13,United Kingdom,1625.03
O301054,C100294,2024-01-28,Australia,699.26
O301055,C100263,2024-04-12,Germany,1355.33
O301056,C100996,2024-07-24,India,280.57
O301057,C100975,2025-03-04,India,698.5
O301058,C100626,2025-02-17,United Kingdom,576.0
O301059,C100883,2024-12-28,India,51.57000000000001
O301060,C100155,2025-06-29,India,203.63
O301061,C100266,2024-06-27,Japan,565.1700000000001
O301062,C101032,2025-01-31,Italy,375.99
O301063,C100541,2024-06-26,Brazil,233.87
O301064,C100655,2025-08-04,Mexico,209.35000000000002
O301065,C100555,2025-08-16,United States,259.35
O301066,C100242,2025-08-30,Canada,250.15
O301067,C100991,2025-05-28,United States,409.98
O301068,C100909,2025-06-02,Australia,641.87
O301069,C100820,2024-09-20,Spain,1588.15
O301070,C100423,2025-02-09,Canada,148.44
O301071,C100771,2024-01-16,Netherlands,158.86
O301072,C101143,2024-07-07,Netherlands,356.65999999999997
O301073,C100779,2024-05-21,United Kingdom,1492.6000000000001
O301074,C100593,2025-01-01,Sweden,610.28
O301075,C100324,2024-09-14,United States,176.0
O301076,C100627,2024-09-01,United Kingdom,390.02
O301077,C100446,2024-02-27,India,274.36
O301078,C100733,2024-03-30,Netherlands,523.97
O301079,C100054,2024-07-25,Japan,111.37
O301080,C100228,2024-05-07,Japan,217.01999999999998
O301081,C100944,2024-12-06,United Kingdom,655.74
O301082,C100456,2025-07-07,South Korea,701.6
O301083,C100519,2025-05-07,Japan,447.81000000000006
O301084,C100652,2024-10-01,United States,23.25
O301085,C100525,2024-04-27,Germany,460.42
O301086,C100910,2024-08-02,United States,997.74
O301087,C100294,2024-09-30,Australia,788.86
O301088,C100910,2024-01-13,United States,168.57
O301089,C100251,2025-07-21,India,382.24
O301090,C100444,2024-10-25,United States,198.95999999999998
O301091,C100705,2024-11-21,South Korea,368.51
O301092,C101063,2024-04-09,India,109.96
O301093,C100279,2025-03-23,Germany,378.31
O301094,C100704,2024-03-29,Mexico,731.6600000000001
O301095,C100077,2024-01-04,Canada,1134.99
O301096,C100090,2025-08-20,India,436.9
O301097,C100921,2025-07-15,Canada,635.8100000000001
O301098,C100862,2024-08-22,United States,908.4
O301099,C100451,2025-02-28,United States,375.39
O301100,C100747,2024-01-24,India,1032.05
O301101,C100456,2024-09-02,South Korea,429.33
O301102,C100332,2024-07-03,India,466.74
O301103,C100517,2024-04-09,Brazil,361.28
O301104,C100374,2025-02-25,India,2578.8
O301105,C100978,2024-12-03,Sweden,472.71000000000004
O301106,C100494,2025-01-09,Germany,298.52
O301107,C100385,2024-03-20,South Korea,140.44
O301108,C100643,2025-04-22,United States,667.6
O301109,C100909,2025-02-25,Australia,895.83
O301110,C100328,2025-06-19,Germany,470.66
O301111,C101127,2024-01-04,Japan,67.44
O301112,C100556,2025-08-30,United States,1062.8400000000001
O301113,C100793,2024-09-06,United States,160.19
O301114,C101148,2025-06-30,United Kingdom,116.96000000000001
O301115,C100518,2024-04-15,India,1125.76
O301116,C100239,2025-08-19,Canada,1282.91
O301117,C100897,2025-04-24,France,278.43
O301118,C100007,2024-11-27,United States,1334.13
O301119,C100549,2025-06-30,Japan,30.98
O301120,C101175,2025-03-11,Canada,1058.22
O301121,C100497,2024-06-02,Mexico,572.9100000000001
O301122,C100820,2024-05-10,Spain,632.55
O301123,C100630,2025-04-28,India,327.51
O301124,C100257,2024-03-29,Japan,1461.45
O301125,C100381,2025-03-22,Mexico,766.6500000000001
O301126,C100628,2024-01-17,South Korea,50.010000000000005
O301127,C100125,2025-04-21,United States,466.48
O301128,C100497,2025-08-25,Mexico,1905.85
O301129,C100497,2025-04-13,Mexico,1481.02
O301130,C101001,2024-04-29,United States,70.98
O301131,C100148,2024-12-22,Brazil,327.19
O301132,C101011,2025-04-21,Brazil,519.42
O301133,C100492,2024-08-16,India,172.29
O301134,C100781,2025-05-30,United States,686.17
O301135,C100668,2024-10-08,Canada,650.53
O301136,C100359,2025-03-04,Canada,86.49
O301137,C101116,2025-03-02,India,607.5999999999999
O301138,C100269,2025-08-24,India,681.4300000000001
O301139,C100043,2025-05-30,India,715.39
O301140,C100900,2025-04-24,Italy,752.99
O301141,C100745,2024-11-07,France,19.3
O301142,C101068,2024-11-08,United States,49.230000000000004
O301143,C100549,2024-07-11,Japan,985.35
O301144,C100020,2024-10-04,Brazil,786.0
O301145,C100024,2025-04-04,Sweden,191.01
O301146,C100519,2025-06-22,Japan,759.73
O301147,C100299,2024-05-07,Canada,324.06
O301148,C101106,2024-01-19,United States,589.76
O301149,C100142,2025-08-13,Japan,662.26
O301150,C101056,2024-07-14,India,1015.29
O301151,C100260,2024-06-11,Australia,348.63
O301152,C100143,2025-06-13,United States,47.96
O301153,C100329,2025-07-01,Australia,154.61
O301154,C100172,2024-05-25,Germany,174.1
O301155,C100481,2024-08-05,South Korea,582.33
O301156,C100396,2025-02-03,France,751.64
O301157,C100634,2024-04-12,India,518.3399999999999
O301158,C100644,2025-03-13,India,755.31
O301159,C100001,2025-04-14,Brazil,621.53
O301160,C100149,2024-03-21,Mexico,215.5
O301161,C100194,2024-08-01,United States,250.14
O301162,C100233,2025-06-11,Spain,351.19
O301163,C100112,2024-04-24,Mexico,224.32
O301164,C100377,2024-03-22,India,1554.1599999999999
O301165,C100659,2025-05-19,Sweden,906.38
O301166,C100370,2025-01-17,India,251.73
O301167,C100394,2025-08-22,South Korea,706.06
O301168,C100563,2025-01-11,United States,359.40999999999997
O301169,C100658,2025-07-06,Canada,814.1700000000001
O301170,C100397,2024-03-10,United States,879.06
O301171,C100266,2025-06-19,Japan,127.57
O301172,C100491,2025-05-09,Italy,109.19999999999999
O301173,C100029,2024-10-02,Brazil,123.7
O301174,C100591,2025-04-15,India,26.130000000000003
O301175,C101129,2024-03-17,India,588.28
O301176,C100477,2024-12-06,Canada,157.36
O301177,C100129,2024-06-19,Canada,793.06
O301178,C100848,2024-12-21,France,1658.23
O301179,C100152,2024-04-15,India,416.94
O301180,C100232,2025-02-14,India,87.84
O301181,C100175,2024-07-18,Japan,827.8199999999999
O301182,C101060,2024-08-27,United States,948.0899999999999
O301183,C101177,2024-11-26,United Kingdom,836.4300000000001
O301184,C100683,2024-07-31,France,1092.02
O301185,C100741,2024-12-22,Mexico,429.61999999999995
O301186,C100774,2024-05-08,Sweden,70.2
O301187,C100732,2024-12-08,Canada,1434.8600000000001
O301188,C100652,2024-08-24,United States,720.3
O301189,C101184,2024-01-19,India,1650.42
O301190,C100879,2024-03-21,United Kingdom,809.4200000000001
O301191,C100106,2024-10-29,Brazil,187.64
O301192,C100470,2024-06-28,Japan,16.04
O301193,C101169,2024-08-06,Mexico,268.52
O301194,C100484,2024-07-10,Sweden,589.06
O301195,C100244,2024-12-06,United States,433.37
O301196,C101042,2025-01-15,United Kingdom,135.26
O301197,C100747,2024-04-06,India,458.75
O301198,C100675,2024-03-12,India,361.22
O301199,C100504,2024-10-24,United States,361.13
O301200,C100149,2024-06-11,Mexico,41.72
O301201,C100460,2024-03-27,Netherlands,475.94
O301202,C100524,2024-12-14,United Kingdom,1248.27
O301203,C101117,2024-10-18,France,328.56
O301204,C100368,2024-09-13,Germany,624.64
O301205,C100179,2024-04-22,Japan,265.09000000000003
O301206,C100513,2025-05-23,South Korea,610.5
O301207,C101196,2025-04-22,Germany,221.84
O301208,C100578,2024-10-29,India,799.9399999999999
O301209,C100454,2024-06-30,India,302.28000000000003
O301210,C100800,2024-02-13,United Kingdom,181.53
O301211,C100778,2025-05-16,France,617.2900000000001
O301212,C100359,2024-02-08,Canada,287.48
O301213,C101161,2024-02-18,United States,45.2
O301214,C100711,2024-09-04,South Korea,347.6
O301215,C100069,2024-08-01,India,490.46999999999997
O301216,C100489,2025-01-24,United Kingdom,149.62
O301217,C101107,2025-07-28,India,191.10000000000002
O301218,C100472,2025-04-25,United Kingdom,779.54
O301219,C100681,2024-10-18,India,629.8
O301220,C100735,2024-01-21,Japan,1889.4199999999998
O301221,C100845,2024-05-01,Germany,914.6299999999999
O301222,C101046,2024-01-09,India,764.23
O301223,C100179,2025-06-24,Japan,90.76
O301224,C100620,2025-06-04,United States,219.96
O301225,C100640,2025-01-30,Japan,233.57
O301226,C100182,2024-07-13,United Kingdom,1100.3700000000001
O301227,C100808,2024-08-04,Japan,557.28
O301228,C100141,2024-06-04,United States,532.79
O301229,C100547,2024-05-17,Brazil,208.90999999999997
O301230,C100396,2024-11-26,France,151.64000000000001
O301231,C100185,2025-07-05,India,893.28
O301232,C100986,2024-07-05,India,795.03
O301233,C100292,2025-03-24,India,1480.3300000000002
O301234,C100306,2025-01-14,Canada,708.5
O301235,C101025,2025-02-04,Australia,588.79
O301236,C101052,2024-03-11,India,766.2
O301237,C100041,2025-06-20,Brazil,2003.04
O301238,C100333,2024-04-03,Brazil,491.28000000000003
O301239,C100850,2024-03-05,Brazil,413.39
O301240,C100933,2025-03-01,Spain,447.73
O301241,C101199,2024-10-29,France,195.06
O301242,C100665,2025-02-24,Brazil,255.0
O301243,C100008,2025-08-27,Australia,427.86
O301244,C101048,2025-08-31,South Korea,294.34000000000003
O301245,C100193,2025-07-19,United States,611.6999999999999
O301246,C100144,2025-01-24,Canada,110.38
O301247,C100808,2024-03-22,Japan,989.95
O301248,C100724,2025-08-29,India,645.12
O301249,C100071,2024-02-24,Germany,621.96
O301250,C100203,2024-09-14,Germany,207.99
O301251,C100707,2025-07-12,Italy,205.85
O301252,C100306,2025-03-28,Canada,1230.43
O301253,C100820,2024-04-03,Spain,553.3900000000001
O301254,C100494,2025-04-05,Germany,619.4
O301255,C100705,2025-01-26,South Korea,1862.29
O301256,C100569,2024-07-26,United States,221.95000000000002
O301257,C100438,2024-06-12,United Kingdom,864.41
O301258,C100410,2024-09-11,Italy,187.34
O301259,C100836,2024-06-21,India,474.48
O301260,C100617,2024-11-29,Germany,544.9300000000001
O301261,C100713,2024-08-04,United States,220.45
O301262,C100692,2025-02-01,Germany,62.83
O301263,C100249,2025-03-27,Netherlands,1546.27
O301264,C101095,2024-01-24,Canada,688.76
O301265,C100675,2024-08-02,India,400.9
O301266,C100861,2024-01-03,Canada,100.26
O301267,C101058,2025-07-22,India,471.53999999999996
O301268,C101109,2025-04-20,India,1260.68
O301269,C100800,2024-08-09,United Kingdom,893.97
O301270,C100944,2024-08-03,United Kingdom,387.83
O301271,C100566,2024-09-29,Mexico,78.56
O301272,C100885,2024-11-12,United States,552.99
O301273,C100385,2024-09-15,South Korea,1243.13
O301274,C100854,2024-06-09,India,1008.34
O301275,C100103,2025-07-12,Japan,608.57
O301276,C101097,2024-02-05,Brazil,1112.99
O301277,C100293,2025-05-02,United States,734.76
O301278,C100787,2024-10-18,India,312.17
O301279,C100013,2024-04-07,Sweden,531.86
O301280,C100186,2024-09-28,Mexico,795.39
O301281,C101183,2025-09-05,United States,613.69
O301282,C101000,2024-01-10,South Korea,1002.33
O301283,C100266,2025-07-01,Japan,169.27
O301284,C100157,2024-11-27,South Korea,2197.15
O301285,C100977,2024-12-15,Mexico,420.53
O301286,C101188,2025-08-22,Japan,516.22
O301287,C100202,2024-11-20,Japan,454.54999999999995
O301288,C100796,2025-04-01,Canada,738.78
O301289,C100340,2025-01-13,India,511.67
O301290,C100893,2025-03-07,Brazil,1389.2
O301291,C100501,2024-11-28,India,563.0799999999999
O301292,C100150,2025-04-19,India,513.42
O301293,C100389,2024-11-08,Brazil,1595.5900000000001
O301294,C100646,2025-01-17,France,221.56
O301295,C100958,2024-01-12,Italy,938.3799999999999
O301296,C100025,2024-01-22,India,1759.56
O301297,C101149,2024-10-08,United Kingdom,579.76
O301298,C100779,2024-03-17,United Kingdom,1621.76
O301299,C101050,2024-05-20,India,618.8199999999999
O301300,C101116,2025-03-11,India,732.71
O301301,C100184,2024-08-23,Sweden,106.26
O301302,C100112,2025-04-11,Mexico,1189.51
O301303,C100932,2024-02-23,Germany,14.74
O301304,C100225,2024-06-05,United States,171.05
O301305,C100177,2024-07-22,United States,337.21
O301306,C100562,2024-03-06,Mexico,802.66
O301307,C101096,2024-03-19,United States,99.39
O301308,C100954,2025-01-31,India,952.14
O301309,C100621,2024-08-21,India,315.14
O301310,C100235,2024-10-17,Germany,293.02
O301311,C100403,2024-12-06,United States,421.04
O301312,C100826,2024-06-21,United States,879.33
O301313,C100188,2024-03-09,Brazil,88.55
O301314,C100629,2024-12-13,United States,37.36
O301315,C100014,2025-01-22,India,189.32
O301316,C100390,2025-02-19,France,495.33
O301317,C100297,2024-11-29,India,453.09000000000003
O301318,C100817,2024-07-14,Canada,298.01
O301319,C101096,2024-03-16,United States,575.74
O301320,C100175,2024-03-14,Japan,1047.1999999999998
O301321,C100956,2025-08-22,South Korea,274.24
O301322,C100787,2025-06-22,India,252.65
O301323,C101163,2024-03-21,United States,40.29
O301324,C101093,2025-07-05,Australia,17.81
O301325,C100120,2025-01-05,Canada,190.95
O301326,C100891,2024-02-16,Mexico,890.94
O301327,C100710,2025-07-18,India,572.79
O301328,C100135,2025-08-22,Spain,932.52
O301329,C100308,2025-05-12,India,186.78
O301330,C101112,2024-08-11,Sweden,827.4399999999999
O301331,C100651,2024-12-13,United States,1279.55
O301332,C100406,2024-04-07,South Korea,813.49
O301333,C100384,2024-01-16,United States,1001.45
O301334,C101005,2024-03-29,India,540.15
O301335,C100340,2024-07-15,India,700.76
O301336,C100190,2024-09-24,India,323.5
O301337,C100688,2024-01-14,United Kingdom,1113.13
O301338,C101191,2025-05-09,India,35.92
O301339,C100219,2025-02-08,India,118.11999999999999
O301340,C100306,2024-07-01,Canada,666.5999999999999
O301341,C100562,2024-01-22,Mexico,510.7
O301342,C100239,2025-08-30,Canada,1549.7199999999998
O301343,C100780,2024-09-11,United Kingdom,243.91000000000003
O301344,C100304,2024-12-15,Netherlands,130.98
O301345,C100153,2024-03-26,United Kingdom,588.75
O301346,C100313,2024-02-09,Sweden,1235.1000000000001
O301347,C101116,2024-09-17,India,406.44000000000005
O301348,C101121,2025-04-12,India,269.53
O301349,C100606,2024-08-20,France,390.48
O301350,C100480,2024-09-09,India,56.03
O301351,C100983,2024-07-26,India,93.89
O301352,C100233,2024-06-27,Spain,136.77
O301353,C100784,2024-11-29,Netherlands,242.73999999999998
O301354,C100816,2024-07-19,Canada,853.79
O301355,C100852,2024-09-11,Japan,276.73999999999995
O301356,C100261,2024-11-26,Australia,162.48
O301357,C100859,2024-10-28,India,65.06
O301358,C100734,2024-11-05,Netherlands,426.91999999999996
O301359,C101050,2024-08-09,India,338.82000000000005
O301360,C100209,2024-03-11,Sweden,667.8
O301361,C100736,2025-04-23,United States,708.74
O301362,C100995,2025-08-01,Spain,1655.8000000000002
O301363,C100333,2024-02-24,Brazil,338.15999999999997
O301364,C100892,2024-01-19,Italy,661.55
O301365,C100119,2025-01-05,Netherlands,100.74
O301366,C100861,2025-03-05,Canada,162.38
O301367,C100727,2024-10-12,Germany,1517.09
O301368,C100231,2024-02-08,Germany,654.38
O301369,C100079,2025-08-14,India,843.79
O301370,C100894,2025-03-02,United Kingdom,205.66
O301371,C100289,2024-09-13,Spain,68.66
O301372,C100596,2024-11-15,India,707.73
O301373,C100072,2025-04-08,Sweden,1012.76
O301374,C101156,2024-04-13,United States,690.1600000000001
O301375,C100658,2024-03-27,Canada,261.82
O301376,C101117,2024-04-11,France,253.64
O301377,C100192,2025-08-26,India,493.57000000000005
O301378,C100246,2024-10-16,India,264.32
O301379,C100732,2024-03-29,Canada,70.46000000000001
O301380,C100725,2024-10-14,Japan,27.509999999999998
O301381,C100949,2024-08-12,India,125.89000000000001
O301382,C101113,2024-11-22,Japan,1679.3700000000001
O301383,C100986,2025-01-05,India,449.6
O301384,C100168,2024-09-01,United States,296.83000000000004
O301385,C100371,2024-06-13,United States,2823.7299999999996
O301386,C101096,2024-06-10,United States,1089.8700000000001
O301387,C100658,2024-11-12,Canada,1227.67
O301388,C101040,2025-08-15,Australia,130.73
O301389,C100675,2024-11-17,India,495.64
O301390,C100059,2025-03-29,India,1211.99
O301391,C100567,2024-10-29,Canada,369.96999999999997
O301392,C100989,2024-09-06,United States,296.09999999999997
O301393,C100786,2024-08-12,Australia,687.99
O301394,C100159,2024-11-05,United Kingdom,79.56
O301395,C100252,2024-07-01,Japan,539.16
O301396,C101025,2024-12-19,Australia,54.269999999999996
O301397,C101175,2024-12-17,Canada,957.6300000000001
O301398,C100903,2025-07-17,United Kingdom,627.0
O301399,C100117,2025-01-26,United States,1102.88
O301400,C100743,2025-02-08,Germany,286.84000000000003
O301401,C100995,2024-10-08,Spain,1702.8200000000002
O301402,C100768,2024-01-05,United States,871.02
O301403,C100712,2024-09-21,Germany,96.0
O301404,C100560,2024-06-08,United States,952.74
O301405,C100293,2024-05-24,United States,241.52
O301406,C100336,2024-01-16,Netherlands,591.0799999999999
O301407,C100894,2024-11-24,United Kingdom,550.17
O301408,C100083,2024-09-16,United Kingdom,591.48
O301409,C100101,2024-05-03,India,1530.62
O301410,C100475,2024-12-09,India,853.5500000000001
O301411,C100929,2024-09-06,India,582.9499999999999
O301412,C100788,2024-08-14,Japan,1360.17
O301413,C100707,2024-06-10,Italy,617.76
O301414,C100640,2025-04-21,Japan,361.78
O301415,C100132,2025-02-02,United States,33.35
O301416,C100398,2025-01-12,Sweden,1073.08
O301417,C100095,2024-05-26,Canada,623.52
O301418,C100909,2024-12-06,Australia,183.72
O301419,C100901,2025-03-25,Netherlands,659.53
O301420,C100309,2024-11-27,India,244.95
O301421,C100351,2024-11-05,India,330.48
O301422,C100380,2025-02-28,Sweden,44.6
O301423,C101067,2024-12-20,India,44.01
O301424,C100586,2024-12-12,India,312.77
O301425,C100914,2025-05-09,Japan,198.74
O301426,C100538,2024-12-24,United States,491.81
O301427,C100837,2025-06-06,Canada,205.54000000000002
O301428,C100633,2024-11-18,Spain,47.06
O301429,C100334,2024-01-18,Brazil,2229.18
O301430,C101051,2025-03-23,India,1215.93
O301431,C100850,2025-07-27,Brazil,390.87
O301432,C100923,2024-06-27,Brazil,14.64
O301433,C101137,2024-01-03,India,55.51
O301434,C100298,2024-06-08,United States,2000.37
O301435,C100109,2025-08-22,United Kingdom,564.1600000000001
O301436,C100698,2024-05-31,Australia,176.14000000000001
O301437,C100391,2024-02-26,Australia,259.5
O301438,C100522,2024-07-06,Mexico,386.07
O301439,C100281,2025-02-20,France,497.89
O301440,C100478,2025-02-07,France,173.14
O301441,C100471,2024-05-02,France,23.29
O301442,C100420,2024-05-02,Japan,635.1700000000001
O301443,C100890,2024-06-28,United States,515.52
O301444,C100711,2024-06-04,South Korea,717.3900000000001
O301445,C100569,2024-08-18,United States,580.74
O301446,C100135,2025-07-12,Spain,1183.38
O301447,C100684,2025-05-30,South Korea,419.40000000000003
O301448,C100210,2024-01-13,United States,337.63
O301449,C100376,2024-10-31,United Kingdom,260.01
O301450,C100497,2025-06-08,Mexico,881.5699999999999
O301451,C100169,2025-01-21,France,868.46
O301452,C100467,2025-06-25,Spain,718.81
O301453,C100320,2025-06-17,United States,195.32
O301454,C101019,2025-08-12,United States,117.53
O301455,C101031,2024-04-28,Japan,642.96
O301456,C100005,2025-02-28,Brazil,926.3900000000001
O301457,C100722,2024-10-21,United States,76.3
O301458,C100768,2024-11-13,United States,1090.8500000000001
O301459,C100453,2025-04-25,United States,192.29000000000002
O301460,C100562,2025-04-26,Mexico,307.65
O301461,C100947,2024-03-21,Australia,457.75
O301462,C100453,2025-01-03,United States,926.23
O301463,C100077,2024-06-01,Canada,129.04000000000002
O301464,C100447,2024-01-07,Brazil,1650.6100000000001
O301465,C100304,2024-12-03,Netherlands,616.44
O301466,C100459,2025-03-07,Spain,936.4799999999999
O301467,C100276,2025-01-29,India,675.39
O301468,C100179,2024-09-20,Japan,163.44
O301469,C101182,2024-06-03,India,1987.78
O301470,C100154,2025-07-16,Spain,1277.59
O301471,C100847,2024-12-17,Canada,839.8199999999999
O301472,C100861,2024-04-26,Canada,408.31
O301473,C100741,2024-09-07,Mexico,92.55000000000001
O301474,C101093,2025-02-26,Australia,373.90999999999997
O301475,C100005,2024-06-04,Brazil,310.78
O301476,C100361,2024-06-07,United Kingdom,250.66
O301477,C100221,2024-07-08,Germany,560.1899999999999
O301478,C100692,2024-07-19,Germany,292.44
O301479,C100762,2024-12-28,France,220.44
O301480,C101077,2024-11-01,United Kingdom,251.09
O301481,C100455,2025-03-04,Spain,947.5699999999999
O301482,C100283,2024-04-23,United Kingdom,656.31
O301483,C101109,2024-12-21,India,1114.0
O301484,C100807,2025-04-27,United States,679.8399999999999
O301485,C100917,2025-03-27,Netherlands,33.45
O301486,C100533,2025-05-27,Australia,258.28
O301487,C100536,2025-06-20,United Kingdom,165.46
O301488,C100466,2024-01-24,India,986.88
O301489,C100899,2024-02-25,Italy,1388.3999999999999
O301490,C100252,2025-04-04,Japan,853.32
O301491,C101170,2025-07-06,Germany,115.47
O301492,C100211,2024-04-26,United States,865.07
O301493,C100553,2025-08-26,United States,184.22
O301494,C100377,2024-02-02,India,642.1800000000001
O301495,C100771,2024-10-11,Netherlands,708.29
O301496,C100816,2024-11-26,Canada,882.11
O301497,C101102,2024-01-24,India,153.89999999999998
O301498,C100947,2025-08-14,Australia,237.86
O301499,C100298,2024-10-04,United States,135.23
O301500,C100247,2024-01-18,Spain,367.46000000000004
O301501,C101063,2024-02-22,India,1101.25
O301502,C100585,2024-02-06,Mexico,926.9399999999999
O301503,C100117,2024-08-08,United States,816.01
O301504,C100989,2024-05-13,United States,114.13
O301505,C100778,2024-02-17,France,745.24
O301506,C100030,2024-11-23,South Korea,444.81
O301507,C100939,2024-04-01,United Kingdom,554.48
O301508,C100728,2024-10-11,India,910.4
O301509,C100737,2024-12-21,Germany,650.35
O301510,C101037,2024-08-06,South Korea,1114.53
O301511,C100594,2024-08-06,Japan,1844.3300000000002
O301512,C100553,2024-08-26,United States,1634.17
O301513,C100740,2025-02-07,United States,912.9
O301514,C100237,2024-08-18,Sweden,591.79
O301515,C100181,2025-01-11,South Korea,468.6
O301516,C101012,2024-04-06,Brazil,501.53
O301517,C100258,2024-08-09,India,1304.3899999999999
O301518,C100605,2025-02-28,United States,707.01
O301519,C100323,2024-09-07,Canada,874.87
O301520,C100276,2025-04-21,India,174.09
O301521,C100717,2025-08-22,United States,380.41999999999996
O301522,C100962,2025-05-12,Japan,336.63
O301523,C100530,2025-07-20,Sweden,218.52
O301524,C100166,2025-06-04,United States,300.87
O301525,C100293,2025-05-10,United States,120.22999999999999
O301526,C100197,2024-02-18,United States,1564.92
O301527,C101059,2024-04-28,United States,853.19
O301528,C100383,2024-05-13,United Kingdom,826.28
O301529,C100448,2024-01-03,Japan,1414.43
O301530,C100085,2024-02-16,India,1118.34
O301531,C100535,2024-12-03,India,713.1500000000001
O301532,C101096,2025-01-14,United States,890.7
O301533,C100491,2025-04-16,Italy,306.68
O301534,C100781,2024-05-19,United States,166.32
O301535,C100218,2025-08-15,France,128.47
O301536,C100171,2024-04-12,Germany,725.24
O301537,C100877,2024-05-07,Sweden,119.4
O301538,C100078,2024-11-10,United States,733.9100000000001
O301539,C100538,2025-07-22,United States,304.25
O301540,C100380,2025-08-13,Sweden,875.06
O301541,C100019,2025-02-03,United States,401.72
O301542,C100637,2024-01-21,United Kingdom,261.65
O301543,C101156,2024-02-05,United States,1509.39
O301544,C100082,2024-08-17,United States,344.20000000000005
O301545,C100978,2024-08-09,Sweden,745.1600000000001
O301546,C100647,2024-07-15,India,317.42
O301547,C100868,2024-06-20,Australia,560.07
O301548,C100115,2025-02-24,United States,290.95
O301549,C101042,2024-03-28,United Kingdom,264.94
O301550,C100013,2025-05-10,Sweden,359.71999999999997
O301551,C101088,2025-05-16,Germany,561.51
O301552,C100789,2024-02-23,United States,527.02
O301553,C100404,2024-05-06,France,423.94000000000005
O301554,C100008,2024-04-05,Australia,211.32
O301555,C100733,2024-05-31,Netherlands,572.4
O301556,C100104,2025-04-19,India,1508.77
O301557,C100730,2024-11-06,Brazil,690.91
O301558,C100927,2025-08-06,United Kingdom,478.61
O301559,C100320,2024-03-30,United States,9.18
O301560,C100286,2025-06-29,India,45.98
O301561,C100266,2025-01-02,Japan,324.45000000000005
O301562,C100269,2025-04-12,India,171.35999999999999
O301563,C100136,2025-02-06,India,318.85
O301564,C100299,2025-07-30,Canada,368.03000000000003
O301565,C100791,2025-05-16,Mexico,453.1
O301566,C100363,2025-08-01,United States,858.05
O301567,C100937,2024-03-15,Australia,572.31
O301568,C100983,2024-07-25,India,1522.79
O301569,C100913,2025-02-08,Australia,715.49
O301570,C100647,2025-08-02,India,353.88
O301571,C100379,2025-08-01,United States,921.83
O301572,C101115,2024-06-18,Brazil,386.24000000000007
O301573,C100246,2024-01-13,India,249.2
O301574,C100557,2025-03-03,United States,31.38
O301575,C100544,2024-09-03,India,1481.24
O301576,C100894,2025-05-26,United Kingdom,381.87
O301577,C100656,2024-12-05,Australia,452.36
O301578,C100959,2025-03-14,Japan,793.4200000000001
O301579,C101102,2024-12-23,India,526.3299999999999
O301580,C100468,2024-05-26,United States,1517.6000000000001
O301581,C101049,2024-12-18,Brazil,338.49
O301582,C100203,2024-06-17,Germany,1558.71
O301583,C101099,2025-07-31,Australia,493.61
O301584,C100213,2024-10-23,Germany,225.79000000000002
O301585,C101020,2024-07-21,India,166.53000000000003
O301586,C100468,2025-08-08,United States,377.63
O301587,C101157,2024-03-28,Sweden,1101.81
O301588,C100155,2024-12-10,India,418.91
O301589,C100558,2025-06-11,United Kingdom,504.70000000000005
O301590,C101082,2025-07-26,Australia,511.35
O301591,C100056,2024-02-20,Japan,17.45
O301592,C100318,2024-12-28,India,223.14
O301593,C100100,2025-05-26,India,427.13
O301594,C100385,2025-02-18,South Korea,59.67
O301595,C100468,2025-03-11,United States,946.81
O301596,C100742,2024-10-27,United Kingdom,1167.27
O301597,C100309,2025-02-25,India,376.56
O301598,C100190,2025-08-02,India,478.78000000000003
O301599,C100203,2025-07-07,Germany,594.27
O301600,C101126,2024-01-21,India,1399.3899999999999
O301601,C101143,2024-12-17,Netherlands,545.1
O301602,C100265,2024-02-29,Japan,146.35
O301603,C100234,2025-01-28,Australia,628.15
O301604,C100065,2025-01-18,Australia,120.26
O301605,C101151,2025-04-05,India,672.86
O301606,C100847,2024-01-23,Canada,396.5
O301607,C100913,2024-03-22,Australia,783.45
O301608,C100348,2024-06-08,Japan,881.4899999999999
O301609,C100769,2025-08-20,India,371.53999999999996
O301610,C100071,2025-08-15,Germany,866.2100000000002
O301611,C100811,2024-05-18,Sweden,15.96
O301612,C100695,2024-03-01,India,465.61
O301613,C100397,2024-10-24,United States,548.9300000000001
O301614,C100852,2024-11-11,Japan,317.82
O301615,C100775,2025-08-18,United States,875.6800000000001
O301616,C100526,2024-07-12,Canada,1202.17
O301617,C100224,2024-02-16,Mexico,1021.16
O301618,C100028,2025-06-26,Germany,926.6600000000001
O301619,C101125,2025-08-01,United States,778.62
O301620,C100337,2024-03-29,United States,171.98000000000002
O301621,C100362,2024-07-25,United States,290.58
O301622,C100817,2024-09-25,Canada,606.99
O301623,C100306,2024-02-02,Canada,194.55
O301624,C100450,2025-05-22,Italy,266.85
O301625,C100853,2024-11-18,Netherlands,295.63
O301626,C100714,2025-03-23,United States,842.13
O301627,C100787,2024-04-19,India,100.92
O301628,C100005,2024-05-17,Brazil,1120.71
O301629,C100541,2025-03-01,Brazil,211.38
O301630,C100570,2025-08-02,India,1227.58
O301631,C100758,2025-05-26,Spain,1041.02
O301632,C100181,2024-12-04,South Korea,693.52
O301633,C100191,2024-04-12,India,153.82
O301634,C100914,2025-03-19,Japan,1052.51
O301635,C100807,2024-05-17,United States,208.29999999999998
O301636,C100973,2024-12-20,Mexico,784.99
O301637,C100324,2024-08-13,United States,1011.98
O301638,C101197,2024-08-17,India,717.9
O301639,C100327,2025-06-23,Mexico,268.35
O301640,C100781,2024-04-28,United States,397.97
O301641,C100194,2024-09-08,United States,766.9
O301642,C101102,2024-09-12,India,910.43
O301643,C100398,2025-08-16,Sweden,419.03
O301644,C100962,2024-09-25,Japan,92.71000000000001
O301645,C100397,2024-01-11,United States,1312.58
O301646,C100949,2025-05-02,India,1878.7799999999997
O301647,C100545,2024-02-10,India,766.6700000000001
O301648,C100074,2024-09-13,Germany,193.76
O301649,C100228,2024-09-23,Japan,965.9
O301650,C100820,2025-04-13,Spain,184.75
O301651,C100231,2024-06-30,Germany,701.59
O301652,C100330,2024-06-06,India,680.46
O301653,C100650,2025-04-04,United States,1343.77
O301654,C100303,2025-01-03,United Kingdom,136.71
O301655,C100154,2025-08-21,Spain,1109.67
O301656,C100749,2024-05-10,United States,552.6800000000001
O301657,C100826,2024-12-31,United States,115.17999999999999
O301658,C100879,2024-11-08,United Kingdom,999.0599999999998
O301659,C101132,2024-07-11,Australia,675.3199999999999
O301660,C100149,2025-08-15,Mexico,685.18
O301661,C100512,2024-06-08,France,124.87
O301662,C100280,2024-07-28,India,878.46
O301663,C101081,2024-07-05,Mexico,447.37
O301664,C100647,2024-05-15,India,489.83000000000004
O301665,C100117,2024-12-04,United States,308.76
O301666,C100830,2025-05-23,South Korea,2495.12
O301667,C100051,2025-08-10,Japan,515.03
O301668,C100329,2024-04-26,Australia,47.72
O301669,C100865,2024-11-24,Italy,409.67999999999995
O301670,C100607,2024-05-26,Canada,229.7
O301671,C100913,2024-12-14,Australia,1411.76
O301672,C100685,2025-08-08,South Korea,1851.05
O301673,C101011,2025-04-04,Brazil,727.78
O301674,C100675,2024-11-21,India,222.81
O301675,C100068,2024-08-31,India,812.65
O301676,C100085,2024-10-29,India,737.03
O301677,C100932,2025-01-14,Germany,524.76
O301678,C100046,2025-08-22,United States,150.57999999999998
O301679,C100451,2025-06-01,United States,1002.51
O301680,C100019,2025-05-29,United States,365.91999999999996
O301681,C100364,2025-07-04,Netherlands,1980.37
O301682,C100714,2024-10-05,United States,1215.62
O301683,C100207,2024-10-04,United States,452.51000000000005
O301684,C100559,2024-04-02,Brazil,125.5
O301685,C101195,2025-08-20,India,1838.1599999999999
O301686,C100084,2025-07-06,France,236.12
O301687,C100076,2024-07-01,South Korea,138.07999999999998
O301688,C100325,2024-06-24,India,126.1
O301689,C100992,2025-08-08,Netherlands,599.44
O301690,C100486,2025-04-04,Brazil,437.15
O301691,C100767,2025-02-10,United States,805.57
O301692,C100040,2024-02-18,Australia,933.64
O301693,C100882,2024-02-08,Germany,238.14000000000001
O301694,C100080,2024-03-16,United States,97.9
O301695,C100854,2024-09-09,India,295.8
O301696,C100177,2025-07-31,United States,1270.41
O301697,C101030,2025-04-22,United Kingdom,903.73
O301698,C100355,2024-09-08,Japan,135.07
O301699,C100220,2024-03-24,United States,385.04
O301700,C100404,2024-01-14,France,1489.2
O301701,C100000,2025-08-01,United Kingdom,390.84000000000003
O301702,C100198,2024-11-25,Australia,409.68
O301703,C100718,2024-05-07,Australia,70.04
O301704,C100360,2024-01-05,Canada,982.4499999999999
O301705,C100424,2024-03-08,Italy,638.78
O301706,C100968,2024-12-20,United Kingdom,913.89
O301707,C100148,2025-02-11,Brazil,491.1700000000001
O301708,C100475,2024-04-17,India,125.71
O301709,C100223,2025-08-28,Italy,275.04
O301710,C100579,2024-08-06,India,681.5
O301711,C100398,2024-04-12,Sweden,1750.6799999999998
O301712,C100055,2024-11-01,India,53.36
O301713,C100084,2024-08-26,France,380.36
O301714,C101022,2024-03-20,Brazil,857.6800000000001
O301715,C100068,2024-03-25,India,809.51
O301716,C100939,2024-02-12,United Kingdom,545.09
O301717,C101099,2025-02-22,Australia,1644.4699999999998
O301718,C100558,2025-01-02,United Kingdom,273.42
O301719,C100374,2024-05-31,India,420.77
O301720,C100931,2024-11-02,United States,43.25
O301721,C101178,2024-09-12,India,540.87
O301722,C100144,2025-07-26,Canada,240.0
O301723,C101157,2025-08-19,Sweden,27.3
O301724,C101132,2024-04-28,Australia,22.13
O301725,C100171,2025-06-08,Germany,721.9
O301726,C100065,2024-10-23,Australia,278.37
O301727,C100857,2025-03-12,United Kingdom,2043.6299999999999
O301728,C100093,2025-03-18,India,218.28
O301729,C100720,2025-05-31,Canada,1083.75
O301730,C100077,2024-09-14,Canada,1184.98
O301731,C100828,2025-04-26,Brazil,742.98
O301732,C100278,2024-07-14,France,711.01
O301733,C100115,2024-03-08,United States,118.15
O301734,C100079,2024-11-01,India,63.56999999999999
O301735,C100226,2024-09-01,Germany,198.84
O301736,C100648,2025-03-23,Japan,21.86
O301737,C100091,2024-06-01,Japan,746.38
O301738,C100962,2024-03-08,Japan,644.9399999999999
O301739,C100724,2024-10-06,India,646.26
O301740,C100356,2025-04-27,Brazil,2360.5
O301741,C101183,2024-09-09,United States,1044.51
O301742,C100790,2025-07-25,South Korea,156.65
O301743,C100806,2024-01-02,Netherlands,405.13
O301744,C100208,2025-07-26,Canada,176.55
O301745,C100852,2024-05-17,Japan,436.27
O301746,C100671,2024-10-03,India,643.7099999999999
O301747,C101181,2025-02-25,Brazil,1710.06
O301748,C100573,2024-03-01,Australia,433.93
O301749,C100813,2025-08-13,Netherlands,568.02
O301750,C100409,2024-07-15,United Kingdom,623.77
O301751,C100048,2024-01-19,Spain,339.21
O301752,C100153,2024-08-07,United Kingdom,707.78
O301753,C101040,2025-07-13,Australia,341.39
O301754,C100885,2025-08-14,United States,2525.39
O301755,C100437,2024-01-26,India,392.25
O301756,C100837,2025-04-18,Canada,72.53
O301757,C100005,2025-07-27,Brazil,877.7
O301758,C100044,2025-03-01,France,70.16
O301759,C100608,2025-04-14,India,258.69
O301760,C100749,2024-10-16,United States,415.69
O301761,C101124,2025-08-07,Canada,1749.88
O301762,C100911,2024-02-18,India,136.32999999999998
O301763,C100308,2024-06-22,India,189.64
O301764,C100978,2025-02-21,Sweden,278.77
O301765,C100589,2024-02-28,Italy,585.95
O301766,C100991,2024-08-31,United States,171.45
O301767,C100208,2024-05-09,Canada,168.17000000000002
O301768,C100031,2024-12-11,Mexico,252.67
O301769,C100069,2024-05-08,India,640.35
O301770,C101189,2024-11-08,United States,575.87
O301771,C100096,2024-01-15,Australia,115.86
O301772,C101127,2024-09-06,Japan,1178.1499999999999
O301773,C100872,2025-06-21,United States,525.6500000000001
O301774,C100175,2024-11-14,Japan,1512.97
O301775,C101036,2024-11-15,India,782.4
O301776,C100173,2025-06-29,Mexico,61.42
O301777,C100171,2025-03-03,Germany,959.4200000000001
O301778,C100690,2025-07-02,United Kingdom,336.58000000000004
O301779,C100345,2025-07-04,India,122.19
O301780,C100348,2025-08-20,Japan,850.01
O301781,C100234,2024-11-27,Australia,1687.99
O301782,C100729,2024-09-10,United States,271.16999999999996
O301783,C100032,2024-11-30,United States,1317.71
O301784,C100294,2024-11-26,Australia,65.18
O301785,C100664,2024-12-17,Germany,7.94
O301786,C100583,2025-02-09,United States,545.47
O301787,C100839,2024-11-01,Sweden,191.64000000000001
O301788,C100259,2025-05-26,Canada,576.55
O301789,C100777,2024-07-09,Japan,262.56
O301790,C100911,2024-07-08,India,121.88
O301791,C100465,2024-12-20,Sweden,1433.1399999999999
O301792,C100308,2024-08-10,India,408.94
O301793,C100666,2024-10-04,United States,256.27
O301794,C100694,2024-01-03,India,1067.1100000000001
O301795,C100112,2024-11-24,Mexico,907.59
O301796,C100678,2025-06-22,Japan,483.15
O301797,C100185,2025-04-29,India,43.19
O301798,C100682,2025-02-16,United Kingdom,269.66
O301799,C101118,2024-12-24,Italy,565.42
O301800,C100644,2024-06-30,India,651.47
O301801,C100913,2024-04-25,Australia,952.8
O301802,C100371,2025-02-20,United States,782.9100000000001
O301803,C101107,2025-02-18,India,831.65
O301804,C100975,2024-08-06,India,189.96
O301805,C101100,2025-01-24,South Korea,879.0899999999999
O301806,C100889,2024-06-27,United Kingdom,554.06
O301807,C100779,2025-05-19,United Kingdom,468.96999999999997
O301808,C100630,2024-04-19,India,2416.49
O301809,C101113,2024-07-22,Japan,189.67000000000002
O301810,C101017,2024-11-16,Germany,515.86
O301811,C100500,2025-02-03,United States,462.34000000000003
O301812,C100102,2024-11-18,United States,142.53
O301813,C100004,2024-12-20,Netherlands,20.48
O301814,C100280,2024-10-02,India,1285.53
O301815,C100075,2025-06-21,India,924.6800000000001
O301816,C100253,2025-01-31,South Korea,280.38
O301817,C100131,2025-04-22,United States,246.89
O301818,C101177,2024-09-05,United Kingdom,120.78
O301819,C100114,2025-07-24,Brazil,949.6800000000001
O301820,C100752,2024-01-06,India,191.7
O301821,C100422,2024-07-19,Sweden,368.53999999999996
O301822,C100209,2024-03-18,Sweden,1153.7099999999998
O301823,C100841,2024-09-27,United States,619.72
O301824,C101164,2024-07-19,United States,101.94
O301825,C100948,2025-04-27,India,222.06
O301826,C101170,2024-06-12,Germany,814.89
O301827,C100708,2025-08-22,United States,195.54000000000002
O301828,C100808,2024-07-11,Japan,1142.47
O301829,C100175,2025-08-02,Japan,143.76999999999998
O301830,C101022,2024-01-21,Brazil,40.72
O301831,C100897,2025-07-13,France,44.47
O301832,C100304,2024-05-16,Netherlands,1034.56
O301833,C100425,2025-02-01,India,1231.92
O301834,C100733,2024-01-29,Netherlands,577.41
O301835,C100015,2024-11-02,Australia,549.08
O301836,C100981,2024-05-19,India,241.3
O301837,C100336,2025-05-09,Netherlands,395.26
O301838,C100089,2024-04-04,Canada,795.6
O301839,C100396,2024-06-21,France,22.42
O301840,C101002,2024-10-04,Spain,809.48
O301841,C100329,2024-09-30,Australia,157.44
O301842,C100647,2024-03-04,India,1239.3999999999999
O301843,C100974,2024-01-12,United States,1741.54
O301844,C100040,2025-04-24,Australia,666.51
O301845,C100911,2024-12-01,India,776.7900000000001
O301846,C100346,2025-04-13,Australia,423.96
O301847,C100834,2024-02-08,India,1820.98
O301848,C100225,2024-07-26,United States,679.96
O301849,C100166,2024-05-06,United States,118.57
O301850,C100945,2025-06-30,India,460.53999999999996
O301851,C100969,2025-01-03,Canada,2467.25
O301852,C101177,2024-03-28,United Kingdom,339.15999999999997
O301853,C100812,2025-07-12,Mexico,236.77
O301854,C100559,2024-01-12,Brazil,291.18
O301855,C100233,2025-06-20,Spain,146.45
O301856,C100354,2024-12-29,Netherlands,579.66
O301857,C100777,2024-12-12,Japan,470.21999999999997
O301858,C100415,2024-07-20,United States,249.32999999999998
O301859,C100580,2024-06-24,Australia,1019.23
O301860,C100201,2024-12-14,India,98.53
O301861,C100527,2024-08-27,Spain,196.26
O301862,C100285,2025-09-05,India,1396.33
O301863,C100134,2024-12-01,United States,889.1200000000001
O301864,C100158,2025-03-24,United States,418.59000000000003
O301865,C100621,2025-08-15,India,446.26
O301866,C100439,2024-02-02,United States,154.35
O301867,C100119,2025-05-22,Netherlands,247.37
O301868,C100617,2025-08-02,Germany,84.92
O301869,C100197,2025-04-01,United States,611.9399999999999
O301870,C100018,2024-09-16,United States,170.38
O301871,C100159,2024-01-24,United Kingdom,597.77
O301872,C100538,2024-01-12,United States,69.53
O301873,C101144,2025-03-28,Australia,602.94
O301874,C100290,2024-05-31,India,494.02
O301875,C100341,2025-07-31,Mexico,69.56
O301876,C100291,2024-12-14,Netherlands,253.68
O301877,C100426,2024-01-05,Netherlands,24.57
O301878,C100860,2024-11-17,Brazil,1362.96
O301879,C100386,2024-11-03,India,369.46
O301880,C100789,2024-07-23,United States,243.70999999999998
O301881,C101077,2025-01-05,United Kingdom,144.20999999999998
O301882,C101135,2024-05-17,Australia,242.46
O301883,C100675,2025-04-27,India,159.89
O301884,C100855,2025-06-15,United States,533.14
O301885,C101102,2025-03-24,India,381.59999999999997
O301886,C100944,2025-06-30,United Kingdom,409.59000000000003
O301887,C100359,2024-07-04,Canada,40.09
O301888,C100158,2024-12-02,United States,275.96000000000004
O301889,C100137,2024-09-10,India,340.34
O301890,C101058,2025-05-19,India,643.44
O301891,C100667,2025-02-26,Sweden,639.59
O301892,C100355,2025-03-14,Japan,335.68
O301893,C100414,2025-07-28,India,676.18
O301894,C100338,2024-05-10,Japan,191.24
O301895,C100962,2024-11-13,Japan,29.049999999999997
O301896,C100734,2025-01-13,Netherlands,855.99
O301897,C101055,2024-03-07,India,343.83000000000004
O301898,C100362,2024-08-09,United States,329.71000000000004
O301899,C100567,2024-11-22,Canada,451.7
O301900,C100146,2025-05-31,India,1220.31
O301901,C101165,2024-12-26,United States,204.10000000000002
O301902,C100614,2024-10-25,India,548.21
O301903,C100663,2024-08-22,Netherlands,232.7
O301904,C100496,2025-06-20,India,432.7
O301905,C100325,2024-07-12,India,37.47
O301906,C101138,2025-04-15,Canada,1213.4299999999998
O301907,C100586,2024-02-07,India,151.23
O301908,C100809,2024-09-06,Australia,741.38
O301909,C100044,2024-05-02,France,45.24
O301910,C100331,2024-07-01,India,411.33
O301911,C100964,2025-08-11,Brazil,96.02
O301912,C100105,2024-05-15,Germany,1583.7099999999998
O301913,C100121,2025-06-12,United Kingdom,285.14
O301914,C100971,2024-04-08,Germany,110.64
O301915,C100370,2025-03-07,India,421.56
O301916,C100328,2025-01-31,Germany,820.55
O301917,C100678,2025-08-04,Japan,309.69
O301918,C100233,2025-01-21,Spain,446.14
O301919,C100051,2025-05-23,Japan,2792.45
O301920,C100005,2024-04-18,Brazil,515.38
O301921,C100095,2024-04-19,Canada,259.59000000000003
O301922,C100190,2025-01-01,India,280.56
O301923,C100835,2025-02-28,Sweden,122.82
O301924,C100357,2024-07-27,Canada,123.22
O301925,C100086,2024-06-04,India,613.07
O301926,C100017,2024-09-07,India,104.46
O301927,C100572,2024-07-21,India,15.46
O301928,C101008,2024-10-08,United Kingdom,72.57
O301929,C100406,2024-03-06,South Korea,278.27
O301930,C100076,2025-03-29,South Korea,36.9
O301931,C100273,2024-08-30,India,765.2800000000001
O301932,C100599,2024-03-20,Australia,329.04
O301933,C100226,2024-06-28,Germany,1808.99
O301934,C101174,2024-04-26,France,447.28999999999996
O301935,C100916,2024-07-13,United States,410.88
O301936,C100413,2024-03-20,Netherlands,851.3
O301937,C101141,2024-05-30,India,122.43
O301938,C100390,2024-07-02,France,513.0
O301939,C100168,2024-07-14,United States,757.85
O301940,C101125,2024-07-29,United States,1670.2
O301941,C101151,2024-10-26,India,278.01
O301942,C100375,2024-07-13,France,23.8
O301943,C100713,2024-06-14,United States,210.61
O301944,C100207,2025-06-03,United States,387.65999999999997
O301945,C100769,2024-02-16,India,1460.4699999999998
O301946,C100828,2024-10-27,Brazil,580.64
O301947,C100851,2025-02-23,France,1025.65
O301948,C100682,2024-02-21,United Kingdom,96.91
O301949,C100844,2024-02-10,India,233.32
O301950,C100666,2024-10-04,United States,392.24
O301951,C100983,2024-04-21,India,51.32
O301952,C100215,2024-01-22,Japan,700.93
O301953,C100580,2025-04-18,Australia,19.46
O301954,C100499,2025-02-14,United States,924.4000000000001
O301955,C100640,2025-02-26,Japan,275.06
O301956,C100170,2025-01-11,India,99.04
O301957,C100388,2025-04-18,India,921.73
O301958,C101144,2025-03-23,Australia,1353.6399999999999
O301959,C100126,2024-03-18,India,950.13
O301960,C100762,2024-04-11,France,207.33
O301961,C100797,2024-01-20,South Korea,2312.91
O301962,C100569,2024-12-13,United States,3278.41
O301963,C100040,2024-03-04,Australia,947.23
O301964,C100041,2025-05-02,Brazil,692.9
O301965,C100330,2024-10-11,India,522.19
O301966,C100123,2024-08-09,Netherlands,208.26
O301967,C100113,2024-09-15,Japan,537.2
O301968,C100192,2024-06-17,India,798.3100000000001
O301969,C100228,2025-03-01,Japan,72.06
O301970,C101006,2024-08-02,Netherlands,897.31
O301971,C100766,2024-12-07,India,601.4000000000001
O301972,C100036,2025-01-10,Spain,302.22
O301973,C100754,2025-03-13,Japan,879.27
O301974,C100164,2024-03-01,South Korea,104.67
O301975,C100505,2025-03-14,Brazil,511.77
O301976,C100045,2024-08-16,Japan,425.94
O301977,C100108,2024-04-28,United Kingdom,104.46
O301978,C100159,2025-08-28,United Kingdom,669.26
O301979,C100520,2024-01-25,Italy,731.74
O301980,C100555,2025-05-25,United States,116.32
O301981,C100423,2025-03-19,Canada,761.05
O301982,C100744,2024-09-25,Sweden,653.63
O301983,C100864,2025-07-18,Italy,215.52
O301984,C100874,2025-08-02,Canada,2668.8900000000003
O301985,C100694,2024-08-09,India,93.75
O301986,C100654,2024-12-25,United States,435.48
O301987,C100589,2024-08-18,Italy,743.63
O301988,C100285,2025-04-04,India,3154.1
O301989,C100584,2024-11-23,United States,158.55
O301990,C100012,2024-09-03,Sweden,340.45
O301991,C101159,2024-01-06,South Korea,695.23
O301992,C100444,2025-03-21,United States,423.2
O301993,C100907,2025-03-17,United Kingdom,76.38
O301994,C101148,2025-02-28,United Kingdom,1721.91
O301995,C100596,2025-02-26,India,461.07000000000005
O301996,C101034,2025-04-27,Sweden,77.7
O301997,C100575,2024-11-28,Australia,343.56
O301998,C100158,2024-05-10,United States,1429.6599999999999
O301999,C100031,2025-05-19,Mexico,312.26
O302000,C100162,2024-05-03,United States,2804.81
O302001,C101131,2024-06-13,United States,266.94
O302002,C100570,2024-05-12,India,380.71000000000004
O302003,C100383,2024-05-03,United Kingdom,406.35
O302004,C100535,2025-05-10,India,303.74
O302005,C100307,2024-06-13,United States,277.29
O302006,C101044,2025-03-28,United States,2588.88
O302007,C101199,2024-09-13,France,113.16
O302008,C100101,2024-03-01,India,907.1700000000001
O302009,C100862,2024-12-08,United States,735.9
O302010,C100402,2025-08-12,United States,230.96999999999997
O302011,C100056,2024-02-19,Japan,68.44
O302012,C101106,2025-02-15,United States,512.56
O302013,C100074,2024-04-02,Germany,1104.05
O302014,C100247,2025-05-01,Spain,245.38
O302015,C100030,2024-06-29,South Korea,218.69
O302016,C100565,2024-12-28,Japan,1745.38
O302017,C100719,2024-10-18,Mexico,28.11
O302018,C100384,2025-03-18,United States,2277.9
O302019,C100085,2024-02-20,India,739.29
O302020,C100139,2025-02-05,India,122.03
O302021,C101120,2025-05-03,United States,9.22
O302022,C100967,2025-06-23,United States,752.08
O302023,C101124,2024-12-04,Canada,2255.19
O302024,C100636,2025-03-29,India,470.66999999999996
O302025,C100655,2024-12-23,Mexico,87.42
O302026,C100943,2024-04-08,United States,223.41
O302027,C100739,2024-04-19,India,238.29000000000002
O302028,C100523,2025-08-15,United States,293.67999999999995
O302029,C100350,2024-05-09,Canada,221.41
O302030,C100582,2025-04-23,United States,1204.66
O302031,C100076,2024-01-15,South Korea,701.89
O302032,C100230,2025-07-18,France,513.19
O302033,C100884,2025-06-20,France,581.15
O302034,C101041,2024-01-04,United States,382.07
O302035,C100122,2025-08-09,United States,747.65
O302036,C100116,2024-11-14,Germany,260.93
O302037,C100102,2025-06-09,United States,823.97
O302038,C100949,2024-02-05,India,1032.42
O302039,C100373,2024-08-21,South Korea,267.28
O302040,C100392,2025-04-03,Brazil,251.27
O302041,C100014,2025-03-25,India,466.83000000000004
O302042,C101167,2024-01-30,United States,359.21000000000004
O302043,C100520,2025-03-15,Italy,397.69
O302044,C100956,2025-03-21,South Korea,1001.97
O302045,C100849,2025-08-01,India,1483.83
O302046,C100170,2024-11-30,India,311.76
O302047,C100961,2024-03-01,France,1184.46
O302048,C100660,2024-12-11,United States,452.57
O302049,C100725,2025-01-29,Japan,641.26
O302050,C100240,2024-01-12,United States,232.68
O302051,C101016,2024-04-19,United States,7.63
O302052,C101118,2025-06-30,Italy,302.46
O302053,C100487,2024-12-30,Brazil,1152.3
O302054,C100110,2024-05-15,Sweden,808.97
O302055,C101018,2024-12-26,Sweden,385.12
O302056,C101064,2024-04-26,South Korea,477.94000000000005
O302057,C100607,2024-04-01,Canada,1217.73
O302058,C100694,2024-08-25,India,252.22
O302059,C100267,2024-11-29,Brazil,1040.68
O302060,C100080,2025-08-10,United States,20.82
O302061,C101132,2024-06-03,Australia,1128.21
O302062,C100579,2025-04-26,India,449.73
O302063,C100329,2024-08-23,Australia,56.6
O302064,C100831,2024-01-15,France,719.67
O302065,C100031,2024-02-16,Mexico,764.94
O302066,C100095,2025-05-26,Canada,305.5
O302067,C100291,2024-09-04,Netherlands,928.27
O302068,C100540,2025-04-10,India,352.89
O302069,C100440,2024-11-29,United States,754.08
O302070,C100224,2025-04-16,Mexico,186.18
O302071,C100421,2025-08-18,Australia,786.35
O302072,C100400,2025-06-19,United States,766.6300000000001
O302073,C100629,2024-07-27,United States,1751.28
O302074,C100675,2024-10-25,India,1745.94
O302075,C101059,2024-03-13,United States,1083.14
O302076,C100968,2024-01-16,United Kingdom,469.63
O302077,C100350,2025-03-06,Canada,398.46
O302078,C101083,2024-01-30,India,176.41
O302079,C100624,2024-11-20,United States,748.03
O302080,C100225,2024-01-22,United States,485.33
O302081,C100408,2024-05-12,Australia,360.89
O302082,C100890,2024-05-31,United States,1264.0700000000002
O302083,C100986,2024-12-11,India,179.64000000000001
O302084,C100448,2024-05-25,Japan,1230.43
O302085,C100189,2024-02-21,France,69.80000000000001
O302086,C100230,2024-04-24,France,66.32
O302087,C100124,2025-02-28,United States,391.76
O302088,C100838,2024-07-30,South Korea,685.52
O302089,C100603,2024-09-04,Australia,1275.0900000000001
O302090,C100541,2025-03-04,Brazil,1655.94
O302091,C100806,2024-05-22,Netherlands,108.32000000000001
O302092,C100994,2024-06-11,Mexico,461.96000000000004
O302093,C100954,2025-01-12,India,904.5999999999999
O302094,C100164,2025-08-13,South Korea,57.32
O302095,C100707,2024-06-09,Italy,726.17
O302096,C101059,2024-04-29,United States,90.25
O302097,C100928,2025-06-12,United States,474.6
O302098,C100395,2025-02-14,United Kingdom,569.49
O302099,C100471,2025-03-31,France,641.6
O302100,C101068,2025-02-19,United States,344.44
O302101,C100039,2024-09-25,Japan,48.63
O302102,C100630,2025-03-16,India,950.08
O302103,C100139,2025-08-09,India,62.43
O302104,C101073,2025-06-15,United States,151.07999999999998
O302105,C100046,2025-01-10,United States,179.26
O302106,C100028,2024-11-19,Germany,172.26
O302107,C100394,2025-08-08,South Korea,73.96
O302108,C100240,2025-06-09,United States,478.13
O302109,C100594,2024-01-11,Japan,554.36
O302110,C100359,2025-02-07,Canada,138.38
O302111,C100427,2024-03-29,India,186.7
O302112,C100677,2024-06-09,United States,24.0
O302113,C100672,2025-04-10,India,564.19
O302114,C101121,2025-07-28,India,1180.3600000000001
O302115,C100576,2024-02-02,United Kingdom,1074.38
O302116,C100677,2024-05-20,United States,541.6999999999999
O302117,C100813,2024-06-28,Netherlands,1274.81
O302118,C100209,2024-04-17,Sweden,806.3900000000001
O302119,C100800,2025-08-13,United Kingdom,635.1600000000001
O302120,C101034,2024-05-11,Sweden,66.96000000000001
O302121,C100381,2025-02-14,Mexico,1133.03
O302122,C100214,2025-01-23,United States,207.54
O302123,C100415,2025-01-11,United States,1041.3200000000002
O302124,C100330,2024-06-14,India,955.12
O302125,C100702,2025-03-06,Australia,2164.84
O302126,C101036,2024-04-02,India,136.11
O302127,C100715,2024-04-11,Spain,378.2
O302128,C100150,2025-03-15,India,581.7
O302129,C100377,2025-07-09,India,395.72999999999996
O302130,C100827,2025-08-15,United States,456.61
O302131,C100396,2025-05-18,France,268.49
O302132,C100703,2025-04-11,India,373.02
O302133,C100832,2024-02-17,United States,867.27
O302134,C100395,2025-03-15,United Kingdom,113.92
O302135,C100776,2025-03-12,Italy,408.94
O302136,C100477,2025-06-05,Canada,652.89
O302137,C100162,2024-12-12,United States,625.3499999999999
O302138,C100446,2025-08-17,India,308.56
O302139,C100529,2025-03-31,Sweden,2041.2499999999998
O302140,C100002,2024-02-13,Japan,581.18
O302141,C101071,2024-01-20,France,875.97
O302142,C100633,2025-07-08,Spain,718.87
O302143,C100043,2024-01-25,India,607.0799999999999
O302144,C101041,2024-09-17,United States,1593.28
O302145,C101026,2024-06-27,India,713.75
O302146,C100014,2024-10-09,India,1212.1
O302147,C100195,2025-03-18,India,1020.99
O302148,C100436,2025-06-16,India,669.8
O302149,C100608,2024-11-01,India,169.82
O302150,C100870,2024-01-19,South Korea,485.28999999999996
O302151,C100509,2025-05-11,India,408.71000000000004
O302152,C100734,2024-03-13,Netherlands,905.46
O302153,C100012,2025-02-03,Sweden,483.04
O302154,C100790,2024-01-20,South Korea,69.84
O302155,C101098,2024-02-15,Netherlands,1043.67
O302156,C100631,2025-06-25,Germany,839.88
O302157,C100545,2024-04-03,India,739.02
O302158,C100356,2025-05-29,Brazil,120.96000000000001
O302159,C101145,2025-01-14,France,154.82
O302160,C100039,2025-03-09,Japan,371.35
O302161,C100344,2024-06-08,United Kingdom,1357.77
O302162,C100166,2025-08-27,United States,393.63
O302163,C101039,2025-05-17,Australia,563.6500000000001
O302164,C100579,2025-03-16,India,365.07000000000005
O302165,C101106,2024-01-19,United States,465.51
O302166,C100798,2025-05-23,Germany,263.36
O302167,C100668,2024-08-07,Canada,1281.81
O302168,C100620,2024-07-23,United States,996.6600000000001
O302169,C100243,2024-07-10,India,138.13
O302170,C100674,2024-10-08,United States,198.70999999999998
O302171,C100822,2025-06-20,United Kingdom,1176.79
O302172,C101158,2024-08-09,Japan,1396.1000000000001
O302173,C100658,2024-05-11,Canada,170.5
O302174,C101126,2024-03-25,India,384.64
O302175,C101133,2024-01-12,India,604.26
O302176,C100627,2024-07-06,United Kingdom,485.17999999999995
O302177,C100527,2024-10-02,Spain,1460.17
O302178,C100171,2025-08-29,Germany,372.70000000000005
O302179,C100322,2024-08-23,France,103.04
O302180,C101054,2024-12-19,Netherlands,537.03
O302181,C100165,2024-08-11,United States,2278.13
O302182,C100476,2025-07-25,Canada,268.64
O302183,C100838,2024-09-24,South Korea,352.41999999999996
O302184,C100288,2025-05-23,United States,721.11
O302185,C101168,2024-10-26,United States,911.46
O302186,C100779,2024-10-18,United Kingdom,711.46
O302187,C100034,2024-08-13,United States,723.69
O302188,C100296,2025-01-02,India,756.5
O302189,C100888,2025-03-10,Japan,233.08
O302190,C101035,2025-02-15,India,199.42000000000002
O302191,C101112,2024-02-12,Sweden,442.81
O302192,C101021,2024-07-14,Canada,157.53
O302193,C100089,2024-12-11,Canada,2266.36
O302194,C100875,2024-03-22,Canada,596.97
O302195,C100132,2025-07-21,United States,157.64999999999998
O302196,C100091,2024-07-26,Japan,892.03
O302197,C100830,2024-05-10,South Korea,294.99
O302198,C100573,2024-11-29,Australia,112.65
O302199,C100777,2024-06-11,Japan,476.4
O302200,C101021,2025-07-18,Canada,565.12
O302201,C100082,2025-02-07,United States,519.5600000000001
O302202,C100633,2024-02-20,Spain,204.05
O302203,C101001,2024-05-15,United States,209.24
O302204,C100528,2024-03-12,Italy,253.58
O302205,C100628,2024-08-24,South Korea,1235.32
O302206,C100597,2024-08-17,Italy,1093.7199999999998
O302207,C101088,2024-07-10,Germany,862.28
O302208,C100059,2024-12-15,India,408.03
O302209,C101053,2025-03-20,United States,357.64000000000004
O302210,C100979,2024-07-09,Japan,859.5500000000001
O302211,C100975,2025-05-09,India,1814.58
O302212,C100494,2025-03-25,Germany,861.9000000000001
O302213,C100619,2024-10-30,United States,574.4399999999999
O302214,C100442,2024-09-03,Italy,634.86
O302215,C100302,2025-05-29,United States,99.36
O302216,C101050,2025-08-29,India,1563.42
O302217,C100607,2025-01-11,Canada,1080.21
O302218,C100868,2024-05-28,Australia,645.59
O302219,C100120,2025-08-07,Canada,810.14
O302220,C100946,2024-03-28,India,1079.28
O302221,C100790,2025-06-07,South Korea,911.5799999999999
O302222,C101197,2024-08-04,India,423.02
O302223,C100160,2025-01-06,Australia,511.06
O302224,C100648,2024-01-22,Japan,83.82
O302225,C100613,2024-02-27,India,71.48
O302226,C100646,2024-03-15,France,333.03
O302227,C100065,2024-12-23,Australia,322.86
O302228,C100567,2025-05-08,Canada,847.55
O302229,C100359,2025-01-17,Canada,364.26
O302230,C100740,2025-01-03,United States,368.79
O302231,C100278,2024-09-22,France,403.79999999999995
O302232,C100522,2024-02-02,Mexico,92.62
O302233,C100744,2025-02-15,Sweden,643.49
O302234,C100076,2024-10-08,South Korea,857.49
O302235,C100944,2024-05-25,United Kingdom,594.03
O302236,C100858,2024-05-12,Netherlands,328.39
O302237,C100068,2024-03-09,India,1488.77
O302238,C100077,2025-02-24,Canada,162.84
O302239,C101020,2024-11-13,India,21.4
O302240,C100339,2025-04-04,United States,43.35
O302241,C101032,2024-10-08,Italy,852.99
O302242,C100599,2024-05-07,Australia,497.46
O302243,C100410,2024-09-05,Italy,242.79
O302244,C100328,2024-01-06,Germany,93.15
O302245,C100790,2025-02-17,South Korea,541.4399999999999
O302246,C100131,2024-05-09,United States,691.52
O302247,C100483,2024-08-30,Mexico,254.29
O302248,C100415,2025-07-05,United States,445.85
O302249,C100185,2024-04-08,India,664.68
O302250,C100423,2024-09-10,Canada,473.72
O302251,C100634,2024-01-16,India,320.03999999999996
O302252,C100813,2025-08-09,Netherlands,128.2
O302253,C100103,2025-08-30,Japan,392.36
O302254,C101046,2024-12-19,India,326.90999999999997
O302255,C101054,2025-01-15,Netherlands,461.78999999999996
O302256,C100830,2024-03-01,South Korea,649.29
O302257,C101109,2024-05-18,India,584.56
O302258,C100513,2025-04-03,South Korea,346.45
O302259,C100985,2025-04-18,Netherlands,64.78
O302260,C100872,2025-01-05,United States,413.14
O302261,C100675,2025-01-08,India,86.4
O302262,C100215,2024-10-09,Japan,533.04
O302263,C100669,2025-01-22,Canada,184.26
O302264,C101081,2024-06-07,Mexico,442.29
O302265,C101181,2024-08-28,Brazil,336.7
O302266,C100537,2024-12-12,United Kingdom,339.0
O302267,C100297,2024-10-30,India,210.68
O302268,C100897,2025-03-30,France,158.6
O302269,C100091,2024-10-04,Japan,1769.27
O302270,C100181,2025-04-17,South Korea,268.54999999999995
O302271,C100674,2025-05-28,United States,1529.69
O302272,C101188,2024-06-03,Japan,701.5899999999999
O302273,C100394,2024-05-29,South Korea,416.86
O302274,C100531,2025-04-18,Canada,109.12
O302275,C100386,2024-08-23,India,1397.21
O302276,C100528,2024-03-09,Italy,1600.76
O302277,C100008,2024-01-04,Australia,65.46000000000001
O302278,C100713,2025-08-10,United States,242.88
O302279,C100715,2025-08-27,Spain,1071.94
O302280,C100378,2024-03-24,Canada,74.98
O302281,C100316,2025-08-18,United States,1569.6899999999998
O302282,C100913,2024-01-05,Australia,310.37
O302283,C100225,2025-02-22,United States,114.17
O302284,C100056,2025-07-04,Japan,325.94
O302285,C100048,2025-08-30,Spain,337.29999999999995
O302286,C101058,2025-07-19,India,1000.18
O302287,C100437,2024-02-10,India,36.21
O302288,C100122,2025-04-11,United States,688.51
O302289,C101054,2024-03-11,Netherlands,1848.0
O302290,C100178,2024-05-13,Brazil,454.56
O302291,C100404,2025-02-20,France,24.54
O302292,C100024,2024-01-04,Sweden,181.46
O302293,C100814,2024-06-28,United States,267.56
O302294,C100839,2025-04-09,Sweden,1553.86
O302295,C100907,2024-06-03,United Kingdom,1445.29
O302296,C100315,2024-10-17,Netherlands,191.85
O302297,C100393,2024-10-13,India,206.36
O302298,C101125,2024-04-13,United States,2279.56
O302299,C100985,2025-05-19,Netherlands,952.2
O302300,C100044,2024-12-20,France,95.68
O302301,C100830,2025-03-05,South Korea,796.21
O302302,C100975,2024-08-06,India,305.16999999999996
O302303,C100671,2024-11-24,India,180.05
O302304,C100767,2024-09-06,United States,253.44000000000003
O302305,C100001,2025-08-22,Brazil,721.8299999999999
O302306,C100036,2024-05-13,Spain,187.72
O302307,C100042,2025-06-01,United States,803.38
O302308,C100190,2024-05-11,India,540.9100000000001
O302309,C101189,2024-10-13,United States,711.2
O302310,C100761,2024-07-05,India,546.33
O302311,C100938,2025-07-18,Mexico,196.82
O302312,C100354,2025-07-18,Netherlands,607.4
O302313,C101125,2025-06-05,United States,1096.03
O302314,C100238,2025-08-21,India,448.79999999999995
O302315,C101082,2025-07-17,Australia,1313.38
O302316,C100036,2024-01-31,Spain,135.63
O302317,C100024,2024-04-19,Sweden,858.1999999999999
O302318,C100094,2025-01-03,South Korea,285.12
O302319,C100950,2025-06-15,United States,180.79
O302320,C100308,2024-04-21,India,79.62
O302321,C100541,2024-02-18,Brazil,58.78
O302322,C100565,2025-05-09,Japan,939.14
O302323,C100947,2025-03-04,Australia,784.3
O302324,C100418,2024-11-18,United States,302.89
O302325,C100008,2024-03-22,Australia,538.4
O302326,C100463,2025-02-01,France,488.34
O302327,C100345,2025-06-13,India,292.21
O302328,C100877,2024-08-12,Sweden,1686.34
O302329,C100901,2024-09-19,Netherlands,1304.8700000000001
O302330,C100110,2024-01-09,Sweden,83.72
O302331,C100951,2024-12-08,United Kingdom,178.37
O302332,C100084,2025-07-20,France,511.41
O302333,C100743,2024-12-07,Germany,201.03
O302334,C100467,2024-05-12,Spain,884.72
O302335,C100361,2025-07-27,United Kingdom,842.5899999999999
O302336,C100579,2024-03-18,India,799.3
O302337,C100372,2024-02-28,United States,1762.4199999999998
O302338,C100952,2024-09-21,India,433.78999999999996
O302339,C101160,2024-03-23,India,356.26
O302340,C100978,2025-03-30,Sweden,240.89
O302341,C100527,2024-11-18,Spain,755.46
O302342,C100603,2024-02-01,Australia,302.58000000000004
O302343,C100536,2024-09-22,United Kingdom,1540.0800000000002
O302344,C100952,2024-01-29,India,537.11
O302345,C100662,2024-08-16,India,431.73
O302346,C100561,2025-02-03,Italy,231.76999999999998
O302347,C100491,2025-05-04,Italy,72.96
O302348,C100450,2024-11-29,Italy,759.45
O302349,C100663,2025-05-30,Netherlands,323.76
O302350,C100826,2024-01-03,United States,261.68
O302351,C100518,2025-03-11,India,2654.95
O302352,C100967,2025-01-18,United States,541.16
O302353,C100992,2024-07-05,Netherlands,743.75
O302354,C100514,2025-05-22,Sweden,1315.88
O302355,C101090,2024-09-17,Brazil,28.77
O302356,C100207,2024-11-04,United States,133.62
O302357,C101118,2024-04-13,Italy,555.32
O302358,C100352,2024-07-08,India,602.1700000000001
O302359,C100677,2025-04-24,United States,120.10999999999999
O302360,C100340,2024-02-12,India,76.32
O302361,C100530,2024-01-17,Sweden,406.19000000000005
O302362,C100408,2025-01-19,Australia,19.58
O302363,C100846,2024-01-22,South Korea,446.99999999999994
O302364,C100097,2024-06-08,Germany,428.78999999999996
O302365,C101005,2025-07-23,India,64.06
O302366,C101084,2025-04-11,United States,486.87
O302367,C100675,2024-03-01,India,193.86
O302368,C100656,2025-02-28,Australia,536.89
O302369,C100839,2025-06-07,Sweden,60.91
O302370,C100238,2024-05-12,India,199.02
O302371,C100899,2024-03-29,Italy,279.12
O302372,C100262,2024-07-23,Brazil,622.64
O302373,C100811,2025-08-14,Sweden,298.40999999999997
O302374,C100366,2024-10-26,Netherlands,190.7
O302375,C100895,2025-03-31,France,2426.8
O302376,C100949,2024-11-09,India,309.25
O302377,C100250,2025-08-18,United States,19.02
O302378,C100740,2024-01-08,United States,270.19
O302379,C100598,2024-06-02,India,1306.42
O302380,C100352,2024-12-02,India,183.44
O302381,C100705,2024-07-29,South Korea,1347.5900000000001
O302382,C101191,2024-12-10,India,14.02
O302383,C100002,2025-01-22,Japan,1024.8899999999999
O302384,C101148,2025-02-07,United Kingdom,605.44
O302385,C101027,2025-04-16,United States,538.49
O302386,C100635,2025-03-08,United States,744.85
O302387,C100732,2025-03-11,Canada,757.7
O302388,C100443,2024-03-18,Italy,670.82
O302389,C100154,2025-02-08,Spain,728.0
O302390,C100685,2024-07-28,South Korea,52.48
O302391,C100979,2025-08-08,Japan,470.59000000000003
O302392,C100277,2025-05-04,India,110.74
O302393,C100860,2024-09-01,Brazil,1038.6
O302394,C100897,2024-09-20,France,449.84
O302395,C100909,2025-08-22,Australia,1282.48
O302396,C100408,2024-07-26,Australia,463.48
O302397,C100470,2025-08-08,Japan,85.8
O302398,C100499,2025-04-20,United States,469.49
O302399,C101025,2024-05-30,Australia,125.05000000000001
O302400,C101080,2025-02-23,Australia,1579.1399999999999
O302401,C100496,2025-03-11,India,848.5799999999999
O302402,C101163,2024-05-05,United States,255.99
O302403,C100684,2025-07-23,South Korea,1389.08
O302404,C100462,2025-04-15,India,1736.74
O302405,C100000,2024-06-15,United Kingdom,453.75
O302406,C100733,2024-11-11,Netherlands,1459.1
O302407,C100773,2024-11-15,Brazil,808.21
O302408,C101162,2024-08-30,India,1197.6299999999999
O302409,C100861,2024-06-21,Canada,370.47
O302410,C100035,2024-06-04,United States,473.78999999999996
O302411,C100680,2024-05-30,India,860.51
O302412,C100891,2024-07-19,Mexico,707.54
O302413,C100595,2024-06-01,India,499.0
O302414,C100515,2024-02-10,United States,831.24
O302415,C100971,2024-03-24,Germany,452.24
O302416,C100733,2025-04-15,Netherlands,344.04
O302417,C100817,2024-12-27,Canada,611.53
O302418,C100556,2024-03-08,United States,282.38
O302419,C100333,2024-06-15,Brazil,109.56
O302420,C100622,2024-05-02,Japan,395.37
O302421,C101150,2024-05-23,France,846.4200000000001
O302422,C100723,2025-07-18,Brazil,366.12
O302423,C100848,2025-08-29,France,453.0
O302424,C100148,2024-03-01,Brazil,339.26
O302425,C101185,2025-07-11,Mexico,42.82
O302426,C100293,2024-08-10,United States,161.64
O302427,C101165,2025-01-23,United States,330.59000000000003
O302428,C100534,2024-07-14,Sweden,14.01
O302429,C101102,2025-07-30,India,558.9200000000001
O302430,C101070,2025-08-31,India,530.84
O302431,C100906,2025-08-17,Australia,166.79
O302432,C101099,2025-01-26,Australia,82.41
O302433,C100731,2025-04-09,Canada,544.99
O302434,C101018,2025-07-04,Sweden,316.36
O302435,C100206,2024-09-20,Spain,628.44
O302436,C100084,2024-12-27,France,198.78
O302437,C100652,2024-02-16,United States,500.74
O302438,C100971,2024-09-09,Germany,732.1400000000001
O302439,C100918,2024-05-09,United States,219.66
O302440,C100633,2024-12-21,Spain,960.2299999999999
O302441,C100625,2025-06-08,Japan,636.28
O302442,C100731,2025-01-15,Canada,20.24
O302443,C101041,2024-10-11,United States,505.6
O302444,C101010,2025-03-16,India,296.34000000000003
O302445,C100131,2024-05-25,United States,1903.39
O302446,C100714,2024-09-22,United States,273.96
O302447,C100457,2024-10-11,India,714.03
O302448,C100959,2024-04-17,Japan,267.32
O302449,C100607,2024-09-04,Canada,496.05999999999995
O302450,C101189,2024-08-09,United States,345.71999999999997
O302451,C100518,2025-06-02,India,881.02
O302452,C100814,2025-07-18,United States,443.78999999999996
O302453,C100130,2024-11-07,India,510.86
O302454,C101118,2024-01-23,Italy,72.98
O302455,C100184,2024-02-20,Sweden,601.16
O302456,C100454,2024-08-26,India,592.72
O302457,C101005,2024-11-25,India,391.96000000000004
O302458,C101160,2024-02-19,India,349.99
O302459,C100581,2025-07-12,United States,553.93
O302460,C100581,2024-05-31,United States,583.17
O302461,C100058,2025-03-06,Germany,207.52
O302462,C101174,2025-06-15,France,487.41
O302463,C100019,2025-08-03,United States,1887.82
O302464,C100031,2024-01-17,Mexico,328.1
O302465,C100568,2024-12-30,Mexico,92.38
O302466,C100004,2024-09-27,Netherlands,174.14
O302467,C100197,2024-11-15,United States,673.9399999999999
O302468,C100753,2024-04-12,India,364.98
O302469,C100846,2025-01-24,South Korea,64.5
O302470,C100357,2024-02-11,Canada,459.57
O302471,C100954,2024-01-13,India,309.69
O302472,C100729,2024-04-13,United States,810.9899999999999
O302473,C100273,2024-11-15,India,1963.21
O302474,C100854,2024-11-21,India,86.54
O302475,C100710,2024-02-04,India,612.5699999999999
O302476,C100974,2024-09-28,United States,452.6
O302477,C100185,2024-05-31,India,93.6
O302478,C100277,2024-01-12,India,862.8
O302479,C100364,2025-01-20,Netherlands,370.3
O302480,C100409,2024-08-30,United Kingdom,532.22
O302481,C101066,2024-09-13,Mexico,544.8
O302482,C100879,2024-03-01,United Kingdom,476.34999999999997
O302483,C100652,2024-12-06,United States,766.75
O302484,C100648,2025-01-06,Japan,204.83999999999997
O302485,C101063,2024-02-16,India,150.35
O302486,C100536,2025-08-07,United Kingdom,794.72
O302487,C100270,2024-05-16,Australia,211.24
O302488,C100164,2024-07-25,South Korea,326.54
O302489,C100396,2025-06-04,France,522.02
O302490,C100783,2025-08-30,Sweden,499.15000000000003
O302491,C100565,2024-03-29,Japan,56.06
O302492,C100506,2024-03-04,United States,880.7900000000001
O302493,C100576,2025-07-10,United Kingdom,668.45
O302494,C101169,2024-05-19,Mexico,1160.38
O302495,C101197,2024-04-20,India,354.76
O302496,C100193,2024-11-30,United States,653.8299999999999
O302497,C100137,2024-11-25,India,17.84
O302498,C100293,2025-05-19,United States,519.6899999999999
O302499,C101022,2024-04-21,Brazil,1923.5
O302500,C100551,2024-04-04,Japan,102.92
O302501,C101036,2024-11-17,India,286.02000000000004
O302502,C100776,2024-05-24,Italy,115.82
O302503,C100663,2025-02-27,Netherlands,59.37
O302504,C100337,2024-06-24,United States,66.30000000000001
O302505,C100412,2024-02-02,United Kingdom,40.27
O302506,C100177,2025-02-25,United States,714.99
O302507,C100623,2024-02-13,Italy,581.97
O302508,C100336,2024-01-20,Netherlands,2226.82
O302509,C100350,2024-04-12,Canada,207.88
O302510,C100047,2025-06-25,Canada,1651.39
O302511,C100958,2025-03-28,Italy,206.0
O302512,C101127,2025-07-26,Japan,514.8100000000001
O302513,C100597,2024-05-16,Italy,165.75
O302514,C100643,2025-08-21,United States,858.74
O302515,C101111,2025-04-25,India,2231.4
O302516,C100613,2025-03-18,India,884.46
O302517,C100747,2024-07-16,India,505.34000000000003
O302518,C100513,2024-12-13,South Korea,801.48
O302519,C100617,2025-05-23,Germany,1071.38
O302520,C100626,2025-03-16,United Kingdom,656.67
O302521,C100853,2025-08-28,Netherlands,613.49
O302522,C100725,2024-03-02,Japan,287.86
O302523,C100604,2024-11-05,United States,325.26
O302524,C100091,2024-09-18,Japan,35.7
O302525,C101085,2024-01-30,India,608.06
O302526,C101065,2025-06-01,Mexico,793.54
O302527,C100221,2024-11-03,Germany,609.28
O302528,C100351,2025-02-14,India,206.24
O302529,C101168,2024-10-06,United States,368.55
O302530,C100385,2024-01-30,South Korea,336.18
O302531,C100974,2025-01-22,United States,140.42
O302532,C100942,2024-08-07,India,864.62
O302533,C101032,2024-09-06,Italy,410.76
O302534,C100019,2025-05-23,United States,777.09
O302535,C100579,2024-06-11,India,560.01
O302536,C100678,2025-08-11,Japan,242.45999999999998
O302537,C101004,2025-05-06,India,559.8299999999999
O302538,C100269,2025-06-14,India,1104.31
O302539,C100368,2024-11-01,Germany,49.17
O302540,C100215,2025-07-17,Japan,933.47
O302541,C100914,2024-12-25,Japan,1569.8799999999999
O302542,C101198,2024-11-27,Germany,753.23
O302543,C100168,2025-07-04,United States,552.6800000000001
O302544,C100279,2024-10-13,Germany,265.47
O302545,C100368,2025-06-06,Germany,230.87
O302546,C101066,2024-01-05,Mexico,2036.9
O302547,C100534,2024-04-02,Sweden,314.79
O302548,C100338,2024-09-13,Japan,346.03999999999996
O302549,C100386,2025-03-24,India,667.25
O302550,C100717,2024-07-31,United States,452.31000000000006
O302551,C100464,2024-08-21,India,584.35
O302552,C100168,2024-07-12,United States,635.53
O302553,C100984,2024-05-12,France,604.25
O302554,C100506,2025-08-18,United States,846.09
O302555,C100308,2024-07-14,India,759.5699999999999
O302556,C100874,2024-03-18,Canada,1039.51
O302557,C100894,2024-09-19,United Kingdom,356.90999999999997
O302558,C100186,2025-01-08,Mexico,1318.27
O302559,C100088,2024-02-12,Australia,491.71999999999997
O302560,C100054,2025-06-13,Japan,699.84
O302561,C100918,2025-01-31,United States,75.1
O302562,C100750,2024-10-25,Brazil,1304.7399999999998
O302563,C100950,2025-01-10,United States,16.43
O302564,C100751,2025-05-30,Mexico,120.49
O302565,C100482,2025-05-31,South Korea,519.0699999999999
O302566,C100707,2025-08-24,Italy,680.19
O302567,C100866,2024-07-06,United Kingdom,902.1300000000001
O302568,C100478,2025-01-03,France,2906.43
O302569,C101098,2024-08-03,Netherlands,585.9399999999999
O302570,C101079,2025-01-04,Canada,807.8
O302571,C100960,2024-04-22,Sweden,194.28
O302572,C101190,2024-08-17,Brazil,676.21
O302573,C100468,2024-01-04,United States,338.33
O302574,C100136,2024-02-16,India,567.33
O302575,C100581,2024-09-23,United States,1001.71
O302576,C100895,2024-04-19,France,97.38
O302577,C100935,2024-06-25,United Kingdom,228.48
O302578,C100466,2024-11-06,India,66.26
O302579,C100351,2025-03-30,India,389.71
O302580,C100534,2025-05-04,Sweden,265.53
O302581,C100964,2025-08-22,Brazil,386.4
O302582,C100072,2025-07-04,Sweden,1617.33
O302583,C100393,2024-05-26,India,337.08
O302584,C100275,2025-08-05,Japan,199.38
O302585,C100967,2025-05-05,United States,508.98
O302586,C100563,2024-01-13,United States,963.62
O302587,C100104,2025-08-19,India,1000.89
O302588,C100314,2025-04-04,Sweden,344.77
O302589,C100053,2025-03-24,India,459.22
O302590,C100570,2024-05-31,India,165.33999999999997
O302591,C101197,2024-01-13,India,577.4
O302592,C100680,2025-03-24,India,865.93
O302593,C101043,2024-02-05,India,812.26
O302594,C100891,2024-11-19,Mexico,352.53999999999996
O302595,C101059,2024-09-01,United States,398.88
O302596,C100373,2024-02-21,South Korea,244.6
O302597,C101141,2024-02-20,India,190.86
O302598,C100286,2025-03-15,India,532.65
O302599,C100525,2024-04-26,Germany,2100.96
O302600,C100817,2024-03-06,Canada,173.17000000000002
O302601,C100344,2025-05-13,United Kingdom,676.46
O302602,C100317,2025-02-26,United States,6.17
O302603,C100156,2025-04-05,India,239.84
O302604,C100005,2024-11-07,Brazil,834.52
O302605,C100601,2024-11-11,Germany,1492.32
O302606,C101184,2024-08-16,India,412.31
O302607,C100264,2025-01-17,United States,311.74
O302608,C100528,2024-05-24,Italy,725.22
O302609,C101122,2025-05-31,Australia,351.28
O302610,C100926,2024-01-28,India,463.73
O302611,C100004,2025-05-04,Netherlands,1142.33
O302612,C100600,2024-01-12,Germany,116.76
O302613,C100171,2024-04-19,Germany,43.45
O302614,C100296,2024-09-02,India,1889.79
O302615,C100295,2024-04-17,Japan,437.02
O302616,C100734,2025-02-23,Netherlands,240.08
O302617,C100238,2024-04-29,India,1136.39
O302618,C100302,2025-06-13,United States,70.32
O302619,C100270,2024-01-24,Australia,502.45
O302620,C100428,2024-09-25,Australia,1702.9299999999998
O302621,C100787,2024-09-21,India,12.08
O302622,C100479,2024-08-23,India,458.41
O302623,C100393,2024-07-26,India,539.39
O302624,C100621,2025-04-20,India,4161.66
O302625,C100738,2024-01-04,Japan,1970.1100000000001
O302626,C100018,2025-03-27,United States,657.15
O302627,C101068,2025-05-14,United States,119.89000000000001
O302628,C101099,2025-02-28,Australia,559.54
O302629,C100723,2024-10-04,Brazil,216.6
O302630,C100689,2025-05-31,Germany,259.68
O302631,C100833,2025-07-07,United States,977.56
O302632,C100529,2024-06-14,Sweden,120.25
O302633,C100438,2025-04-28,United Kingdom,572.28
O302634,C100423,2025-08-04,Canada,327.47
O302635,C100191,2025-03-14,India,532.66
O302636,C101009,2024-12-18,United Kingdom,210.51
O302637,C100384,2024-04-13,United States,750.0
O302638,C100341,2024-10-10,Mexico,118.13
O302639,C101157,2024-12-31,Sweden,2737.61
O302640,C100608,2025-01-24,India,348.23
O302641,C100746,2025-08-22,United Kingdom,276.35
O302642,C100294,2025-05-23,Australia,759.21
O302643,C100333,2024-01-09,Brazil,209.62
O302644,C100874,2024-01-23,Canada,524.05
O302645,C100541,2025-01-04,Brazil,1439.75
O302646,C100177,2024-08-09,United States,1615.79
O302647,C101002,2024-11-19,Spain,594.79
O302648,C100483,2024-02-27,Mexico,107.75999999999999
O302649,C100802,2024-04-11,Sweden,378.18999999999994
O302650,C100409,2024-10-31,United Kingdom,836.0899999999999
O302651,C100672,2024-06-27,India,44.62
O302652,C100930,2024-02-09,India,934.27
O302653,C101062,2025-07-25,Brazil,959.51
O302654,C100248,2024-07-26,United States,345.28
O302655,C100806,2024-04-11,Netherlands,919.52
O302656,C101097,2024-08-07,Brazil,293.32
O302657,C100771,2025-02-03,Netherlands,184.04
O302658,C100171,2024-08-04,Germany,751.1500000000001
O302659,C100227,2024-08-05,India,756.76
O302660,C100243,2024-11-15,India,835.5899999999999
O302661,C100127,2024-04-19,United States,566.4499999999999
O302662,C100904,2025-08-05,Mexico,1299.6200000000001
O302663,C101158,2025-01-28,Japan,310.2
O302664,C100620,2024-12-31,United States,566.3
O302665,C100718,2025-06-13,Australia,336.45000000000005
O302666,C100928,2024-01-13,United States,594.96
O302667,C100498,2025-07-11,Japan,93.6
O302668,C100566,2025-02-11,Mexico,98.04
O302669,C100706,2025-06-30,Germany,101.3
O302670,C100365,2024-11-25,United Kingdom,1676.52
O302671,C100074,2025-02-03,Germany,140.38
O302672,C100681,2024-02-26,India,860.52
O302673,C100986,2024-05-17,India,1486.67
O302674,C100087,2025-06-26,Netherlands,398.4
O302675,C100259,2024-11-01,Canada,246.85999999999999
O302676,C100315,2025-08-31,Netherlands,54.1
O302677,C100965,2025-04-24,United Kingdom,996.6399999999999
O302678,C100605,2024-08-12,United States,554.95
O302679,C100641,2024-03-06,India,819.48
O302680,C100774,2024-05-19,Sweden,655.29
O302681,C100331,2024-06-02,India,96.24
O302682,C100856,2024-08-27,India,368.98
O302683,C100036,2024-12-11,Spain,977.35
O302684,C100136,2025-06-26,India,652.49
O302685,C100979,2024-12-06,Japan,359.38
O302686,C100789,2024-04-04,United States,323.13
O302687,C100211,2025-08-15,United States,521.13
O302688,C100526,2024-05-09,Canada,247.84
O302689,C100062,2025-05-02,United States,1745.78
O302690,C100806,2025-05-01,Netherlands,397.76
O302691,C100907,2025-02-18,United Kingdom,105.14999999999999
O302692,C100334,2024-05-30,Brazil,854.3800000000001
O302693,C100420,2025-06-18,Japan,137.25
O302694,C100284,2024-01-07,India,1426.52
O302695,C100467,2024-06-15,Spain,427.07
O302696,C100326,2025-01-11,United States,111.08
O302697,C100296,2025-07-04,India,366.91999999999996
O302698,C100516,2024-09-06,United States,764.96
O302699,C101031,2024-07-06,Japan,395.81
O302700,C100915,2024-01-12,India,628.1700000000001
O302701,C100356,2025-01-24,Brazil,1028.16
O302702,C101131,2024-12-17,United States,328.29
O302703,C100252,2025-08-28,Japan,94.63
O302704,C101092,2025-01-12,India,494.78999999999996
O302705,C100371,2024-10-18,United States,226.95
O302706,C100648,2024-02-10,Japan,345.18
O302707,C100243,2024-09-28,India,353.38
O302708,C100914,2025-04-18,Japan,200.96
O302709,C100381,2024-10-01,Mexico,215.61
O302710,C101047,2025-01-17,Brazil,131.31
O302711,C100099,2024-01-10,India,145.91
O302712,C100602,2025-02-03,Mexico,1329.07
O302713,C100190,2025-01-12,India,938.04
O302714,C101066,2025-06-13,Mexico,65.51
O302715,C100500,2025-03-16,United States,322.6
O302716,C100809,2024-12-20,Australia,40.05
O302717,C101055,2024-07-24,India,117.82
O302718,C100642,2024-02-09,India,1571.68
O302719,C100068,2024-03-05,India,5.51
O302720,C100264,2025-02-23,United States,608.11
O302721,C100255,2024-01-08,United Kingdom,62.36
O302722,C101097,2025-08-24,Brazil,501.83
O302723,C101090,2025-01-05,Brazil,1049.19
O302724,C100572,2024-11-05,India,287.70000000000005
O302725,C101068,2025-05-10,United States,2158.3
O302726,C100295,2024-10-26,Japan,450.03000000000003
O302727,C100815,2024-07-29,Brazil,558.81
O302728,C100470,2024-08-04,Japan,16.97
O302729,C100288,2025-03-20,United States,1623.51
O302730,C100300,2024-04-10,United Kingdom,1745.9299999999998
O302731,C100503,2024-01-21,Mexico,585.44
O302732,C100407,2025-03-14,India,463.25
O302733,C100253,2024-10-12,South Korea,209.07
O302734,C100400,2024-01-23,United States,429.72
O302735,C100154,2024-08-10,Spain,382.06
O302736,C101163,2024-08-29,United States,649.74
O302737,C100455,2024-11-29,Spain,120.27000000000001
O302738,C100128,2024-07-11,United Kingdom,2282.25
O302739,C100690,2024-04-12,United Kingdom,208.94
O302740,C101059,2025-08-26,United States,294.71999999999997
O302741,C100431,2025-01-21,Australia,355.32
O302742,C101014,2024-11-20,Mexico,236.66
O302743,C100732,2025-05-14,Canada,1011.2099999999999
O302744,C100887,2024-07-06,United Kingdom,733.5100000000001
O302745,C100355,2024-03-19,Japan,966.5699999999999
O302746,C100044,2025-05-25,France,476.70000000000005
O302747,C100415,2025-06-19,United States,709.1800000000001
O302748,C101109,2024-07-12,India,507.1
O302749,C100948,2025-04-02,India,1203.37
O302750,C100940,2024-11-22,Mexico,899.28
O302751,C101053,2025-07-27,United States,464.47
O302752,C100447,2025-08-09,Brazil,64.64
O302753,C100386,2024-01-10,India,402.54
O302754,C101110,2024-08-07,Brazil,1486.3600000000001
O302755,C100685,2025-02-05,South Korea,549.7
O302756,C100357,2025-03-10,Canada,938.8700000000001
O302757,C100333,2025-01-22,Brazil,649.5
O302758,C101052,2024-01-26,India,110.91
O302759,C100064,2025-03-07,India,1156.43
O302760,C100074,2024-07-13,Germany,742.0899999999999
O302761,C100885,2025-02-24,United States,54.97
O302762,C100001,2025-02-05,Brazil,378.13
O302763,C100205,2024-01-09,United States,698.32
O302764,C101188,2024-10-14,Japan,40.9
O302765,C100510,2025-08-14,United States,53.86
O302766,C100873,2025-08-08,Canada,357.96
O302767,C100584,2025-05-10,United States,635.79
O302768,C100108,2025-01-25,United Kingdom,142.16
O302769,C100221,2025-07-16,Germany,704.69
O302770,C100913,2024-06-30,Australia,448.25
O302771,C100113,2024-03-05,Japan,191.56
O302772,C100713,2024-09-20,United States,1376.04
O302773,C100417,2024-07-09,Mexico,249.91
O302774,C100444,2025-03-30,United States,420.44
O302775,C101142,2024-01-06,United States,347.83000000000004
O302776,C100727,2025-03-13,Germany,397.89
O302777,C100738,2025-08-22,Japan,377.72
O302778,C100420,2024-05-17,Japan,490.82
O302779,C100457,2024-03-20,India,313.49
O302780,C100822,2025-02-03,United Kingdom,1068.6599999999999
O302781,C100046,2025-06-28,United States,941.29
O302782,C100284,2025-05-20,India,855.17
O302783,C100720,2025-02-07,Canada,1647.2399999999998
O302784,C100748,2025-02-14,India,273.37
O302785,C100110,2024-11-25,Sweden,1274.5700000000002
O302786,C100945,2025-01-24,India,227.23000000000002
O302787,C100651,2025-06-13,United States,699.94
O302788,C100285,2025-08-13,India,38.06
O302789,C100902,2024-10-01,India,244.64999999999998
O302790,C101189,2025-08-16,United States,499.65999999999997
O302791,C100508,2025-07-14,Sweden,1104.03
O302792,C100340,2025-05-06,India,468.21
O302793,C100359,2024-04-14,Canada,112.83
O302794,C100711,2025-07-30,South Korea,595.89
O302795,C100056,2024-09-23,Japan,996.09
O302796,C100580,2024-06-30,Australia,763.0799999999999
O302797,C100029,2024-09-23,Brazil,333.54999999999995
O302798,C100046,2024-01-07,United States,213.81
O302799,C100516,2024-03-20,United States,391.66
O302800,C100894,2024-11-29,United Kingdom,370.13
O302801,C101060,2024-11-15,United States,818.48
O302802,C100105,2024-08-17,Germany,265.32
O302803,C100292,2024-04-12,India,421.16999999999996
O302804,C100505,2024-03-15,Brazil,352.04999999999995
O302805,C100688,2025-08-01,United Kingdom,659.6700000000001
O302806,C101184,2025-07-07,India,1352.39
O302807,C100821,2025-01-23,United Kingdom,626.02
O302808,C100646,2025-05-29,France,557.6700000000001
O302809,C100072,2024-07-09,Sweden,422.36
O302810,C100096,2025-03-28,Australia,540.16
O302811,C100183,2025-06-30,France,1941.7700000000002
O302812,C100792,2024-01-05,United States,190.1
O302813,C100397,2025-06-23,United States,543.33
O302814,C100289,2024-03-24,Spain,190.85000000000002
O302815,C100804,2025-04-11,United States,450.07
O302816,C100978,2024-01-06,Sweden,1576.01
O302817,C100526,2025-03-16,Canada,1699.2499999999998
O302818,C101058,2025-02-15,India,51.94
O302819,C100881,2024-06-26,United States,1719.37
O302820,C100859,2024-01-27,India,113.65
O302821,C101041,2024-02-25,United States,377.93
O302822,C100220,2024-07-26,United States,707.01
O302823,C100910,2025-07-07,United States,77.69
O302824,C101149,2024-08-04,United Kingdom,1108.98
O302825,C101190,2024-08-16,Brazil,127.52
O302826,C100693,2025-04-25,India,734.8000000000001
O302827,C100905,2025-08-03,Canada,746.04
O302828,C101066,2025-06-27,Mexico,741.4499999999999
O302829,C101022,2025-06-27,Brazil,482.71
O302830,C101077,2025-08-06,United Kingdom,128.64000000000001
O302831,C100998,2024-07-11,Mexico,709.29
O302832,C100457,2024-05-17,India,1085.42
O302833,C100876,2024-11-15,United Kingdom,195.55
O302834,C100492,2024-12-26,India,1127.69
O302835,C100962,2025-06-20,Japan,271.34000000000003
O302836,C100972,2024-08-16,Germany,143.01
O302837,C101121,2024-01-28,India,645.04
O302838,C100705,2025-08-24,South Korea,465.11999999999995
O302839,C100570,2024-08-02,India,103.78
O302840,C100198,2025-07-31,Australia,296.48
O302841,C100765,2025-04-24,Canada,923.71
O302842,C100679,2024-01-05,Germany,395.01
O302843,C100617,2024-09-18,Germany,593.3499999999999
O302844,C100811,2025-02-19,Sweden,569.74
O302845,C101021,2025-04-20,Canada,267.32
O302846,C100178,2025-01-31,Brazil,25.86
O302847,C100517,2024-11-05,Brazil,210.26999999999998
O302848,C100866,2024-10-24,United Kingdom,1225.86
O302849,C100983,2024-09-14,India,6.94
O302850,C100934,2024-05-05,United States,350.21
O302851,C100959,2025-04-06,Japan,916.39
O302852,C101026,2024-01-12,India,86.9
O302853,C101154,2024-01-11,India,84.12
O302854,C100729,2024-12-10,United States,466.01
O302855,C100298,2024-11-08,United States,71.38
O302856,C100676,2024-09-17,India,959.0
O302857,C100851,2025-05-03,France,498.64
O302858,C100120,2025-05-19,Canada,128.96
O302859,C100908,2025-03-06,India,151.89
O302860,C100653,2025-05-30,France,762.15
O302861,C101123,2025-03-28,Germany,576.03
O302862,C100254,2024-03-04,India,686.12
O302863,C101088,2024-08-07,Germany,581.11
O302864,C100537,2024-09-14,United Kingdom,992.16
O302865,C100688,2024-07-22,United Kingdom,344.33000000000004
O302866,C100792,2025-01-13,United States,220.58999999999997
O302867,C100694,2025-05-14,India,1237.04
O302868,C101084,2025-03-08,United States,640.54
O302869,C100200,2024-09-06,Australia,8.54
O302870,C100875,2024-05-30,Canada,621.87
O302871,C101169,2024-05-23,Mexico,1722.8999999999999
O302872,C100264,2024-12-10,United States,1112.85
O302873,C100306,2025-05-07,Canada,979.3
O302874,C100570,2024-01-23,India,77.87
O302875,C100869,2024-03-10,United States,292.02
O302876,C101150,2025-08-21,France,468.99
O302877,C100954,2024-09-10,India,255.7
O302878,C100952,2025-02-25,India,1043.8600000000001
O302879,C100529,2024-05-30,Sweden,681.4
O302880,C100774,2024-09-07,Sweden,127.35000000000001
O302881,C100253,2024-12-20,South Korea,1354.8
O302882,C100555,2025-05-24,United States,155.29
O302883,C100226,2025-05-24,Germany,371.22
O302884,C100032,2024-07-02,United States,404.48
O302885,C101027,2024-11-13,United States,895.1999999999999
O302886,C100965,2024-05-24,United Kingdom,576.55
O302887,C100612,2025-06-02,Germany,287.61
O302888,C100017,2024-09-27,India,445.2
O302889,C100108,2024-04-24,United Kingdom,1001.9
O302890,C100134,2024-03-22,United States,328.32
O302891,C100860,2024-10-12,Brazil,416.0400000000001
O302892,C100244,2025-01-23,United States,940.16
O302893,C100300,2025-02-12,United Kingdom,1343.69
O302894,C101033,2025-03-05,Spain,195.41
O302895,C101051,2025-08-04,India,351.69
O302896,C100915,2024-07-20,India,1036.68
O302897,C100371,2025-06-27,United States,840.74
O302898,C100695,2024-04-22,India,598.88
O302899,C100240,2024-07-04,United States,96.7
O302900,C101029,2025-05-12,India,23.71
O302901,C100101,2024-02-07,India,571.1
O302902,C100893,2025-06-06,Brazil,1008.05
O302903,C100613,2024-09-15,India,158.59
O302904,C100908,2025-05-11,India,596.6099999999999
O302905,C100540,2024-05-29,India,421.47
O302906,C100189,2025-07-16,France,167.7
O302907,C100901,2024-12-06,Netherlands,205.38
O302908,C100757,2024-05-10,United Kingdom,267.12
O302909,C100557,2025-03-07,United States,343.5
O302910,C100447,2024-09-21,Brazil,745.73
O302911,C100412,2024-10-24,United Kingdom,2255.2599999999998
O302912,C100577,2024-06-01,India,600.12
O302913,C100313,2025-03-09,Sweden,44.81
O302914,C100338,2024-03-23,Japan,147.68
O302915,C100333,2024-11-05,Brazil,177.58
O302916,C100015,2025-04-10,Australia,1057.05
O302917,C101113,2024-11-16,Japan,937.0500000000001
O302918,C100283,2024-11-10,United Kingdom,175.86
O302919,C100198,2024-10-10,Australia,1169.12
O302920,C100181,2024-08-13,South Korea,629.89
O302921,C101185,2024-02-05,Mexico,1073.4299999999998
O302922,C100572,2025-05-30,India,840.3
O302923,C100392,2024-10-15,Brazil,412.69
O302924,C100484,2024-04-24,Sweden,148.66
O302925,C100106,2025-02-10,Brazil,85.28999999999999
O302926,C100376,2025-07-20,United Kingdom,1490.42
O302927,C100298,2024-10-18,United States,457.77
O302928,C100963,2025-08-17,South Korea,259.08
O302929,C100070,2024-01-27,United States,1576.6
O302930,C100510,2024-08-26,United States,2901.41
O302931,C100948,2024-01-19,India,1439.95
O302932,C101000,2024-12-09,South Korea,101.7
O302933,C100615,2024-08-16,Canada,561.99
O302934,C100267,2024-10-26,Brazil,100.50999999999999
O302935,C100404,2024-05-20,France,35.77
O302936,C100266,2024-10-14,Japan,972.81
O302937,C100794,2024-07-10,Mexico,968.6999999999999
O302938,C100351,2025-02-05,India,258.82
O302939,C100756,2024-11-20,Canada,346.44
O302940,C100786,2024-11-15,Australia,155.2
O302941,C101127,2024-08-09,Japan,920.0699999999999
O302942,C100444,2024-09-21,United States,510.31000000000006
O302943,C101153,2025-01-24,Mexico,699.08
O302944,C100480,2024-05-24,India,256.02
O302945,C100816,2024-02-03,Canada,793.11
O302946,C100793,2024-05-28,United States,308.3
O302947,C100981,2025-03-26,India,973.6299999999999
O302948,C100562,2024-12-13,Mexico,122.68
O302949,C100950,2024-10-05,United States,187.52
O302950,C100426,2025-02-21,Netherlands,266.92999999999995
O302951,C100589,2025-07-04,Italy,89.73
O302952,C100599,2025-05-12,Australia,240.12
O302953,C100845,2025-06-06,Germany,3112.1500000000005
O302954,C100742,2025-01-01,United Kingdom,770.97
O302955,C100093,2024-11-16,India,687.56
O302956,C100970,2025-02-20,India,164.23000000000002
O302957,C100909,2025-02-14,Australia,98.68
O302958,C100125,2025-01-31,United States,877.5999999999999
O302959,C101154,2024-09-13,India,1540.77
O302960,C100792,2024-08-29,United States,1109.1
O302961,C100101,2024-12-21,India,72.42
O302962,C100589,2025-08-14,Italy,329.94
O302963,C101003,2024-12-19,Mexico,1524.76
O302964,C100335,2025-04-21,India,110.93
O302965,C101119,2024-10-18,Mexico,1063.95
O302966,C100502,2024-06-14,Brazil,787.02
O302967,C100271,2024-04-09,United States,429.67
O302968,C100427,2024-03-20,India,615.76
O302969,C100629,2025-01-04,United States,1746.06
O302970,C100825,2025-08-15,India,515.69
O302971,C101113,2025-07-29,Japan,126.11
O302972,C100233,2024-01-11,Spain,130.44
O302973,C101152,2024-01-31,Japan,809.28
O302974,C100633,2024-09-15,Spain,862.4599999999999
O302975,C100153,2024-09-27,United Kingdom,402.15000000000003
O302976,C101111,2024-10-22,India,458.30999999999995
O302977,C100418,2024-09-13,United States,587.46
O302978,C100744,2024-09-20,Sweden,297.17
O302979,C100837,2025-05-16,Canada,148.38
O302980,C100016,2025-01-16,Australia,1311.62
O302981,C100265,2025-04-06,Japan,461.98999999999995
O302982,C100823,2024-06-30,India,1208.32
O302983,C100389,2024-05-23,Brazil,313.08
O302984,C100011,2025-07-09,Italy,253.60000000000002
O302985,C100027,2024-11-27,United States,770.88
O302986,C100991,2024-08-20,United States,274.53999999999996
O302987,C100184,2025-02-26,Sweden,212.96999999999997
O302988,C100120,2024-01-26,Canada,232.99
O302989,C100674,2024-05-19,United States,92.56
O302990,C100142,2024-01-29,Japan,1084.53
O302991,C100783,2025-02-23,Sweden,11.62
O302992,C100652,2025-06-29,United States,15.24
O302993,C100778,2024-03-05,France,627.29
O302994,C100589,2024-08-14,Italy,399.58
O302995,C100934,2024-09-06,United States,944.76
O302996,C100773,2024-04-16,Brazil,565.0
O302997,C100498,2025-07-25,Japan,1124.79
O302998,C100018,2025-08-15,United States,105.33
O302999,C100328,2025-03-30,Germany,1319.06
O303000,C100157,2024-06-01,South Korea,387.63
O303001,C100018,2025-07-29,United States,84.82
O303002,C100327,2024-05-01,Mexico,638.28
O303003,C100247,2024-08-12,Spain,336.78999999999996
O303004,C100092,2024-12-15,India,253.58
O303005,C100374,2025-07-01,India,462.55
O303006,C100607,2024-02-10,Canada,766.42
O303007,C100213,2025-06-26,Germany,817.9200000000001
O303008,C100327,2025-07-04,Mexico,820.79
O303009,C100024,2024-08-30,Sweden,245.93
O303010,C100060,2025-04-29,India,76.92
O303011,C100188,2025-06-20,Brazil,102.19
O303012,C100543,2025-01-24,Mexico,47.58
O303013,C100799,2024-06-21,India,1943.52
O303014,C100946,2025-08-28,India,252.42000000000002
O303015,C100755,2025-02-27,United States,467.81
O303016,C100740,2024-10-01,United States,146.29000000000002
O303017,C101122,2025-05-09,Australia,539.0699999999999
O303018,C100306,2025-07-02,Canada,1146.69
O303019,C100957,2025-05-04,Canada,758.73
O303020,C101124,2025-02-06,Canada,242.57999999999998
O303021,C100681,2025-03-06,India,968.21
O303022,C101008,2024-02-01,United Kingdom,1185.1000000000001
O303023,C100165,2025-05-31,United States,454.71000000000004
O303024,C101054,2025-04-17,Netherlands,44.99
O303025,C100676,2025-07-09,India,323.49
O303026,C100265,2024-01-24,Japan,480.72999999999996
O303027,C100073,2024-11-27,Spain,453.66999999999996
O303028,C100863,2024-09-05,India,1091.82
O303029,C100517,2025-03-01,Brazil,234.3
O303030,C100372,2024-02-07,United States,712.87
O303031,C100468,2024-10-03,United States,437.81
O303032,C101189,2025-08-02,United States,114.85
O303033,C100513,2024-04-12,South Korea,1091.01
O303034,C100094,2024-01-12,South Korea,231.51
O303035,C100335,2024-07-17,India,56.94
O303036,C100174,2024-09-27,United States,523.47
O303037,C100822,2025-02-25,United Kingdom,524.12
O303038,C100960,2024-11-08,Sweden,47.38
O303039,C101009,2024-07-30,United Kingdom,635.81
O303040,C100759,2024-07-31,United States,726.1600000000001
O303041,C100922,2024-09-02,Japan,156.91
O303042,C100500,2025-08-05,United States,247.64999999999998
O303043,C100753,2025-05-10,India,211.23999999999998
O303044,C100128,2024-04-07,United Kingdom,72.36
O303045,C100646,2025-05-13,France,366.88
O303046,C100668,2025-05-28,Canada,1903.35
O303047,C100037,2024-04-01,Australia,196.2
O303048,C100657,2024-12-04,Mexico,559.11
O303049,C100867,2024-05-17,India,2246.17
O303050,C100441,2025-07-19,Italy,88.78999999999999
O303051,C100653,2024-05-10,France,1198.43
O303052,C100343,2024-08-27,India,44.519999999999996
O303053,C100324,2024-03-28,United States,520.41
O303054,C100155,2025-05-28,India,28.410000000000004
O303055,C100393,2024-05-18,India,132.6
O303056,C100963,2025-05-07,South Korea,682.7
O303057,C101122,2024-06-16,Australia,266.90999999999997
O303058,C100762,2024-09-19,France,338.26
O303059,C100749,2025-07-24,United States,376.81
O303060,C100736,2024-07-16,United States,250.12
O303061,C100571,2024-08-26,Australia,1493.01
O303062,C100507,2024-09-01,India,456.78
O303063,C100745,2024-09-08,France,31.57
O303064,C100941,2025-04-16,India,915.1700000000001
O303065,C100496,2025-03-25,India,17.76
O303066,C100679,2024-02-22,Germany,720.51
O303067,C100564,2024-09-04,United States,322.7
O303068,C100342,2024-11-06,United States,97.15
O303069,C100348,2024-03-27,Japan,67.12
O303070,C100094,2025-01-10,South Korea,667.17
O303071,C100527,2025-08-08,Spain,571.24
O303072,C100854,2024-12-15,India,54.7
O303073,C100822,2025-08-24,United Kingdom,616.58
O303074,C101182,2024-09-17,India,90.7
O303075,C100047,2025-06-04,Canada,849.1299999999999
O303076,C100912,2024-05-24,France,1288.8500000000001
O303077,C100954,2024-06-02,India,507.0
O303078,C100523,2025-06-30,United States,954.1099999999999
O303079,C100339,2024-07-20,United States,502.97
O303080,C100428,2025-06-20,Australia,88.63
O303081,C100819,2024-10-29,Sweden,918.55
O303082,C101034,2024-08-15,Sweden,882.59
O303083,C100771,2025-08-17,Netherlands,479.7
O303084,C100617,2025-04-12,Germany,619.43
O303085,C100783,2024-04-26,Sweden,278.61
O303086,C100084,2025-06-19,France,278.81
O303087,C100729,2024-01-28,United States,490.53
O303088,C100050,2024-08-18,India,878.5200000000001
O303089,C101150,2024-10-15,France,532.0699999999999
O303090,C101067,2025-08-07,India,309.97
O303091,C100610,2025-03-01,Brazil,598.21
O303092,C100448,2024-09-25,Japan,708.9100000000001
O303093,C100878,2025-08-23,Canada,385.97
O303094,C100765,2024-10-29,Canada,416.26
O303095,C100846,2025-03-19,South Korea,292.54
O303096,C100618,2024-02-08,Spain,251.42000000000002
O303097,C100283,2025-01-13,United Kingdom,789.14
O303098,C100087,2024-04-10,Netherlands,507.36000000000007
O303099,C100339,2024-05-26,United States,68.47
O303100,C100634,2025-01-24,India,380.54
O303101,C100508,2025-02-13,Sweden,267.71
O303102,C100607,2025-08-13,Canada,258.48
O303103,C100333,2025-07-02,Brazil,176.07
O303104,C101125,2024-07-07,United States,308.61
O303105,C100440,2024-12-04,United States,703.72
O303106,C101015,2025-01-22,India,917.53
O303107,C100469,2024-07-16,India,68.02000000000001
O303108,C100532,2024-07-19,United States,412.16
O303109,C100724,2024-09-27,India,299.12
O303110,C100315,2025-06-10,Netherlands,189.59
O303111,C100263,2024-06-12,Germany,587.95
O303112,C100455,2025-03-14,Spain,347.99
O303113,C100965,2024-10-04,United Kingdom,135.17
O303114,C100173,2024-07-26,Mexico,489.65
O303115,C100525,2025-03-03,Germany,724.05
O303116,C100806,2025-08-02,Netherlands,465.25
O303117,C100847,2025-01-17,Canada,375.46000000000004
O303118,C100521,2024-03-15,United States,919.07
O303119,C100097,2024-04-19,Germany,62.06
O303120,C100019,2025-02-15,United States,142.38
O303121,C100563,2025-04-29,United States,125.71000000000001
O303122,C100972,2024-09-30,Germany,465.8
O303123,C100033,2025-07-31,India,222.70000000000005
O303124,C101064,2025-01-03,South Korea,737.79
O303125,C100811,2024-02-29,Sweden,284.11
O303126,C100009,2024-10-06,United Kingdom,51.480000000000004
O303127,C100412,2025-05-21,United Kingdom,108.98
O303128,C100264,2025-08-04,United States,382.0
O303129,C101139,2025-03-01,Brazil,1094.6399999999999
O303130,C100665,2025-02-26,Brazil,523.76
O303131,C100388,2025-06-15,India,1205.75
O303132,C100333,2025-03-22,Brazil,1117.69
O303133,C100676,2025-06-20,India,697.31
O303134,C100006,2025-03-06,Japan,875.37
O303135,C100308,2024-05-17,India,2889.98
O303136,C100198,2024-10-31,Australia,381.18
O303137,C100744,2024-10-13,Sweden,2668.3599999999997
O303138,C100803,2024-03-11,India,2140.9900000000002
O303139,C100560,2025-05-30,United States,125.03999999999999
O303140,C100168,2024-06-19,United States,231.85
O303141,C100444,2024-03-27,United States,375.39
O303142,C101011,2024-01-07,Brazil,219.01999999999998
O303143,C100244,2024-12-07,United States,40.78
O303144,C100196,2024-10-02,United States,116.11
O303145,C100133,2025-02-16,India,122.5
O303146,C100980,2024-10-05,Japan,164.47
O303147,C100143,2024-10-29,United States,420.07
O303148,C100697,2025-02-26,United States,2820.0499999999997
O303149,C101198,2024-06-29,Germany,620.19
O303150,C100770,2024-01-02,United States,94.16
O303151,C100494,2024-01-11,Germany,176.34
O303152,C100248,2024-09-13,United States,492.08
O303153,C100002,2024-06-19,Japan,1028.79
O303154,C100186,2024-09-25,Mexico,818.3
O303155,C101143,2025-08-23,Netherlands,487.12
O303156,C100172,2024-02-16,Germany,361.83000000000004
O303157,C100023,2025-01-07,United Kingdom,421.6
O303158,C100979,2024-10-25,Japan,203.42
O303159,C100502,2024-11-12,Brazil,104.59
O303160,C100428,2024-11-22,Australia,27.72
O303161,C100860,2024-06-06,Brazil,367.98
O303162,C100627,2024-01-18,United Kingdom,370.44000000000005
O303163,C101097,2025-03-15,Brazil,116.6
O303164,C100561,2025-07-17,Italy,617.17
O303165,C100855,2025-05-29,United States,835.33
O303166,C101054,2025-04-15,Netherlands,1503.54
O303167,C100556,2024-07-13,United States,152.82
O303168,C100341,2025-05-23,Mexico,1759.3700000000001
O303169,C101169,2024-05-26,Mexico,277.20000000000005
O303170,C100272,2024-06-10,Sweden,348.77
O303171,C100047,2025-05-27,Canada,532.1600000000001
O303172,C100693,2025-01-27,India,143.76
O303173,C101184,2025-03-14,India,109.42
O303174,C100103,2024-10-22,Japan,186.6
O303175,C101019,2025-01-04,United States,833.0600000000001
O303176,C100996,2024-04-22,India,423.80999999999995
O303177,C101114,2025-07-11,India,92.08
O303178,C100505,2025-05-16,Brazil,467.90999999999997
O303179,C100305,2024-11-08,Italy,179.51
O303180,C100614,2024-09-20,India,754.77
O303181,C100170,2024-09-28,India,508.08
O303182,C101011,2024-07-05,Brazil,199.43
O303183,C100795,2024-02-16,United States,367.58
O303184,C100579,2024-07-23,India,1132.32
O303185,C100619,2024-05-05,United States,1472.5700000000002
O303186,C100854,2024-10-22,India,549.67
O303187,C100627,2024-12-27,United Kingdom,599.62
O303188,C101007,2024-11-08,India,172.26
O303189,C101109,2025-06-13,India,77.29
O303190,C101139,2025-05-24,Brazil,85.12
O303191,C100744,2024-04-16,Sweden,301.32
O303192,C100891,2025-08-07,Mexico,564.51
O303193,C100373,2024-11-13,South Korea,382.64000000000004
O303194,C100045,2024-12-06,Japan,965.9000000000001
O303195,C100480,2024-08-30,India,705.27
O303196,C101046,2025-06-12,India,716.38
O303197,C100160,2024-02-23,Australia,175.5
O303198,C100654,2024-12-28,United States,30.53
O303199,C100230,2024-01-15,France,378.07
O303200,C100515,2024-06-26,United States,106.92000000000002
O303201,C100172,2025-01-19,Germany,43.05
O303202,C100881,2025-07-23,United States,363.11
O303203,C100972,2024-01-26,Germany,172.02
O303204,C100910,2025-03-07,United States,1410.93
O303205,C100845,2025-01-26,Germany,1448.88
O303206,C100282,2025-03-29,South Korea,184.02
O303207,C100636,2025-03-05,India,380.1
O303208,C100125,2024-08-09,United States,712.01
O303209,C100449,2024-04-17,India,703.42
O303210,C100606,2024-04-21,France,574.5
O303211,C100802,2024-05-01,Sweden,723.63
O303212,C100116,2025-01-30,Germany,517.08
O303213,C100975,2025-07-19,India,915.48
O303214,C100550,2025-01-10,United States,66.53999999999999
O303215,C101057,2024-03-25,Mexico,1788.68
O303216,C100632,2024-07-12,India,1046.72
O303217,C100656,2025-08-01,Australia,528.0699999999999
O303218,C100831,2024-07-29,France,517.67
O303219,C100983,2024-09-12,India,768.02
O303220,C100189,2025-01-21,France,535.71
O303221,C100613,2024-01-07,India,892.89
O303222,C100035,2024-05-10,United States,207.05999999999997
O303223,C100569,2024-08-24,United States,374.83000000000004
O303224,C100976,2024-02-03,Brazil,93.99
O303225,C101038,2024-05-23,India,149.5
O303226,C100340,2024-10-02,India,16.56
O303227,C100463,2024-05-30,France,326.23
O303228,C100661,2025-03-17,India,1116.3400000000001
O303229,C100475,2024-05-28,India,252.62
O303230,C100213,2025-01-19,Germany,888.0600000000001
O303231,C100365,2024-03-23,United Kingdom,2136.0299999999997
O303232,C100484,2024-10-27,Sweden,45.09
O303233,C100622,2025-05-23,Japan,117.73
O303234,C101104,2024-07-01,United Kingdom,948.2299999999999
O303235,C100653,2024-05-17,France,183.7
O303236,C100464,2024-01-21,India,295.24
O303237,C100792,2025-04-16,United States,674.9
O303238,C100927,2025-08-15,United Kingdom,311.9
O303239,C100516,2025-01-18,United States,780.89
O303240,C100587,2025-05-13,Sweden,843.53
O303241,C100261,2024-05-23,Australia,1226.7599999999998
O303242,C101037,2024-12-09,South Korea,720.46
O303243,C101040,2024-03-15,Australia,344.28000000000003
O303244,C100209,2025-04-19,Sweden,428.92
O303245,C100415,2025-06-19,United States,656.31
O303246,C100326,2025-04-12,United States,1271.92
O303247,C101107,2025-06-23,India,584.41
O303248,C100078,2024-05-19,United States,5.45
O303249,C100248,2024-03-29,United States,857.26
O303250,C100377,2024-08-17,India,362.37
O303251,C100672,2024-01-14,India,50.88
O303252,C100298,2024-05-27,United States,272.67
O303253,C100643,2024-05-02,United States,1593.91
O303254,C100896,2025-02-20,Japan,87.87
O303255,C100994,2024-07-12,Mexico,258.41999999999996
O303256,C100118,2025-07-19,Italy,647.95
O303257,C100166,2024-04-08,United States,209.86
O303258,C100114,2025-08-15,Brazil,514.34
O303259,C101091,2024-05-29,South Korea,488.3
O303260,C100782,2025-01-05,Canada,231.2
O303261,C100637,2024-01-15,United Kingdom,427.99
O303262,C100949,2024-06-09,India,293.13
O303263,C100703,2025-03-08,India,689.37
O303264,C100282,2025-08-03,South Korea,10.49
O303265,C100612,2025-02-01,Germany,68.45
O303266,C100843,2025-05-13,United States,69.19
O303267,C100043,2024-09-16,India,655.3100000000001
O303268,C100727,2024-03-03,Germany,200.59
O303269,C100596,2024-01-01,India,96.98
O303270,C100083,2024-03-23,United Kingdom,911.6400000000001
O303271,C100316,2025-03-12,United States,522.65
O303272,C100538,2025-01-11,United States,298.42
O303273,C100411,2024-04-20,Germany,28.74
O303274,C100348,2024-06-25,Japan,1054.21
O303275,C100778,2025-06-29,France,792.27
O303276,C100485,2025-02-04,Australia,543.58
O303277,C100597,2025-04-25,Italy,588.22
O303278,C100957,2025-06-20,Canada,257.22
O303279,C100111,2024-08-24,Spain,559.35
O303280,C100431,2025-01-16,Australia,315.59
O303281,C100087,2025-01-11,Netherlands,1842.2
O303282,C101112,2024-03-03,Sweden,882.61
O303283,C100222,2025-02-05,India,398.48
O303284,C100983,2024-11-20,India,2251.73
O303285,C100229,2024-10-03,India,492.34
O303286,C100388,2025-01-07,India,2819.56
O303287,C100729,2025-05-13,United States,1545.19
O303288,C100997,2024-01-23,United States,102.39000000000001
O303289,C100213,2024-08-21,Germany,836.35
O303290,C100255,2024-11-12,United Kingdom,241.62
O303291,C101058,2025-04-05,India,574.96
O303292,C100386,2025-01-08,India,1248.3799999999999
O303293,C100251,2024-12-04,India,1336.74
O303294,C100892,2025-07-30,Italy,211.38
O303295,C100109,2024-04-24,United Kingdom,345.03000000000003
O303296,C101040,2025-02-28,Australia,1093.92
O303297,C101050,2024-03-21,India,331.68
O303298,C101027,2025-05-17,United States,447.13
O303299,C100354,2025-01-02,Netherlands,47.51
O303300,C100137,2024-06-02,India,704.28
O303301,C100510,2025-06-23,United States,1231.1399999999999
O303302,C100401,2024-09-17,United Kingdom,268.31
O303303,C101150,2025-01-05,France,863.3799999999999
O303304,C100758,2025-07-27,Spain,605.77
O303305,C101133,2024-05-13,India,878.4100000000001
O303306,C100901,2025-06-23,Netherlands,8.52
O303307,C100857,2024-06-14,United Kingdom,500.59
O303308,C100134,2024-08-11,United States,529.08
O303309,C100082,2025-03-14,United States,896.8199999999999
O303310,C100055,2024-09-23,India,563.14
O303311,C100712,2025-08-31,Germany,529.63
O303312,C100242,2024-11-29,Canada,141.28
O303313,C101186,2025-01-05,India,1217.6699999999998
O303314,C100159,2024-09-09,United Kingdom,282.12
O303315,C101136,2025-05-30,Japan,873.6800000000001
O303316,C100801,2024-03-10,United States,2132.63
O303317,C100127,2025-04-10,United States,272.21999999999997
O303318,C100070,2024-04-26,United States,854.6199999999999
O303319,C100475,2025-05-03,India,769.54
O303320,C100406,2024-05-14,South Korea,1038.4099999999999
O303321,C100378,2025-08-15,Canada,641.8499999999999
O303322,C100634,2024-09-18,India,129.96
O303323,C100155,2025-05-06,India,656.15
O303324,C100155,2024-01-23,India,60.29
O303325,C100833,2025-06-22,United States,218.76999999999998
O303326,C101188,2025-04-13,Japan,282.24
O303327,C100328,2025-02-12,Germany,336.54
O303328,C101118,2024-05-23,Italy,223.77
O303329,C100413,2024-12-13,Netherlands,403.22
O303330,C100403,2025-06-01,United States,407.52
O303331,C100108,2025-02-21,United Kingdom,76.69
O303332,C100507,2025-02-18,India,828.5300000000001
O303333,C100597,2025-08-10,Italy,926.27
O303334,C100796,2025-02-07,Canada,132.84
O303335,C100189,2025-03-12,France,249.92000000000002
O303336,C100226,2024-08-02,Germany,1605.3
O303337,C100518,2024-10-27,India,437.70000000000005
O303338,C100083,2024-09-17,United Kingdom,1266.37
O303339,C100172,2024-06-09,Germany,580.9300000000001
O303340,C100754,2024-03-20,Japan,617.62
O303341,C101144,2025-06-09,Australia,858.9000000000001
O303342,C100687,2024-09-22,India,669.54
O303343,C100173,2024-10-04,Mexico,776.55
O303344,C101189,2024-10-17,United States,121.10999999999999
O303345,C100626,2025-08-10,United Kingdom,427.43
O303346,C100860,2024-02-14,Brazil,287.75
O303347,C100236,2024-06-22,Brazil,758.59
O303348,C100694,2025-04-14,India,168.23
O303349,C100091,2025-06-23,Japan,730.53
O303350,C100750,2025-03-07,Brazil,126.62
O303351,C100242,2024-06-03,Canada,73.26
O303352,C101091,2024-05-19,South Korea,423.39
O303353,C100065,2025-06-15,Australia,123.09
O303354,C100783,2025-07-13,Sweden,229.89
O303355,C100167,2025-02-07,United States,1474.8899999999999
O303356,C100824,2025-07-23,India,227.99
O303357,C100592,2024-03-13,Japan,398.46
O303358,C101160,2024-05-20,India,612.76
O303359,C100782,2024-02-01,Canada,173.52
O303360,C100446,2024-07-29,India,364.96000000000004
O303361,C100104,2025-01-05,India,769.5400000000001
O303362,C100714,2024-08-23,United States,534.38
O303363,C100529,2024-03-14,Sweden,713.36
O303364,C100063,2025-06-14,United States,188.48
O303365,C100697,2024-09-20,United States,186.15
O303366,C100251,2024-07-10,India,429.98
O303367,C100281,2025-02-17,France,1398.8899999999999
O303368,C100010,2025-04-03,Germany,485.79999999999995
O303369,C100446,2025-03-03,India,440.71
O303370,C100261,2024-04-27,Australia,309.36
O303371,C100086,2025-06-21,India,252.5
O303372,C100521,2025-08-31,United States,22.22
O303373,C100264,2024-11-07,United States,906.22
O303374,C100160,2025-06-12,Australia,649.84
O303375,C100560,2025-08-01,United States,515.86
O303376,C100075,2025-02-16,India,2214.33
O303377,C101188,2024-06-29,Japan,308.8
O303378,C100565,2024-02-01,Japan,163.34
O303379,C101195,2025-07-18,India,556.19
O303380,C101057,2024-09-20,Mexico,171.99
O303381,C101175,2025-06-28,Canada,106.84
O303382,C100651,2025-01-08,United States,521.3299999999999
O303383,C100507,2024-04-07,India,959.1400000000001
O303384,C100863,2025-05-02,India,587.71
O303385,C100096,2024-02-07,Australia,457.32
O303386,C101008,2024-08-08,United Kingdom,768.71
O303387,C100388,2025-02-14,India,148.42
O303388,C100008,2024-03-06,Australia,171.0
O303389,C100285,2024-03-23,India,1149.7399999999998
O303390,C100290,2024-10-30,India,405.9
O303391,C100016,2024-01-25,Australia,469.23999999999995
O303392,C100802,2024-09-26,Sweden,13.97
O303393,C100114,2024-02-21,Brazil,374.28
O303394,C101016,2024-11-29,United States,732.89
O303395,C100543,2025-08-04,Mexico,19.41
O303396,C100861,2024-01-05,Canada,16.65
O303397,C100407,2024-05-15,India,707.72
O303398,C100158,2025-07-26,United States,459.11
O303399,C100216,2024-05-26,Japan,93.9
O303400,C100775,2024-08-02,United States,26.58
O303401,C100859,2025-04-20,India,577.1
O303402,C100321,2024-11-10,Mexico,471.88
O303403,C100428,2025-07-05,Australia,554.2099999999999
O303404,C101134,2024-08-02,Japan,302.58
O303405,C101022,2025-03-14,Brazil,297.98
O303406,C100495,2024-09-13,India,574.7
O303407,C100289,2025-02-21,Spain,345.9
O303408,C100361,2024-05-21,United Kingdom,495.21000000000004
O303409,C100646,2024-03-08,France,552.9
O303410,C100680,2024-07-26,India,399.49
O303411,C100220,2025-05-16,United States,987.8399999999999
O303412,C100079,2024-05-02,India,893.99
O303413,C100594,2024-05-08,Japan,677.97
O303414,C100956,2025-06-17,South Korea,496.31
O303415,C100182,2025-04-10,United Kingdom,1059.28
O303416,C100490,2024-04-24,India,1428.78
O303417,C100193,2025-05-06,United States,2028.1699999999998
O303418,C100290,2025-07-25,India,389.53999999999996
O303419,C100734,2024-01-22,Netherlands,62.6
O303420,C100343,2025-06-22,India,925.57
O303421,C100316,2025-02-09,United States,736.9
O303422,C101194,2024-02-13,South Korea,721.11
O303423,C100206,2025-06-27,Spain,123.4
O303424,C100227,2025-08-05,India,348.46000000000004
O303425,C101115,2025-04-29,Brazil,419.17
O303426,C100660,2024-09-16,United States,418.55
O303427,C100051,2025-05-30,Japan,364.84000000000003
O303428,C100509,2024-12-31,India,476.33000000000004
O303429,C100678,2025-01-17,Japan,1051.83
O303430,C100303,2024-07-13,United Kingdom,759.64
O303431,C100657,2024-08-30,Mexico,186.4
O303432,C100778,2024-12-13,France,309.24
O303433,C100300,2024-08-03,United Kingdom,770.29
O303434,C100974,2024-07-07,United States,133.13
O303435,C100543,2024-12-24,Mexico,144.53
O303436,C101156,2024-04-19,United States,113.59
O303437,C100105,2025-06-27,Germany,27.77
O303438,C100389,2025-03-23,Brazil,445.71
O303439,C100865,2025-06-27,Italy,403.07
O303440,C101073,2024-04-18,United States,1255.22
O303441,C100266,2024-01-03,Japan,65.22
O303442,C101176,2024-11-08,Australia,704.0600000000001
O303443,C100232,2024-06-01,India,790.5
O303444,C100499,2025-01-10,United States,981.29
O303445,C100377,2024-08-10,India,416.12
O303446,C100509,2024-02-23,India,781.03
O303447,C101082,2024-08-09,Australia,195.79000000000002
O303448,C100879,2025-06-24,United Kingdom,372.03
O303449,C100955,2025-05-15,Brazil,981.0999999999999
O303450,C100304,2025-04-13,Netherlands,1167.23
O303451,C101136,2025-05-23,Japan,970.58
O303452,C100522,2024-02-16,Mexico,31.32
O303453,C100782,2024-07-24,Canada,353.41
O303454,C100837,2024-05-31,Canada,594.81
O303455,C100795,2024-10-04,United States,330.03
O303456,C100722,2025-03-30,United States,531.47
O303457,C100576,2024-12-04,United Kingdom,507.29
O303458,C100777,2024-02-03,Japan,850.0500000000001
O303459,C101086,2025-07-10,Canada,625.75
O303460,C100467,2024-09-27,Spain,452.2
O303461,C100613,2024-03-15,India,901.84
O303462,C100216,2025-04-27,Japan,879.5300000000001
O303463,C100426,2024-08-01,Netherlands,746.6999999999999
O303464,C100926,2025-01-27,India,376.5
O303465,C100768,2025-07-23,United States,334.31
O303466,C100253,2024-05-24,South Korea,1274.14
O303467,C100655,2024-12-16,Mexico,322.07
O303468,C100974,2024-10-08,United States,398.13
O303469,C100148,2025-02-21,Brazil,53.21
O303470,C100074,2024-10-15,Germany,280.65
O303471,C100471,2025-06-14,France,453.48
O303472,C100787,2024-08-03,India,140.41
O303473,C100375,2025-03-12,France,337.74
O303474,C100985,2024-12-07,Netherlands,202.79000000000002
O303475,C101016,2025-03-21,United States,36.72
O303476,C100639,2024-02-07,United States,956.64
O303477,C100454,2025-01-31,India,62.82000000000001
O303478,C100050,2025-02-20,India,135.03
O303479,C100985,2024-07-15,Netherlands,420.26
O303480,C101074,2024-07-12,Brazil,148.44
O303481,C100530,2024-02-09,Sweden,462.08000000000004
O303482,C100619,2024-11-13,United States,325.89
O303483,C100904,2024-03-22,Mexico,561.72
O303484,C100834,2024-06-02,India,511.03999999999996
O303485,C100162,2025-01-03,United States,668.0899999999999
O303486,C100806,2025-02-27,Netherlands,1580.1399999999999
O303487,C101109,2025-06-09,India,17.22
O303488,C100900,2025-04-26,Italy,768.23
O303489,C100576,2025-07-20,United Kingdom,265.15
O303490,C100627,2025-05-23,United Kingdom,129.32999999999998
O303491,C100311,2025-02-08,Japan,1834.1299999999999
O303492,C100792,2024-12-01,United States,235.30000000000004
O303493,C100289,2025-03-01,Spain,445.92
O303494,C100410,2025-06-17,Italy,418.27
O303495,C100318,2024-05-23,India,121.61
O303496,C100402,2024-10-31,United States,277.21000000000004
O303497,C100440,2025-05-07,United States,234.34
O303498,C100099,2025-05-31,India,27.119999999999997
O303499,C100861,2024-10-23,Canada,474.94000000000005
O303500,C100529,2024-06-07,Sweden,746.3299999999999
O303501,C101139,2024-04-21,Brazil,114.72999999999999
O303502,C100217,2024-05-18,Canada,26.88
O303503,C100802,2025-08-01,Sweden,698.5799999999999
O303504,C100215,2024-12-10,Japan,595.26
O303505,C100656,2024-05-17,Australia,79.6
O303506,C100589,2024-04-23,Italy,725.49
O303507,C100538,2025-02-25,United States,402.72
O303508,C100785,2024-09-20,United States,817.74
O303509,C100993,2024-07-26,India,1044.99
O303510,C100380,2024-04-24,Sweden,324.87
O303511,C101019,2024-07-26,United States,300.25
O303512,C100221,2025-05-20,Germany,15.36
O303513,C100351,2025-07-18,India,434.48
O303514,C100372,2025-08-08,United States,800.07
O303515,C101144,2024-12-08,Australia,21.5
O303516,C100142,2024-11-07,Japan,2367.87
O303517,C100474,2024-06-15,Japan,193.38
O303518,C100509,2024-04-20,India,363.04999999999995
O303519,C100960,2024-06-14,Sweden,53.09
O303520,C100583,2025-02-28,United States,104.52
O303521,C101160,2024-04-02,India,527.34
O303522,C100888,2024-02-04,Japan,807.63
O303523,C100844,2024-02-25,India,337.15
O303524,C100903,2024-02-02,United Kingdom,417.74
O303525,C100193,2024-09-12,United States,227.72
O303526,C100538,2024-03-30,United States,67.26
O303527,C100703,2025-05-27,India,487.89
O303528,C100250,2024-11-13,United States,375.03000000000003
O303529,C100142,2024-03-06,Japan,682.0
O303530,C100162,2025-01-13,United States,868.46
O303531,C100946,2025-06-21,India,341.87
O303532,C100788,2025-02-17,Japan,244.76
O303533,C100337,2025-07-16,United States,845.71
O303534,C100884,2024-12-10,France,193.51
O303535,C100834,2025-05-11,India,1755.42
O303536,C100979,2024-03-22,Japan,2585.85
O303537,C101092,2025-05-12,India,221.75
O303538,C101058,2024-02-09,India,1564.8
O303539,C100217,2024-03-23,Canada,343.45
O303540,C100923,2024-12-29,Brazil,467.98
O303541,C100471,2024-10-09,France,334.0
O303542,C100483,2024-10-06,Mexico,245.19
O303543,C100776,2025-04-25,Italy,243.06
O303544,C100722,2024-06-02,United States,1455.84
O303545,C100503,2025-02-16,Mexico,1035.24
O303546,C101199,2024-04-12,France,192.14999999999998
O303547,C100209,2024-09-10,Sweden,1636.54
O303548,C100116,2024-10-03,Germany,596.16
O303549,C100034,2025-05-14,United States,691.12
O303550,C100977,2025-06-14,Mexico,685.99
O303551,C100487,2024-06-21,Brazil,472.5
O303552,C100524,2025-03-12,United Kingdom,1970.54
O303553,C100779,2025-08-06,United Kingdom,563.36
O303554,C100522,2025-04-24,Mexico,341.58000000000004
O303555,C100688,2024-06-30,United Kingdom,1564.9900000000002
O303556,C100070,2024-04-15,United States,850.06
O303557,C100187,2024-09-02,India,172.15
O303558,C101118,2025-02-15,Italy,75.05
O303559,C100540,2024-02-16,India,584.05
O303560,C100200,2024-04-26,Australia,177.32
O303561,C100443,2024-02-03,Italy,137.91
O303562,C100401,2025-05-14,United Kingdom,468.81000000000006
O303563,C100329,2024-05-25,Australia,241.11
O303564,C100352,2025-04-01,India,2295.2799999999997
O303565,C100875,2025-04-15,Canada,1101.7
O303566,C100128,2025-05-11,United Kingdom,136.39999999999998
O303567,C100371,2025-07-25,United States,281.95
O303568,C100561,2024-03-08,Italy,163.95
O303569,C100648,2024-08-06,Japan,551.53
O303570,C101056,2025-02-25,India,733.73
O303571,C101107,2024-06-06,India,657.5
O303572,C100356,2024-02-16,Brazil,53.91
O303573,C100647,2024-04-15,India,680.04
O303574,C100026,2024-01-22,Brazil,385.05
O303575,C100740,2024-06-02,United States,442.59999999999997
O303576,C100183,2024-11-09,France,974.83
O303577,C100087,2024-06-28,Netherlands,1647.21
O303578,C100806,2025-04-04,Netherlands,642.1
O303579,C100213,2024-02-05,Germany,626.04
O303580,C100572,2024-06-21,India,306.28000000000003
O303581,C100121,2024-09-13,United Kingdom,581.58
O303582,C100894,2024-06-20,United Kingdom,642.5999999999999
O303583,C100917,2025-06-05,Netherlands,174.45
O303584,C100689,2024-06-04,Germany,76.1
O303585,C101003,2024-07-26,Mexico,893.71
O303586,C100524,2025-05-30,United Kingdom,684.54
O303587,C100223,2025-01-17,Italy,65.45
O303588,C100181,2025-04-01,South Korea,389.09000000000003
O303589,C100263,2024-12-20,Germany,532.4499999999999
O303590,C100240,2024-02-02,United States,767.81
O303591,C100387,2025-02-18,United States,1931.71
O303592,C100257,2024-09-15,Japan,111.66
O303593,C100709,2025-02-19,Netherlands,667.27
O303594,C100178,2025-06-16,Brazil,623.5799999999999
O303595,C100746,2025-04-11,United Kingdom,1070.94
O303596,C100400,2024-08-06,United States,218.51
O303597,C100824,2024-07-12,India,573.2900000000001
O303598,C100615,2024-08-30,Canada,91.74
O303599,C101086,2024-06-07,Canada,797.45
O303600,C100527,2024-02-02,Spain,114.12
O303601,C100354,2025-08-14,Netherlands,171.78
O303602,C100706,2025-06-05,Germany,573.46
O303603,C100790,2024-12-06,South Korea,744.01
O303604,C100527,2025-01-14,Spain,106.28
O303605,C100671,2025-03-05,India,736.45
O303606,C100565,2024-06-19,Japan,608.85
O303607,C100367,2025-08-26,United States,135.92000000000002
O303608,C100376,2025-06-14,United Kingdom,507.92
O303609,C101088,2025-06-27,Germany,228.29999999999998
O303610,C100810,2024-03-08,Mexico,969.72
O303611,C100114,2025-08-16,Brazil,379.73
O303612,C101154,2024-04-13,India,1165.6599999999999
O303613,C100854,2025-08-20,India,639.8299999999999
O303614,C100060,2024-01-10,India,256.68
O303615,C100873,2024-09-27,Canada,424.15999999999997
O303616,C100707,2024-08-27,Italy,713.79
O303617,C101098,2025-08-30,Netherlands,323.06
O303618,C100587,2024-10-13,Sweden,822.4399999999999
O303619,C100622,2024-05-17,Japan,35.88
O303620,C100377,2024-07-04,India,587.74
O303621,C100385,2025-06-07,South Korea,930.77
O303622,C100741,2024-07-05,Mexico,133.43
O303623,C100993,2025-08-30,India,582.79
O303624,C101068,2025-02-19,United States,1213.73
O303625,C100924,2024-08-03,Australia,975.65
O303626,C100731,2024-09-10,Canada,491.33000000000004
O303627,C100600,2024-05-20,Germany,708.6600000000001
O303628,C100407,2025-01-27,India,212.42
O303629,C100921,2024-02-09,Canada,976.23
O303630,C100381,2024-11-15,Mexico,174.69
O303631,C100321,2025-07-01,Mexico,203.42000000000002
O303632,C101041,2024-11-22,United States,631.81
O303633,C100707,2025-01-03,Italy,601.21
O303634,C100425,2025-05-02,India,471.88
O303635,C101038,2025-03-18,India,156.24
O303636,C101155,2024-11-12,Germany,20.83
O303637,C100381,2025-01-24,Mexico,283.59
O303638,C100625,2025-05-09,Japan,789.47
O303639,C100580,2024-07-22,Australia,194.35
O303640,C100841,2024-09-17,United States,243.77999999999997
O303641,C101141,2025-05-01,India,1554.08
O303642,C100658,2024-12-27,Canada,699.79
O303643,C100957,2025-02-01,Canada,1430.58
O303644,C100714,2024-09-27,United States,792.0699999999999
O303645,C101064,2024-12-17,South Korea,1323.55
O303646,C100485,2025-03-06,Australia,200.95
O303647,C100462,2024-05-04,India,1334.31
O303648,C100506,2025-07-20,United States,1604.1600000000003
O303649,C101195,2024-12-27,India,184.2
O303650,C100733,2024-09-01,Netherlands,326.05
O303651,C100183,2024-04-03,France,147.31
O303652,C100049,2025-03-10,United States,69.04
O303653,C100622,2025-03-22,Japan,186.28
O303654,C100966,2024-05-14,United States,458.18
O303655,C100575,2025-05-22,Australia,138.24
O303656,C100672,2024-04-28,India,377.99
O303657,C100958,2025-07-04,Italy,244.12
O303658,C100619,2024-07-22,United States,1832.24
O303659,C101090,2024-06-09,Brazil,595.16
O303660,C100765,2024-10-28,Canada,1608.68
O303661,C100877,2025-06-13,Sweden,340.34000000000003
O303662,C100937,2024-08-21,Australia,41.2
O303663,C100752,2025-01-04,India,108.66
O303664,C100060,2025-04-18,India,322.59000000000003
O303665,C100512,2025-05-07,France,848.0699999999999
O303666,C100169,2024-05-07,France,1178.35
O303667,C100612,2024-07-13,Germany,825.12
O303668,C100171,2025-07-02,Germany,674.96
O303669,C100611,2024-07-26,Mexico,49.38
O303670,C100412,2024-10-16,United Kingdom,116.37
O303671,C100024,2025-08-20,Sweden,904.3100000000001
O303672,C100149,2024-03-18,Mexico,543.08
O303673,C100603,2025-01-24,Australia,224.94
O303674,C100094,2024-04-25,South Korea,262.88
O303675,C101027,2024-02-16,United States,913.43
O303676,C100910,2024-08-30,United States,533.3299999999999
O303677,C100851,2025-02-04,France,271.15
O303678,C100206,2024-02-18,Spain,611.1899999999999
O303679,C100954,2025-05-23,India,323.64
O303680,C100761,2025-04-18,India,411.14
O303681,C100468,2025-07-05,United States,214.23
O303682,C100000,2024-12-26,United Kingdom,242.02
O303683,C100634,2024-05-25,India,563.62
O303684,C100955,2025-07-27,Brazil,134.18
O303685,C100040,2025-02-14,Australia,367.28
O303686,C100063,2025-07-27,United States,1157.1399999999999
O303687,C100459,2025-08-18,Spain,229.45999999999998
O303688,C100613,2024-01-19,India,192.86
O303689,C100569,2024-11-06,United States,602.12
O303690,C100511,2024-10-23,United Kingdom,363.02
O303691,C100306,2024-08-20,Canada,609.72
O303692,C100071,2025-03-08,Germany,238.82999999999998
O303693,C100037,2024-08-23,Australia,240.38
O303694,C100118,2025-03-19,Italy,818.68
O303695,C100828,2024-04-27,Brazil,637.75
O303696,C100943,2025-01-05,United States,998.91
O303697,C100522,2024-08-11,Mexico,396.73
O303698,C100092,2024-12-21,India,161.57999999999998
O303699,C100498,2024-12-17,Japan,585.88
O303700,C101182,2024-09-13,India,832.26
O303701,C100299,2025-04-16,Canada,346.58
O303702,C100589,2024-05-09,Italy,174.42000000000002
O303703,C100645,2024-11-05,India,1163.51
O303704,C100395,2025-06-25,United Kingdom,840.0
O303705,C100525,2025-04-15,Germany,1069.37
O303706,C100566,2025-06-10,Mexico,284.92
O303707,C100568,2024-08-24,Mexico,498.74999999999994
O303708,C100861,2025-05-07,Canada,329.84000000000003
O303709,C100697,2025-03-03,United States,588.12
O303710,C100064,2024-12-08,India,2622.2200000000003
O303711,C100007,2025-02-11,United States,1235.49
O303712,C100492,2024-09-06,India,1084.11
O303713,C101089,2025-04-17,India,1276.31
O303714,C100044,2024-08-19,France,609.15
O303715,C100085,2024-06-29,India,637.15
O303716,C100815,2025-05-19,Brazil,457.1
O303717,C100541,2024-08-09,Brazil,710.13
O303718,C100276,2024-01-09,India,737.66
O303719,C100248,2025-06-12,United States,663.03
O303720,C100798,2024-07-29,Germany,923.29
O303721,C100628,2024-07-04,South Korea,293.81
O303722,C100765,2024-12-28,Canada,221.65
O303723,C100336,2025-01-01,Netherlands,159.92000000000002
O303724,C100631,2024-06-09,Germany,896.5300000000001
O303725,C101032,2025-08-25,Italy,1012.27
O303726,C100379,2025-03-21,United States,174.8
O303727,C100475,2024-07-03,India,15.12
O303728,C100196,2025-05-10,United States,1004.85
O303729,C100766,2025-08-15,India,121.39
O303730,C100039,2024-11-02,Japan,1250.1299999999999
O303731,C100298,2024-12-31,United States,624.0500000000001
O303732,C100855,2024-02-18,United States,422.2
O303733,C100023,2025-07-01,United Kingdom,541.9100000000001
O303734,C101186,2025-03-21,India,32.65
O303735,C100484,2025-05-28,Sweden,44.47
O303736,C100478,2024-10-10,France,188.73
O303737,C100643,2025-03-13,United States,584.7
O303738,C100767,2024-01-31,United States,1286.1
O303739,C100551,2024-02-27,Japan,749.89
O303740,C101061,2024-05-31,France,40.34
O303741,C101154,2024-07-07,India,470.47
O303742,C100240,2024-10-03,United States,655.14
O303743,C100848,2024-03-12,France,358.14
O303744,C100361,2024-04-20,United Kingdom,517.92
O303745,C101194,2024-06-21,South Korea,1145.09
O303746,C100303,2025-08-10,United Kingdom,944.5
O303747,C100354,2025-07-01,Netherlands,55.67999999999999
O303748,C100857,2025-07-07,United Kingdom,173.91
O303749,C100946,2024-02-11,India,1126.23
O303750,C100154,2024-12-18,Spain,195.19
O303751,C100666,2025-05-23,United States,354.12
O303752,C100414,2024-09-08,India,248.74
O303753,C100734,2024-04-06,Netherlands,228.87
O303754,C100668,2024-04-02,Canada,1050.47
O303755,C101183,2024-01-05,United States,85.17
O303756,C101120,2025-06-07,United States,37.36
O303757,C100784,2025-08-18,Netherlands,192.26999999999998
O303758,C100815,2024-12-11,Brazil,18.12
O303759,C101078,2024-07-02,Japan,44.38
O303760,C100220,2024-07-30,United States,744.32
O303761,C100870,2024-10-11,South Korea,757.76
O303762,C100926,2024-02-12,India,140.06
O303763,C100152,2024-11-12,India,33.68
O303764,C101057,2024-02-16,Mexico,16.15
O303765,C100839,2025-01-11,Sweden,338.88
O303766,C100416,2024-05-15,Spain,264.61999999999995
O303767,C100581,2024-09-26,United States,347.5
O303768,C100587,2024-08-02,Sweden,1553.13
O303769,C101102,2024-01-16,India,579.3199999999999
O303770,C101163,2025-03-13,United States,64.93
O303771,C100968,2024-08-09,United Kingdom,731.31
O303772,C100782,2024-01-21,Canada,870.4
O303773,C100124,2024-11-18,United States,267.64
O303774,C101097,2024-08-01,Brazil,259.82
O303775,C100160,2024-01-05,Australia,632.37
O303776,C100200,2024-02-20,Australia,137.1
O303777,C100083,2025-04-15,United Kingdom,842.52
O303778,C101137,2025-08-29,India,2140.5699999999997
O303779,C100591,2025-01-15,India,80.33
O303780,C100283,2024-02-04,United Kingdom,1277.02
O303781,C100096,2025-02-11,Australia,335.27
O303782,C100494,2024-03-09,Germany,338.28000000000003
O303783,C100868,2024-07-26,Australia,458.82
O303784,C101193,2025-06-22,Spain,463.59999999999997
O303785,C100662,2024-09-06,India,2504.05
O303786,C100728,2024-12-01,India,466.51
O303787,C101003,2025-02-14,Mexico,595.86
O303788,C101082,2025-03-08,Australia,675.5899999999999
O303789,C100335,2024-04-30,India,61.82
O303790,C101190,2025-06-06,Brazil,559.47
O303791,C100622,2024-10-11,Japan,553.34
O303792,C101116,2024-01-04,India,951.31
O303793,C100140,2024-10-23,United States,28.16
O303794,C100116,2024-05-10,Germany,608.31
O303795,C101061,2024-05-24,France,417.08
O303796,C100807,2024-02-09,United States,266.49
O303797,C100210,2025-04-24,United States,902.68
O303798,C101073,2024-08-29,United States,330.0
O303799,C100122,2025-02-02,United States,132.51
O303800,C100818,2025-06-20,Japan,278.72
O303801,C100246,2024-10-13,India,747.56
O303802,C100084,2025-01-17,France,161.6
O303803,C100967,2024-02-24,United States,1376.29
O303804,C101016,2025-06-19,United States,432.91
O303805,C100126,2024-12-20,India,780.68
O303806,C100111,2025-06-08,Spain,446.7
O303807,C100737,2024-02-23,Germany,274.04
O303808,C100034,2025-01-21,United States,322.14
O303809,C100895,2024-06-12,France,528.25
O303810,C101098,2025-06-06,Netherlands,864.82
O303811,C100901,2024-09-06,Netherlands,2543.34
O303812,C100276,2024-10-02,India,267.46
O303813,C100228,2024-08-02,Japan,558.62
O303814,C100816,2025-06-04,Canada,734.28
O303815,C100073,2024-03-17,Spain,50.77
O303816,C100645,2025-03-14,India,191.64999999999998
O303817,C100538,2025-06-27,United States,416.40999999999997
O303818,C100893,2025-05-02,Brazil,2243.83
O303819,C100242,2024-05-15,Canada,572.55
O303820,C100914,2025-05-01,Japan,14.100000000000001
O303821,C100839,2024-11-20,Sweden,229.87
O303822,C100286,2025-07-01,India,589.33
O303823,C100428,2025-05-05,Australia,378.32000000000005
O303824,C100079,2025-03-28,India,600.9
O303825,C100539,2025-04-22,Italy,6.76
O303826,C100312,2025-07-24,Japan,199.48
O303827,C100136,2024-01-26,India,53.73
O303828,C100671,2025-01-11,India,744.09
O303829,C100681,2024-11-08,India,1125.77
O303830,C100103,2024-04-20,Japan,825.51
O303831,C100222,2024-01-30,India,111.94
O303832,C100099,2025-05-07,India,66.17
O303833,C100814,2025-05-21,United States,556.7800000000001
O303834,C100405,2025-04-08,India,93.66
O303835,C100085,2024-07-12,India,970.89
O303836,C100229,2024-05-10,India,1144.34
O303837,C101171,2025-04-29,Brazil,1897.9199999999998
O303838,C100306,2024-03-19,Canada,404.05
O303839,C100821,2024-04-03,United Kingdom,812.73
O303840,C100562,2025-08-20,Mexico,101.08
O303841,C100218,2024-01-21,France,555.66
O303842,C100368,2025-03-02,Germany,1210.58
O303843,C100016,2024-06-04,Australia,95.67
O303844,C100896,2024-11-06,Japan,79.71000000000001
O303845,C100401,2024-03-02,United Kingdom,299.82
O303846,C100599,2025-08-25,Australia,1038.8500000000001
O303847,C100183,2024-06-18,France,161.49
O303848,C100989,2025-06-29,United States,494.8
O303849,C100262,2025-05-10,Brazil,19.7
O303850,C100679,2024-07-17,Germany,67.53
O303851,C101047,2025-06-28,Brazil,358.61
O303852,C100855,2024-08-01,United States,966.11
O303853,C100723,2025-08-23,Brazil,1463.46
O303854,C101065,2025-01-16,Mexico,2240.23
O303855,C100211,2025-02-10,United States,47.87
O303856,C101156,2025-02-01,United States,588.24
O303857,C100667,2025-03-27,Sweden,1889.3700000000001
O303858,C100491,2025-08-02,Italy,72.57
O303859,C100306,2025-04-02,Canada,752.65
O303860,C100893,2025-04-30,Brazil,1147.57
O303861,C101171,2024-08-26,Brazil,130.42
O303862,C100828,2024-02-18,Brazil,1410.06
O303863,C100039,2025-05-22,Japan,936.63
O303864,C100562,2024-12-24,Mexico,1475.6399999999999
O303865,C100878,2024-03-26,Canada,549.9
O303866,C100476,2024-04-16,Canada,741.5
O303867,C100927,2025-06-29,United Kingdom,794.12
O303868,C100848,2025-04-06,France,502.86
O303869,C100080,2025-03-16,United States,621.84
O303870,C100669,2024-08-14,Canada,142.26
O303871,C100206,2024-05-26,Spain,342.24
O303872,C100583,2024-08-23,United States,414.09000000000003
O303873,C100461,2025-01-19,France,1065.04
O303874,C100968,2024-12-21,United Kingdom,250.42
O303875,C101041,2024-11-15,United States,977.9
O303876,C100553,2024-09-26,United States,584.3299999999999
O303877,C100644,2025-08-27,India,914.4000000000001
O303878,C100751,2024-12-12,Mexico,690.2
O303879,C100786,2024-09-20,Australia,514.31
O303880,C100762,2024-05-06,France,387.12
O303881,C100939,2024-01-15,United Kingdom,32.25
O303882,C101178,2025-04-04,India,624.72
O303883,C100993,2024-09-06,India,1125.4299999999998
O303884,C100161,2024-03-07,United States,408.27
O303885,C100571,2025-06-15,Australia,779.38
O303886,C100553,2024-11-11,United States,232.84
O303887,C100610,2025-01-29,Brazil,389.25
O303888,C100634,2025-08-01,India,792.39
O303889,C100861,2024-05-26,Canada,174.03
O303890,C100505,2025-04-26,Brazil,405.26
O303891,C100316,2024-06-01,United States,299.35
O303892,C100549,2024-05-08,Japan,487.01
O303893,C101025,2024-05-22,Australia,123.95
O303894,C100373,2024-09-20,South Korea,229.8
O303895,C100024,2024-04-19,Sweden,109.44
O303896,C101171,2024-11-02,Brazil,669.55
O303897,C100234,2024-04-24,Australia,254.8
O303898,C100723,2025-02-19,Brazil,530.21
O303899,C100960,2024-06-05,Sweden,486.56999999999994
O303900,C100329,2024-04-12,Australia,1801.52
O303901,C100408,2024-03-29,Australia,588.88
O303902,C100336,2025-07-13,Netherlands,945.77
O303903,C100179,2024-09-03,Japan,283.29
O303904,C100183,2025-01-10,France,48.37
O303905,C100224,2024-08-03,Mexico,65.18
O303906,C100549,2024-10-21,Japan,12.22
O303907,C100636,2024-04-16,India,746.8199999999999
O303908,C100019,2024-08-31,United States,240.93
O303909,C101015,2025-07-06,India,223.75
O303910,C100811,2024-06-01,Sweden,1521.08
O303911,C100084,2024-02-02,France,694.39
O303912,C101011,2024-11-01,Brazil,2097.2000000000003
O303913,C100036,2024-08-26,Spain,102.88
O303914,C100672,2024-01-28,India,892.25
O303915,C100558,2025-07-12,United Kingdom,133.98
O303916,C100602,2024-06-17,Mexico,917.36
O303917,C101147,2025-04-28,Canada,267.78999999999996
O303918,C101112,2024-01-13,Sweden,390.75
O303919,C100334,2025-03-31,Brazil,809.76
O303920,C100695,2025-07-04,India,451.11
O303921,C101151,2024-12-26,India,23.490000000000002
O303922,C100874,2024-04-28,Canada,645.7199999999999
O303923,C101065,2024-07-25,Mexico,642.2
O303924,C100521,2024-07-12,United States,1998.92
O303925,C100339,2025-08-15,United States,670.96
O303926,C100612,2024-12-17,Germany,302.01
O303927,C100980,2024-07-09,Japan,853.17
O303928,C101114,2024-09-21,India,235.82999999999998
O303929,C100823,2025-01-03,India,473.01
O303930,C100847,2024-12-20,Canada,195.48
O303931,C100614,2025-03-07,India,676.98
O303932,C100383,2024-04-30,United Kingdom,1199.1
O303933,C100507,2024-09-24,India,226.39
O303934,C100597,2024-05-03,Italy,951.3100000000001
O303935,C100978,2024-08-06,Sweden,66.28
O303936,C100666,2024-10-25,United States,809.3100000000001
O303937,C100951,2024-11-06,United Kingdom,410.05
O303938,C100032,2024-08-16,United States,45.94
O303939,C100908,2025-04-28,India,395.73
O303940,C100608,2024-12-13,India,11.49
O303941,C101197,2024-04-12,India,293.96
O303942,C100566,2025-07-15,Mexico,1780.3000000000002
O303943,C100574,2025-05-22,Canada,124.26
O303944,C100152,2024-01-27,India,1111.48
O303945,C100968,2024-12-27,United Kingdom,2202.52
O303946,C100841,2024-09-18,United States,378.59000000000003
O303947,C101034,2024-10-28,Sweden,612.3000000000001
O303948,C100111,2025-07-03,Spain,652.93
O303949,C100253,2025-06-06,South Korea,126.93
O303950,C101052,2025-06-23,India,606.64
O303951,C100050,2025-03-07,India,278.96
O303952,C100609,2024-04-02,India,1760.49
O303953,C100485,2024-03-13,Australia,229.32999999999998
O303954,C101127,2024-10-31,Japan,63.6
O303955,C101028,2024-06-07,India,850.29
O303956,C101076,2024-08-26,Australia,73.8
O303957,C100346,2025-01-17,Australia,213.78
O303958,C100705,2024-08-23,South Korea,813.73
O303959,C100840,2024-10-11,India,483.17
O303960,C101160,2025-01-05,India,62.9
O303961,C100008,2025-06-25,Australia,60.08
O303962,C101172,2024-09-10,France,97.67
O303963,C100426,2025-08-21,Netherlands,742.73
O303964,C100153,2025-01-31,United Kingdom,782.9
O303965,C100738,2024-06-28,Japan,749.48
O303966,C100937,2024-07-04,Australia,62.74
O303967,C100155,2025-02-25,India,510.24
O303968,C100048,2025-03-23,Spain,545.2
O303969,C101075,2025-08-21,Netherlands,216.29000000000002
O303970,C101120,2024-07-05,United States,22.8
O303971,C100187,2024-12-23,India,237.82
O303972,C101084,2024-07-28,United States,699.01
O303973,C101091,2025-07-30,South Korea,108.5
O303974,C101196,2024-04-05,Germany,297.09000000000003
O303975,C100259,2025-02-08,Canada,704.03
O303976,C100694,2024-01-20,India,411.95000000000005
O303977,C101193,2024-11-10,Spain,974.23
O303978,C101083,2024-05-03,India,386.98
O303979,C100725,2025-06-13,Japan,730.04
O303980,C100236,2024-09-11,Brazil,461.0
O303981,C100101,2025-04-02,India,119.09
O303982,C100311,2024-09-13,Japan,171.45999999999998
O303983,C100078,2024-08-22,United States,242.52
O303984,C100234,2024-02-02,Australia,1008.54
O303985,C100089,2024-04-05,Canada,646.41
O303986,C100914,2024-03-04,Japan,384.27
O303987,C100707,2024-09-06,Italy,275.53000000000003
O303988,C100621,2024-05-03,India,291.34
O303989,C100971,2024-11-26,Germany,513.4300000000001
O303990,C100492,2024-09-29,India,497.46
O303991,C100483,2024-11-14,Mexico,581.3299999999999
O303992,C100248,2025-05-30,United States,462.88
O303993,C100533,2024-03-15,Australia,210.76999999999998
O303994,C100209,2025-08-20,Sweden,645.48
O303995,C100707,2025-07-18,Italy,940.4
O303996,C101196,2024-04-19,Germany,372.66
O303997,C100639,2024-03-10,United States,118.22999999999999
O303998,C100358,2024-10-10,Canada,641.07
O303999,C100825,2024-07-18,India,648.97
O304000,C100984,2025-01-08,France,611.8199999999999
O304001,C100566,2024-06-04,Mexico,965.9799999999999
O304002,C100300,2024-12-03,United Kingdom,610.88
O304003,C100856,2024-01-26,India,390.42
O304004,C100224,2025-06-25,Mexico,1087.74
O304005,C101196,2024-05-18,Germany,329.24
O304006,C100381,2024-07-04,Mexico,172.78
O304007,C100420,2024-12-13,Japan,542.69
O304008,C100872,2025-01-14,United States,300.90999999999997
O304009,C100014,2024-03-29,India,494.03
O304010,C100243,2024-03-30,India,179.35
O304011,C100150,2024-06-28,India,673.52
O304012,C100469,2024-03-24,India,427.75
O304013,C100664,2024-09-06,Germany,1235.8300000000002
O304014,C100215,2024-05-31,Japan,651.97
O304015,C100413,2025-02-18,Netherlands,113.68
O304016,C100926,2024-06-05,India,265.15
O304017,C101127,2024-12-07,Japan,596.88
O304018,C100017,2025-06-03,India,1716.01
O304019,C100752,2024-06-14,India,114.35999999999999
O304020,C100030,2024-11-12,South Korea,677.23
O304021,C100624,2024-10-25,United States,433.01
O304022,C101055,2024-07-26,India,669.9300000000001
O304023,C100957,2024-02-08,Canada,246.1
O304024,C100279,2025-02-14,Germany,358.03000000000003
O304025,C100310,2024-04-09,Brazil,277.15
O304026,C100940,2024-02-12,Mexico,1484.28
O304027,C100983,2024-07-09,India,650.48
O304028,C100337,2025-08-23,United States,302.77
O304029,C100003,2024-03-29,Australia,671.23
O304030,C100533,2025-03-14,Australia,128.76
O304031,C100743,2024-11-02,Germany,170.08
O304032,C100532,2024-08-08,United States,672.98
O304033,C101121,2025-06-17,India,511.55999999999995
O304034,C100976,2025-03-02,Brazil,1270.47
O304035,C100945,2025-07-16,India,14.01
O304036,C100024,2025-07-12,Sweden,499.87
O304037,C101024,2025-07-28,India,368.63
O304038,C100906,2025-08-13,Australia,161.13
O304039,C100476,2024-02-28,Canada,578.68
O304040,C100707,2024-11-08,Italy,206.53
O304041,C100989,2024-07-16,United States,371.03
O304042,C101087,2024-11-15,Canada,1843.31
O304043,C100660,2025-06-13,United States,2038.13
O304044,C100049,2024-03-22,United States,130.48
O304045,C100742,2024-05-12,United Kingdom,591.45
O304046,C100816,2024-02-01,Canada,91.3
O304047,C100070,2025-05-31,United States,83.95
O304048,C100980,2024-01-03,Japan,93.7
O304049,C100241,2025-02-21,Brazil,22.0
O304050,C101068,2024-09-11,United States,1040.3600000000001
O304051,C100661,2024-08-27,India,1983.5900000000001
O304052,C100386,2024-05-03,India,125.52
O304053,C100070,2024-04-21,United States,1809.5300000000002
O304054,C100021,2024-11-01,Canada,694.63
O304055,C100889,2024-03-28,United Kingdom,717.44
O304056,C100452,2025-07-14,India,553.23
O304057,C101008,2024-08-29,United Kingdom,88.88
O304058,C100276,2024-09-28,India,265.61
O304059,C101104,2024-09-23,United Kingdom,392.76
O304060,C101129,2024-11-22,India,1693.27
O304061,C100122,2025-08-01,United States,1125.78
O304062,C100776,2025-01-04,Italy,1921.59
O304063,C101127,2025-01-17,Japan,795.96
O304064,C100387,2024-03-31,United States,326.51
O304065,C100081,2025-04-14,India,37.47
O304066,C101050,2024-08-14,India,599.5
O304067,C100568,2025-02-26,Mexico,645.56
O304068,C100032,2025-06-30,United States,931.72
O304069,C101008,2025-01-18,United Kingdom,141.66000000000003
O304070,C100814,2024-11-01,United States,476.52
O304071,C100084,2025-08-31,France,556.9599999999999
O304072,C100310,2024-10-01,Brazil,394.02
O304073,C100021,2024-03-29,Canada,230.26
O304074,C101145,2025-08-27,France,545.69
O304075,C100029,2025-06-19,Brazil,1156.44
O304076,C100955,2024-03-25,Brazil,155.95
O304077,C100613,2024-08-17,India,261.25
O304078,C100699,2025-07-22,India,1582.88
O304079,C100973,2025-02-03,Mexico,259.02
O304080,C101073,2024-07-09,United States,271.55
O304081,C100152,2024-04-24,India,234.26999999999998
O304082,C100021,2024-04-11,Canada,674.48
O304083,C100149,2025-05-28,Mexico,537.12
O304084,C100819,2025-01-12,Sweden,351.95
O304085,C100682,2025-06-06,United Kingdom,182.76
O304086,C100100,2024-01-10,India,894.6700000000001
O304087,C100281,2024-03-04,France,397.94
O304088,C100644,2025-08-30,India,224.3
O304089,C100876,2024-04-19,United Kingdom,659.1800000000001
O304090,C100412,2024-11-02,United Kingdom,849.08
O304091,C101139,2024-05-16,Brazil,527.47
O304092,C101190,2024-08-02,Brazil,804.02
O304093,C100919,2025-02-28,India,127.4
O304094,C100545,2024-06-14,India,193.48
O304095,C101052,2024-10-25,India,917.23
O304096,C100873,2025-03-11,Canada,333.80999999999995
O304097,C100623,2025-03-18,Italy,744.14
O304098,C100532,2025-06-13,United States,597.59
O304099,C100998,2025-07-30,Mexico,121.54
O304100,C100668,2024-11-21,Canada,463.57
O304101,C100219,2025-02-02,India,1067.8799999999999
O304102,C101199,2025-07-15,France,161.34
O304103,C100082,2024-04-16,United States,743.83
O304104,C100834,2024-10-08,India,111.14
O304105,C100787,2025-01-31,India,606.3100000000001
O304106,C100703,2024-09-17,India,367.35
O304107,C100062,2025-07-18,United States,121.58
O304108,C100591,2025-07-15,India,78.78
O304109,C101070,2025-04-26,India,664.35
O304110,C100287,2025-01-13,United States,727.45
O304111,C100829,2024-08-04,United Kingdom,263.64
O304112,C101030,2025-07-17,United Kingdom,450.82000000000005
O304113,C101142,2024-06-07,United States,9.21
O304114,C100619,2025-07-01,United States,109.62
O304115,C100376,2024-01-08,United Kingdom,852.3199999999999
O304116,C100839,2024-04-21,Sweden,423.86
O304117,C100583,2024-02-17,United States,424.87
O304118,C100752,2024-11-27,India,327.91
O304119,C100890,2024-06-03,United States,229.11
O304120,C100852,2025-08-25,Japan,531.1600000000001
O304121,C100291,2024-07-15,Netherlands,664.05
O304122,C100906,2024-06-01,Australia,713.13
O304123,C100650,2024-12-22,United States,34.36
O304124,C101116,2024-08-03,India,129.72
O304125,C100791,2024-11-11,Mexico,651.88
O304126,C101070,2024-02-13,India,285.01
O304127,C101174,2024-11-26,France,1107.96
O304128,C101193,2025-01-27,Spain,79.92
O304129,C100893,2025-02-13,Brazil,119.0
O304130,C100716,2024-06-28,Germany,1341.17
O304131,C100141,2024-08-29,United States,1384.55
O304132,C100463,2024-11-23,France,361.74
O304133,C100570,2025-01-10,India,176.10000000000002
O304134,C100936,2024-12-26,Brazil,505.48
O304135,C100706,2025-07-24,Germany,514.48
O304136,C100526,2025-08-01,Canada,1085.29
O304137,C100175,2025-06-22,Japan,355.32
O304138,C100858,2025-01-23,Netherlands,547.5
O304139,C100518,2024-09-11,India,655.14
O304140,C100043,2024-07-05,India,400.97
O304141,C100340,2025-08-22,India,769.25
O304142,C101055,2024-05-23,India,508.66
O304143,C100142,2024-05-16,Japan,126.98
O304144,C100487,2025-06-25,Brazil,504.98
O304145,C100614,2024-02-05,India,718.78
O304146,C100100,2024-06-07,India,60.15
O304147,C100198,2024-03-16,Australia,56.99
O304148,C101128,2025-08-16,United States,802.62
O304149,C100708,2025-07-29,United States,383.4
O304150,C100252,2025-06-24,Japan,72.44
O304151,C100203,2024-09-09,Germany,1020.87
O304152,C100510,2024-10-07,United States,457.07
O304153,C100868,2024-09-20,Australia,852.66
O304154,C100876,2025-05-15,United Kingdom,972.3199999999999
O304155,C100234,2024-04-09,Australia,162.54
O304156,C100870,2024-11-17,South Korea,584.7
O304157,C101075,2025-05-08,Netherlands,623.92
O304158,C100271,2024-11-01,United States,903.69
O304159,C100031,2025-02-24,Mexico,630.18
O304160,C101150,2024-04-06,France,362.83
O304161,C100626,2024-05-18,United Kingdom,209.28000000000003
O304162,C100931,2025-01-01,United States,932.6600000000001
O304163,C100384,2024-03-21,United States,332.4
O304164,C100359,2025-06-13,Canada,654.25
O304165,C100270,2024-03-17,Australia,521.22
O304166,C100260,2025-01-12,Australia,699.13
O304167,C100565,2025-04-25,Japan,918.22
O304168,C100126,2024-06-17,India,1251.18
O304169,C101010,2024-05-30,India,406.45
O304170,C100613,2024-11-22,India,1108.9299999999998
O304171,C101098,2024-12-25,Netherlands,126.9
O304172,C100602,2024-12-29,Mexico,249.22
O304173,C100363,2024-08-07,United States,528.16
O304174,C100617,2024-10-14,Germany,452.89
O304175,C100185,2025-05-15,India,137.59
O304176,C100988,2024-02-21,India,687.08
O304177,C100864,2025-07-02,Italy,250.31
O304178,C100176,2025-06-12,France,437.91999999999996
O304179,C100698,2025-06-20,Australia,427.92
O304180,C100645,2025-08-19,India,677.53
O304181,C100241,2024-06-05,Brazil,433.49
O304182,C100146,2025-04-18,India,207.53
O304183,C100912,2025-01-26,France,462.87
O304184,C100316,2024-08-19,United States,33.9
O304185,C100622,2024-08-26,Japan,678.6099999999999
O304186,C100297,2025-07-10,India,296.73
O304187,C100784,2024-09-04,Netherlands,249.7
O304188,C100058,2025-06-27,Germany,313.13
O304189,C100431,2025-01-12,Australia,530.9399999999999
O304190,C100656,2025-03-04,Australia,499.46
O304191,C100526,2024-05-31,Canada,476.88
O304192,C100734,2025-02-19,Netherlands,285.2
O304193,C100216,2024-10-20,Japan,886.9399999999999
O304194,C100530,2024-06-06,Sweden,336.45000000000005
O304195,C100907,2024-10-21,United Kingdom,1539.8200000000002
O304196,C100400,2025-03-31,United States,221.42999999999998
O304197,C100188,2024-10-29,Brazil,478.54
O304198,C101017,2024-03-04,Germany,669.62
O304199,C100933,2025-06-19,Spain,1283.5500000000002
O304200,C100816,2024-11-29,Canada,212.12
O304201,C100957,2025-02-09,Canada,942.86
O304202,C100934,2024-09-25,United States,246.85000000000002
O304203,C100895,2024-01-07,France,414.44
O304204,C100611,2025-06-16,Mexico,397.73
O304205,C100023,2024-04-19,United Kingdom,637.3800000000001
O304206,C100716,2024-02-01,Germany,790.25
O304207,C100327,2024-10-14,Mexico,380.55
O304208,C100927,2024-05-22,United Kingdom,478.69000000000005
O304209,C100562,2024-06-26,Mexico,1112.1000000000001
O304210,C101086,2024-06-26,Canada,1243.47
O304211,C100714,2025-02-08,United States,1396.46
O304212,C100660,2024-01-17,United States,326.95
O304213,C101103,2024-02-20,France,1372.52
O304214,C100570,2024-09-10,India,728.3399999999999
O304215,C100450,2025-04-06,Italy,304.59000000000003
O304216,C100445,2024-09-02,India,193.37
O304217,C101050,2024-02-19,India,368.53
O304218,C100907,2024-02-20,United Kingdom,223.42
O304219,C100196,2024-08-17,United States,713.76
O304220,C100590,2024-10-12,United Kingdom,251.77
O304221,C100445,2025-07-23,India,514.94
O304222,C100776,2024-07-02,Italy,42.36
O304223,C100062,2024-10-29,United States,118.60000000000001
O304224,C100856,2024-07-25,India,231.43
O304225,C100890,2024-11-19,United States,2307.92
O304226,C100271,2024-04-29,United States,300.04999999999995
O304227,C100180,2025-08-24,India,182.13
O304228,C100753,2024-10-09,India,377.79
O304229,C100308,2025-08-01,India,626.46
O304230,C101129,2024-09-22,India,198.07
O304231,C100930,2024-09-01,India,55.92
O304232,C101146,2024-07-31,Australia,857.9300000000001
O304233,C100641,2024-06-18,India,1064.35
O304234,C101126,2024-02-27,India,285.66
O304235,C100016,2025-01-02,Australia,440.3
O304236,C100347,2024-03-01,Mexico,307.39
O304237,C100002,2024-07-19,Japan,548.0699999999999
O304238,C100813,2025-04-30,Netherlands,236.82
O304239,C100612,2025-04-14,Germany,1056.0
O304240,C100345,2024-07-15,India,262.48
O304241,C100365,2025-04-21,United Kingdom,541.37
O304242,C100772,2025-04-20,India,1098.9099999999999
O304243,C100216,2025-08-05,Japan,199.26
O304244,C100617,2025-06-05,Germany,57.74
O304245,C100736,2024-08-27,United States,218.76000000000002
O304246,C100287,2024-03-31,United States,679.5400000000001
O304247,C100274,2025-07-15,Australia,665.51
O304248,C100425,2025-04-04,India,80.33
O304249,C100710,2024-04-05,India,381.02
O304250,C100305,2024-07-10,Italy,212.94
O304251,C100455,2025-08-10,Spain,186.93
O304252,C100652,2024-03-18,United States,360.87
O304253,C100224,2025-08-07,Mexico,524.57
O304254,C100682,2025-04-28,United Kingdom,551.46
O304255,C100165,2024-08-19,United States,661.18
O304256,C100171,2024-06-16,Germany,565.4000000000001
O304257,C100284,2025-04-19,India,320.26
O304258,C100343,2025-04-18,India,919.5999999999999
O304259,C100035,2024-07-03,United States,903.56
O304260,C101153,2025-07-26,Mexico,458.31
O304261,C100369,2024-03-27,India,935.55
O304262,C100965,2025-03-24,United Kingdom,946.98
O304263,C101082,2025-04-24,Australia,171.42
O304264,C100960,2025-08-08,Sweden,1053.25
O304265,C100997,2024-12-16,United States,233.76
O304266,C100120,2025-03-15,Canada,441.96
O304267,C100446,2024-11-16,India,264.19
O304268,C100895,2024-12-01,France,1029.59
O304269,C100691,2025-03-14,Italy,660.26
O304270,C100006,2025-06-28,Japan,454.98
O304271,C100680,2024-01-31,India,341.8
O304272,C100965,2024-05-03,United Kingdom,858.02
O304273,C100994,2025-01-31,Mexico,465.91
O304274,C100460,2025-04-08,Netherlands,307.44
O304275,C100283,2024-03-10,United Kingdom,541.3800000000001
O304276,C100371,2024-06-12,United States,493.15999999999997
O304277,C100355,2024-03-09,Japan,68.36
O304278,C100415,2025-03-20,United States,24.41
O304279,C100362,2024-05-04,United States,648.18
O304280,C100548,2025-08-03,Canada,983.8199999999999
O304281,C100049,2024-03-10,United States,153.26
O304282,C100330,2025-03-03,India,359.85
O304283,C100377,2024-05-15,India,386.88
O304284,C100184,2024-02-11,Sweden,933.74
O304285,C101053,2024-07-28,United States,863.96
O304286,C100810,2025-06-27,Mexico,1984.06
O304287,C101094,2024-06-30,Spain,675.95
O304288,C100673,2025-01-04,Germany,937.27
O304289,C100131,2024-09-08,United States,1477.5
O304290,C101085,2024-02-27,India,820.42
O304291,C100549,2024-11-14,Japan,810.6500000000001
O304292,C100821,2024-12-20,United Kingdom,850.93
O304293,C100457,2024-03-27,India,334.18
O304294,C100593,2025-01-24,Sweden,485.79999999999995
O304295,C100587,2025-04-04,Sweden,1922.8899999999999
O304296,C100341,2025-03-30,Mexico,460.01
O304297,C100665,2025-01-25,Brazil,16.95
O304298,C100880,2024-05-25,United Kingdom,427.72
O304299,C100024,2025-07-22,Sweden,104.58
O304300,C100157,2024-05-18,South Korea,308.98
O304301,C101010,2025-02-25,India,852.5699999999999
O304302,C100683,2025-07-15,France,196.21
O304303,C101168,2024-11-24,United States,360.75
O304304,C100725,2024-09-12,Japan,256.44
O304305,C100784,2024-08-20,Netherlands,638.5799999999999
O304306,C101078,2024-09-16,Japan,333.8
O304307,C100792,2024-04-04,United States,1031.55
O304308,C100395,2024-04-26,United Kingdom,73.37
O304309,C100633,2025-02-07,Spain,852.3399999999999
O304310,C100282,2024-09-02,South Korea,798.0
O304311,C100401,2024-11-05,United Kingdom,341.36
O304312,C100816,2024-11-13,Canada,1267.51
O304313,C100178,2025-05-16,Brazil,49.0
O304314,C100806,2024-06-28,Netherlands,187.48000000000002
O304315,C100700,2025-05-09,India,673.1600000000001
O304316,C100370,2025-08-15,India,300.21
O304317,C100053,2024-09-05,India,981.0600000000001
O304318,C100845,2025-06-14,Germany,311.19
O304319,C100989,2025-07-25,United States,307.56
O304320,C100876,2025-01-30,United Kingdom,439.28000000000003
O304321,C100505,2025-01-26,Brazil,250.09
O304322,C100784,2025-06-07,Netherlands,1989.2600000000002
O304323,C100497,2025-02-06,Mexico,80.34
O304324,C100429,2024-07-10,India,333.98
O304325,C100392,2025-05-07,Brazil,706.14
O304326,C100253,2025-06-21,South Korea,501.18
O304327,C101163,2025-01-17,United States,200.21999999999997
O304328,C100799,2024-12-20,India,49.29
O304329,C100209,2025-06-02,Sweden,158.39
O304330,C101038,2024-04-07,India,745.0
O304331,C100181,2024-07-26,South Korea,628.74
O304332,C100712,2024-12-15,Germany,192.54
O304333,C100198,2024-03-17,Australia,248.34
O304334,C100433,2024-05-22,South Korea,1321.98
O304335,C100790,2025-01-09,South Korea,540.97
O304336,C101198,2024-09-03,Germany,2774.81
O304337,C101190,2025-05-05,Brazil,401.79999999999995
O304338,C101074,2024-09-17,Brazil,77.48
O304339,C100282,2024-12-03,South Korea,268.65000000000003
O304340,C100112,2024-06-28,Mexico,179.84
O304341,C101086,2025-01-02,Canada,287.73
O304342,C101107,2024-03-26,India,399.81
O304343,C100334,2024-06-14,Brazil,50.07
O304344,C100023,2024-06-14,United Kingdom,2033.53
O304345,C100777,2024-10-12,Japan,79.19
O304346,C100091,2024-07-27,Japan,78.17999999999999
O304347,C100048,2024-01-12,Spain,66.46
O304348,C101124,2024-08-26,Canada,563.84
O304349,C100594,2025-03-23,Japan,49.980000000000004
O304350,C100134,2025-08-27,United States,499.46000000000004
O304351,C100785,2024-12-31,United States,291.94
O304352,C100443,2025-02-07,Italy,736.74
O304353,C100643,2025-04-18,United States,1113.1799999999998
O304354,C101078,2025-04-03,Japan,733.4399999999999
O304355,C100285,2024-04-05,India,2768.33
O304356,C100775,2025-06-19,United States,140.59
O304357,C100994,2024-04-27,Mexico,126.33
O304358,C100508,2024-01-04,Sweden,346.96
O304359,C101164,2024-01-30,United States,369.32
O304360,C100537,2024-06-10,United Kingdom,105.08
O304361,C100551,2025-07-22,Japan,172.86
O304362,C101061,2024-03-30,France,25.16
O304363,C100763,2024-06-29,United States,500.40000000000003
O304364,C101042,2025-07-19,United Kingdom,658.62
O304365,C100948,2024-12-06,India,687.89
O304366,C100854,2025-03-12,India,537.4599999999999
O304367,C100289,2025-06-16,Spain,126.82
O304368,C100478,2024-05-05,France,1379.72
O304369,C101037,2025-04-13,South Korea,2130.33
O304370,C100739,2025-05-29,India,645.83
O304371,C100336,2024-08-02,Netherlands,526.41
O304372,C100392,2024-04-27,Brazil,334.45
O304373,C100930,2024-11-15,India,430.83
O304374,C100213,2025-02-04,Germany,701.3399999999999
O304375,C100134,2024-08-09,United States,158.43
O304376,C100918,2025-03-28,United States,622.1500000000001
O304377,C100346,2025-03-28,Australia,97.26
O304378,C100918,2024-11-15,United States,894.3
O304379,C100640,2024-06-14,Japan,30.66
O304380,C101197,2025-01-26,India,349.61
O304381,C100629,2024-06-24,United States,464.07
O304382,C101040,2025-07-24,Australia,370.92
O304383,C101020,2024-12-11,India,987.0400000000001
O304384,C100254,2024-04-19,India,564.41
O304385,C101195,2024-09-27,India,155.8
O304386,C100894,2025-04-30,United Kingdom,628.06
O304387,C100128,2025-02-27,United Kingdom,1061.45
O304388,C100007,2025-03-14,United States,830.4
O304389,C100325,2024-05-13,India,142.83
O304390,C100019,2024-05-29,United States,97.97
O304391,C100429,2024-05-31,India,348.15
O304392,C101195,2024-01-24,India,282.44
O304393,C100574,2024-04-22,Canada,581.35
O304394,C100028,2024-12-11,Germany,1325.03
O304395,C100592,2024-04-26,Japan,282.96000000000004
O304396,C100262,2024-04-07,Brazil,359.24
O304397,C101027,2024-02-25,United States,204.84
O304398,C100108,2024-06-10,United Kingdom,163.48000000000002
O304399,C100924,2024-10-21,Australia,195.89999999999998
O304400,C100535,2024-04-19,India,561.18
O304401,C100022,2025-03-25,Sweden,260.70000000000005
O304402,C100807,2024-01-15,United States,1034.3999999999999
O304403,C100546,2024-08-23,Australia,1117.09
O304404,C100925,2024-08-29,United States,588.1800000000001
O304405,C100741,2024-11-29,Mexico,347.01
O304406,C100944,2025-01-31,United Kingdom,1201.3899999999999
O304407,C100552,2024-07-04,United States,359.82
O304408,C100009,2024-07-13,United Kingdom,2609.68
O304409,C100156,2024-09-16,India,657.98
O304410,C100550,2024-05-24,United States,63.69
O304411,C100476,2025-04-08,Canada,976.53
O304412,C100953,2025-03-07,India,328.14
O304413,C100493,2024-01-11,India,54.78
O304414,C101032,2024-03-13,Italy,99.13
O304415,C100225,2024-09-28,United States,988.69
O304416,C100461,2024-06-13,France,204.57
O304417,C100907,2024-09-05,United Kingdom,129.84
O304418,C100148,2024-08-01,Brazil,733.89
O304419,C100385,2024-10-25,South Korea,829.09
O304420,C100902,2025-04-25,India,970.83
O304421,C100706,2024-03-12,Germany,185.37
O304422,C100933,2025-06-25,Spain,342.33
O304423,C100618,2024-06-14,Spain,437.44
O304424,C101031,2024-07-09,Japan,664.4300000000001
O304425,C101052,2025-08-21,India,550.23
O304426,C101169,2024-06-25,Mexico,476.96999999999997
O304427,C100146,2024-05-05,India,674.38
O304428,C100709,2025-07-22,Netherlands,308.02
O304429,C100137,2024-11-02,India,359.78
O304430,C100274,2025-01-21,Australia,189.69
O304431,C100360,2024-04-25,Canada,77.75999999999999
O304432,C100775,2024-05-10,United States,54.33
O304433,C100517,2025-06-27,Brazil,173.93
O304434,C101037,2025-01-24,South Korea,364.24
O304435,C100358,2025-01-06,Canada,416.66999999999996
O304436,C100740,2024-12-29,United States,888.7799999999999
O304437,C100915,2025-02-16,India,404.08
O304438,C101176,2025-03-28,Australia,502.53999999999996
O304439,C100294,2024-07-30,Australia,774.47
O304440,C100880,2024-07-15,United Kingdom,371.63
O304441,C100101,2024-02-06,India,1433.24
O304442,C100652,2024-09-28,United States,1132.2800000000002
O304443,C100496,2024-06-13,India,88.18
O304444,C101150,2024-11-11,France,916.8800000000001
O304445,C100928,2024-11-10,United States,504.03999999999996
O304446,C101112,2024-08-28,Sweden,76.52
O304447,C101020,2024-03-19,India,551.65
O304448,C100492,2024-05-15,India,613.8399999999999
O304449,C100880,2025-07-12,United Kingdom,464.53999999999996
O304450,C100036,2025-05-15,Spain,2240.31
O304451,C100669,2025-08-15,Canada,233.34
O304452,C100056,2025-07-07,Japan,1898.82
O304453,C100869,2025-01-08,United States,959.69
O304454,C101160,2025-02-03,India,107.5
O304455,C100817,2025-03-21,Canada,682.98
O304456,C101007,2024-08-04,India,644.73
O304457,C100281,2024-02-09,France,957.0
O304458,C101192,2024-07-15,India,873.4200000000001
O304459,C100660,2024-08-30,United States,9.3
O304460,C100809,2025-06-10,Australia,301.16
O304461,C100924,2024-02-12,Australia,14.58
O304462,C100767,2024-04-07,United States,321.77
O304463,C100380,2024-03-31,Sweden,241.72
O304464,C100733,2024-03-17,Netherlands,484.99
O304465,C100784,2024-02-17,Netherlands,630.19
O304466,C101028,2025-08-29,India,305.51
O304467,C100577,2024-08-28,India,586.88
O304468,C100602,2025-04-20,Mexico,515.54
O304469,C100603,2024-01-21,Australia,89.61
O304470,C100137,2025-03-30,India,904.06
O304471,C100108,2024-10-15,United Kingdom,320.99
O304472,C100024,2024-04-05,Sweden,170.10000000000002
O304473,C100799,2024-04-25,India,426.62
O304474,C100502,2025-06-05,Brazil,700.77
O304475,C101038,2025-06-24,India,1446.6399999999999
O304476,C100842,2025-02-13,United States,277.5
O304477,C100169,2024-11-27,France,186.88
O304478,C100120,2024-07-07,Canada,1362.48
O304479,C100439,2024-10-20,United States,1197.52
O304480,C101105,2024-05-16,Sweden,435.13
O304481,C100058,2024-09-16,Germany,278.31
O304482,C100224,2025-05-15,Mexico,846.1899999999999
O304483,C100035,2024-10-02,United States,529.1500000000001
O304484,C100496,2024-07-17,India,403.41
O304485,C101187,2025-06-13,Spain,95.16999999999999
O304486,C100820,2025-02-23,Spain,417.90999999999997
O304487,C100592,2024-08-30,Japan,37.03
O304488,C100173,2024-05-04,Mexico,968.3000000000001
O304489,C100426,2025-05-23,Netherlands,755.8499999999999
O304490,C100629,2025-01-10,United States,361.83
O304491,C100329,2025-02-20,Australia,57.510000000000005
O304492,C100846,2024-02-11,South Korea,1107.3400000000001
O304493,C101176,2024-05-02,Australia,532.45
O304494,C100247,2024-05-31,Spain,494.40999999999997
O304495,C100302,2024-07-05,United States,97.52
O304496,C100151,2025-02-01,India,972.0700000000002
O304497,C100870,2024-01-03,South Korea,796.52
O304498,C100554,2025-05-23,Canada,230.64
O304499,C100340,2025-01-13,India,1282.3
O304500,C100263,2024-08-17,Germany,943.47
O304501,C100084,2025-08-22,France,47.79
O304502,C100571,2025-06-17,Australia,375.8
O304503,C100819,2025-03-14,Sweden,118.54
O304504,C100282,2024-10-02,South Korea,165.52
O304505,C100001,2025-01-15,Brazil,243.68
O304506,C100567,2024-07-27,Canada,321.94
O304507,C100810,2024-04-28,Mexico,17.49
O304508,C100413,2024-03-29,Netherlands,1089.04
O304509,C100300,2024-11-01,United Kingdom,321.23
O304510,C100185,2024-05-28,India,667.39
O304511,C100895,2025-05-28,France,877.3699999999999
O304512,C101033,2024-09-01,Spain,229.16
O304513,C100923,2025-07-15,Brazil,212.92
O304514,C100621,2025-08-01,India,709.51
O304515,C100868,2024-01-03,Australia,1003.1
O304516,C100476,2025-04-25,Canada,362.4
O304517,C100029,2024-04-13,Brazil,920.5199999999999
O304518,C100441,2025-01-17,Italy,507.79
O304519,C100844,2025-03-25,India,362.87
O304520,C100776,2024-12-03,Italy,298.28000000000003
O304521,C101188,2025-06-11,Japan,103.33
O304522,C101196,2025-07-20,Germany,881.12
O304523,C100291,2025-03-16,Netherlands,619.1
O304524,C100011,2025-08-01,Italy,481.87
O304525,C100329,2024-06-20,Australia,347.54999999999995
O304526,C101051,2024-04-28,India,353.17
O304527,C100976,2025-03-21,Brazil,305.87
O304528,C100118,2025-04-10,Italy,742.07
O304529,C100192,2025-06-09,India,900.6299999999999
O304530,C100676,2024-10-01,India,92.76
O304531,C100792,2025-02-24,United States,80.85
O304532,C101178,2024-11-15,India,2425.35
O304533,C100906,2024-08-25,Australia,426.8
O304534,C100254,2024-11-22,India,366.72
O304535,C100044,2025-04-21,France,307.6
O304536,C100760,2025-07-05,Italy,599.9
O304537,C100664,2024-09-07,Germany,23.07
O304538,C101106,2024-09-12,United States,170.60999999999999
O304539,C100691,2025-06-06,Italy,57.96000000000001
O304540,C100601,2025-02-08,Germany,540.44
O304541,C100364,2024-03-22,Netherlands,707.69
O304542,C100103,2025-09-05,Japan,290.04999999999995
O304543,C101051,2024-02-02,India,245.24
O304544,C100991,2024-10-27,United States,1484.5
O304545,C100195,2025-05-23,India,799.73
O304546,C100844,2024-08-16,India,579.9499999999999
O304547,C100437,2024-11-23,India,195.53
O304548,C100524,2024-11-25,United Kingdom,738.33
O304549,C101018,2025-08-31,Sweden,119.53
O304550,C101010,2024-04-30,India,66.89
O304551,C100228,2024-03-22,Japan,551.05
O304552,C100369,2024-12-08,India,122.44000000000001
O304553,C100985,2024-03-18,Netherlands,492.36
O304554,C101100,2024-08-02,South Korea,542.22
O304555,C100094,2025-07-18,South Korea,391.27
O304556,C101000,2024-06-30,South Korea,708.98
O304557,C100587,2025-05-16,Sweden,62.23
O304558,C100708,2024-01-05,United States,197.72
O304559,C100090,2025-05-30,India,141.35999999999999
O304560,C100816,2024-09-02,Canada,689.4
O304561,C100813,2024-04-06,Netherlands,113.64000000000001
O304562,C100795,2024-04-02,United States,159.72
O304563,C100948,2024-04-14,India,520.39
O304564,C101135,2025-03-25,Australia,816.52
O304565,C101019,2024-05-20,United States,237.79
O304566,C100893,2025-02-04,Brazil,1131.9399999999998
O304567,C101177,2024-10-13,United Kingdom,1556.11
O304568,C100809,2024-09-09,Australia,697.33
O304569,C100806,2025-03-07,Netherlands,1498.09
O304570,C100650,2024-01-21,United States,277.12
O304571,C100922,2024-08-22,Japan,838.4200000000001
O304572,C100085,2025-05-19,India,1965.7900000000002
O304573,C100606,2024-02-24,France,563.52
O304574,C100510,2025-01-18,United States,672.02
O304575,C101095,2024-02-18,Canada,117.07
O304576,C100087,2024-10-11,Netherlands,289.81
O304577,C100772,2024-02-04,India,682.02
O304578,C100221,2024-04-09,Germany,468.43
O304579,C101060,2024-11-20,United States,536.71
O304580,C101022,2025-07-23,Brazil,661.9300000000001
O304581,C100282,2025-01-29,South Korea,1461.0100000000002
O304582,C101046,2024-10-09,India,294.03999999999996
O304583,C100596,2025-02-17,India,383.84999999999997
O304584,C101165,2024-04-21,United States,2931.4
O304585,C100875,2025-01-31,Canada,9.41
O304586,C100041,2024-04-26,Brazil,1831.4499999999998
O304587,C100243,2025-03-21,India,261.49
O304588,C100484,2025-04-03,Sweden,622.41
O304589,C100253,2025-03-20,South Korea,370.94
O304590,C100158,2024-04-21,United States,383.2
O304591,C101173,2025-05-06,Japan,402.09
O304592,C101042,2024-10-31,United Kingdom,946.0899999999999
O304593,C100521,2024-09-29,United States,739.75
O304594,C100258,2024-01-07,India,679.6
O304595,C100218,2024-03-30,France,582.8
O304596,C101098,2024-01-01,Netherlands,1962.2
O304597,C100397,2025-05-09,United States,1453.33
O304598,C100015,2024-09-08,Australia,1431.23
O304599,C100476,2024-12-07,Canada,395.86
O304600,C100545,2025-06-27,India,113.62
O304601,C100747,2025-05-03,India,669.8399999999999
O304602,C100406,2024-08-01,South Korea,476.65000000000003
O304603,C101107,2024-04-17,India,434.7
O304604,C100772,2025-05-19,India,143.62
O304605,C101183,2025-01-06,United States,504.28999999999996
O304606,C100440,2024-12-19,United States,756.9
O304607,C100782,2025-06-19,Canada,233.2
O304608,C100438,2025-02-10,United Kingdom,492.26
O304609,C100839,2025-05-18,Sweden,624.81
O304610,C100894,2024-12-20,United Kingdom,2268.6299999999997
O304611,C100386,2024-01-26,India,185.31
O304612,C101125,2024-04-19,United States,870.99
O304613,C101028,2025-03-17,India,592.15
O304614,C101073,2024-12-01,United States,808.37
O304615,C100261,2025-07-09,Australia,308.69
O304616,C100861,2024-06-21,Canada,885.24
O304617,C100127,2024-05-24,United States,257.39
O304618,C100126,2024-07-21,India,560.14
O304619,C101167,2024-07-09,United States,1258.49
O304620,C100183,2024-04-09,France,908.0
O304621,C101036,2025-08-09,India,432.2
O304622,C100516,2024-12-06,United States,579.28
O304623,C100364,2024-03-25,Netherlands,396.59000000000003
O304624,C100088,2024-01-01,Australia,295.92
O304625,C100810,2024-05-31,Mexico,529.61
O304626,C100865,2024-08-02,Italy,1014.8499999999999
O304627,C100560,2024-10-10,United States,685.3
O304628,C100971,2024-04-12,Germany,559.26
O304629,C100387,2024-08-07,United States,910.02
O304630,C100662,2024-11-19,India,551.6999999999999
O304631,C100344,2025-06-10,United Kingdom,279.16999999999996
O304632,C100698,2025-01-20,Australia,719.87
O304633,C100163,2025-08-24,United States,770.9300000000001
O304634,C100571,2025-04-21,Australia,559.12
O304635,C100659,2025-02-02,Sweden,188.0
O304636,C100667,2025-06-27,Sweden,175.34
O304637,C100535,2025-06-11,India,326.04
O304638,C100772,2025-07-31,India,1495.5
O304639,C100614,2024-07-26,India,518.8399999999999
O304640,C100339,2024-12-09,United States,752.45
O304641,C100258,2024-06-10,India,336.1
O304642,C100777,2025-08-15,Japan,733.59
O304643,C101126,2024-04-29,India,1136.76
O304644,C100903,2025-08-12,United Kingdom,673.52
O304645,C100766,2024-12-19,India,1757.95
O304646,C101105,2025-04-12,Sweden,211.84
O304647,C101079,2024-06-16,Canada,693.05
O304648,C100607,2024-01-07,Canada,196.96
O304649,C100131,2024-07-25,United States,348.98
O304650,C100761,2024-05-18,India,670.9200000000001
O304651,C100747,2024-10-11,India,188.34
O304652,C100332,2025-06-28,India,349.22
O304653,C101019,2024-04-27,United States,698.49
O304654,C101043,2025-01-12,India,132.48
O304655,C100397,2025-06-26,United States,430.13
O304656,C100572,2024-04-16,India,203.49
O304657,C100234,2025-04-02,Australia,110.09
O304658,C100214,2024-12-16,United States,925.17
O304659,C100318,2025-04-18,India,1326.43
O304660,C100438,2025-04-12,United Kingdom,175.15
O304661,C100327,2024-07-19,Mexico,677.49
O304662,C100181,2024-02-16,South Korea,700.9100000000001
O304663,C100536,2024-04-29,United Kingdom,258.57
O304664,C100748,2025-01-14,India,449.79999999999995
O304665,C100391,2025-08-22,Australia,361.06
O304666,C100640,2024-03-05,Japan,97.65
O304667,C100325,2025-07-08,India,300.18
O304668,C100844,2024-11-06,India,816.62
O304669,C100778,2024-06-29,France,615.45
O304670,C101152,2024-07-19,Japan,1835.6000000000001
O304671,C100063,2025-07-11,United States,1165.97
O304672,C101023,2025-06-13,United States,571.8299999999999
O304673,C100408,2024-07-05,Australia,978.81
O304674,C100079,2025-04-07,India,579.16
O304675,C100827,2024-04-05,United States,613.37
O304676,C100206,2024-06-30,Spain,746.0999999999999
O304677,C100211,2025-04-21,United States,172.82999999999998
O304678,C101175,2024-06-13,Canada,641.46
O304679,C100265,2025-03-25,Japan,220.42000000000002
O304680,C100656,2025-04-22,Australia,1304.9299999999998
O304681,C100240,2025-03-24,United States,333.42
O304682,C100148,2024-07-24,Brazil,56.699999999999996
O304683,C100001,2024-09-02,Brazil,504.72
O304684,C100019,2024-03-01,United States,412.5
O304685,C100568,2024-02-03,Mexico,499.12
O304686,C100520,2024-07-01,Italy,746.9300000000001
O304687,C100046,2025-06-30,United States,333.38
O304688,C100419,2024-09-02,United Kingdom,793.1999999999999
O304689,C100327,2024-12-18,Mexico,282.42
O304690,C100685,2025-02-25,South Korea,288.39
O304691,C101193,2024-01-23,Spain,51.29
O304692,C100829,2025-01-31,United Kingdom,137.38
O304693,C101102,2025-07-06,India,589.26
O304694,C100230,2024-09-18,France,920.79
O304695,C100258,2025-06-10,India,1562.3899999999999
O304696,C100900,2025-01-24,Italy,282.19
O304697,C100372,2024-05-14,United States,524.01
O304698,C101018,2024-06-10,Sweden,670.46
O304699,C100556,2024-09-19,United States,675.3299999999999
O304700,C100240,2025-08-14,United States,122.83
O304701,C101013,2024-10-28,India,473.6
O304702,C100660,2024-04-21,United States,2044.92
O304703,C100963,2025-06-13,South Korea,722.13
O304704,C100542,2024-03-01,Mexico,286.69
O304705,C100151,2024-02-09,India,489.93999999999994
O304706,C100817,2024-10-22,Canada,503.13
O304707,C100149,2024-08-26,Mexico,1270.78
O304708,C100795,2024-01-02,United States,554.6800000000001
O304709,C100500,2024-05-17,United States,108.16
O304710,C100949,2024-03-15,India,538.63
O304711,C101044,2025-02-16,United States,1123.99
O304712,C100488,2024-12-27,United Kingdom,369.18999999999994
O304713,C101058,2024-04-16,India,56.54
O304714,C100133,2025-07-20,India,531.63
O304715,C100128,2025-07-12,United Kingdom,82.97
O304716,C101192,2024-02-28,India,809.21
O304717,C100689,2025-06-20,Germany,610.92
O304718,C100540,2024-06-13,India,454.06
O304719,C100186,2024-11-22,Mexico,137.79
O304720,C100346,2024-04-06,Australia,223.2
O304721,C100823,2024-11-16,India,1267.23
O304722,C100986,2024-03-28,India,888.1500000000001
O304723,C101099,2024-10-21,Australia,167.73
O304724,C100489,2024-10-18,United Kingdom,551.33
O304725,C100545,2025-08-08,India,1094.39
O304726,C100195,2024-11-01,India,142.48
O304727,C100099,2025-02-18,India,278.92
O304728,C100525,2025-06-11,Germany,510.06
O304729,C100695,2024-07-05,India,1248.06
O304730,C100125,2025-04-19,United States,338.80999999999995
O304731,C100490,2024-01-21,India,796.6
O304732,C100769,2025-05-23,India,1380.6399999999999
O304733,C100973,2024-02-02,Mexico,319.01
O304734,C101126,2025-08-01,India,480.46
O304735,C100408,2024-03-23,Australia,599.76
O304736,C100470,2024-09-08,Japan,888.21
O304737,C101049,2024-06-07,Brazil,240.32999999999998
O304738,C100831,2024-11-22,France,691.78
O304739,C100328,2024-02-13,Germany,363.49
O304740,C100822,2025-04-29,United Kingdom,468.43
O304741,C100189,2024-06-19,France,208.74
O304742,C100538,2024-02-03,United States,1317.08
O304743,C100367,2025-02-26,United States,1543.08
O304744,C101191,2024-06-14,India,398.6
O304745,C100041,2025-06-03,Brazil,777.1000000000001
O304746,C101028,2024-05-10,India,35.18
O304747,C100337,2025-06-01,United States,489.95
O304748,C100043,2024-05-29,India,1188.11
O304749,C100792,2025-03-07,United States,273.94
O304750,C100813,2024-02-01,Netherlands,148.67000000000002
O304751,C100170,2024-06-24,India,570.23
O304752,C100045,2024-12-27,Japan,580.5
O304753,C100133,2024-04-10,India,359.0
O304754,C100490,2025-08-01,India,1989.08
O304755,C100158,2025-05-16,United States,390.29
O304756,C100843,2024-06-09,United States,17.0
O304757,C100093,2025-01-04,India,596.94
O304758,C100946,2025-06-20,India,223.5
O304759,C101049,2024-03-03,Brazil,1346.25
O304760,C100860,2024-11-12,Brazil,531.39
O304761,C101132,2025-04-18,Australia,504.71999999999997
O304762,C101127,2024-06-03,Japan,242.64999999999998
O304763,C100055,2025-01-12,India,379.47
O304764,C100410,2024-11-12,Italy,610.9200000000001
O304765,C100912,2025-07-13,France,385.29999999999995
O304766,C100407,2025-05-19,India,737.8100000000001
O304767,C100884,2024-01-16,France,648.5699999999999
O304768,C100929,2024-03-22,India,899.38
O304769,C101196,2024-08-29,Germany,501.82
O304770,C100395,2025-04-21,United Kingdom,933.69
O304771,C100417,2024-09-20,Mexico,1317.1
O304772,C100029,2024-08-12,Brazil,131.16
O304773,C100342,2024-07-18,United States,283.65
O304774,C100336,2024-07-05,Netherlands,17.14
O304775,C100543,2024-07-26,Mexico,55.17
O304776,C100505,2024-12-18,Brazil,49.78
O304777,C101027,2025-01-06,United States,556.38
O304778,C100928,2025-08-22,United States,375.78000000000003
O304779,C100874,2024-06-08,Canada,950.97
O304780,C100006,2024-11-03,Japan,1371.73
O304781,C100565,2024-03-05,Japan,603.24
O304782,C100875,2024-10-06,Canada,1177.01
O304783,C100293,2024-02-15,United States,1042.76
O304784,C100509,2024-03-05,India,794.37
O304785,C100872,2024-12-14,United States,57.98
O304786,C100953,2024-05-20,India,1117.29
O304787,C101025,2024-06-14,Australia,1155.01
O304788,C100515,2025-06-03,United States,58.27
O304789,C100479,2025-08-18,India,1882.3799999999999
O304790,C100459,2025-02-21,Spain,746.26
O304791,C100802,2024-02-28,Sweden,861.59
O304792,C100503,2025-08-24,Mexico,206.24
O304793,C100480,2024-06-29,India,37.12
O304794,C100201,2025-07-18,India,1435.49
O304795,C100574,2024-04-04,Canada,1372.69
O304796,C100284,2025-05-30,India,752.48
O304797,C100629,2025-07-18,United States,282.82
O304798,C101066,2025-01-02,Mexico,338.43
O304799,C100930,2025-06-06,India,614.99
O304800,C100573,2025-01-25,Australia,195.37
O304801,C101173,2024-02-11,Japan,793.45
O304802,C101176,2024-06-25,Australia,818.5500000000001
O304803,C100533,2025-02-11,Australia,1051.35
O304804,C100916,2024-03-03,United States,120.21
O304805,C100410,2024-03-28,Italy,2143.06
O304806,C101054,2024-03-15,Netherlands,574.89
O304807,C100448,2024-07-20,Japan,1634.7500000000002
O304808,C100309,2024-08-27,India,334.15
O304809,C100160,2024-11-25,Australia,251.79000000000002
O304810,C101011,2025-08-28,Brazil,1929.2499999999998
O304811,C100356,2025-06-06,Brazil,354.71999999999997
O304812,C100975,2024-07-22,India,296.9
O304813,C100103,2024-06-16,Japan,331.37999999999994
O304814,C100601,2025-07-30,Germany,1252.98
O304815,C100513,2025-08-11,South Korea,73.0
O304816,C100526,2024-05-03,Canada,344.88
O304817,C100200,2024-11-11,Australia,965.73
O304818,C100088,2025-06-29,Australia,615.17
O304819,C100415,2024-03-17,United States,1021.05
O304820,C100564,2025-08-30,United States,450.03999999999996
O304821,C100952,2024-07-16,India,1313.71
O304822,C100554,2025-08-15,Canada,86.57
O304823,C100295,2025-01-11,Japan,645.23
O304824,C100314,2024-05-02,Sweden,590.12
O304825,C100734,2024-05-15,Netherlands,864.8199999999999
O304826,C100522,2024-12-31,Mexico,679.1700000000001
O304827,C101081,2024-01-07,Mexico,1435.39
O304828,C100527,2025-06-25,Spain,727.49
O304829,C100680,2025-07-14,India,469.90999999999997
O304830,C100076,2025-08-22,South Korea,324.52
O304831,C100232,2025-06-20,India,1134.04
O304832,C101020,2024-09-06,India,692.44
O304833,C100413,2025-08-28,Netherlands,27.299999999999997
O304834,C100505,2024-07-20,Brazil,1241.41
O304835,C100708,2025-01-07,United States,357.73
O304836,C100069,2025-08-09,India,271.0
O304837,C100607,2024-01-29,Canada,210.16
O304838,C100415,2024-12-15,United States,1060.6799999999998
O304839,C100178,2024-07-04,Brazil,541.08
O304840,C100502,2025-06-06,Brazil,737.19
O304841,C100536,2024-10-05,United Kingdom,1549.46
O304842,C100223,2025-04-04,Italy,1067.45
O304843,C100651,2024-04-18,United States,777.39
O304844,C100895,2024-06-07,France,930.5500000000001
O304845,C100320,2024-02-20,United States,1493.24
O304846,C101159,2024-03-20,South Korea,613.52
O304847,C100734,2024-09-29,Netherlands,521.84
O304848,C100927,2024-03-31,United Kingdom,1921.82
O304849,C100084,2025-07-18,France,406.40000000000003
O304850,C100920,2025-01-14,India,299.99
O304851,C100403,2024-11-28,United States,627.81
O304852,C100852,2024-02-21,Japan,457.54
O304853,C100965,2024-08-20,United Kingdom,88.56
O304854,C100300,2024-12-25,United Kingdom,435.89
O304855,C100311,2025-08-08,Japan,205.46999999999997
O304856,C100071,2025-07-24,Germany,235.29000000000002
O304857,C100726,2025-01-06,India,752.27
O304858,C100928,2025-08-23,United States,494.36
O304859,C100492,2025-04-21,India,7.46
O304860,C100193,2024-11-15,United States,316.67999999999995
O304861,C100379,2025-07-18,United States,17.03
O304862,C100483,2024-12-14,Mexico,410.24
O304863,C101099,2025-06-12,Australia,60.85
O304864,C100148,2025-08-29,Brazil,77.96
O304865,C100411,2024-05-31,Germany,444.63
O304866,C100765,2024-11-22,Canada,53.41
O304867,C100284,2024-03-31,India,772.88
O304868,C101061,2024-04-05,France,824.62
O304869,C101091,2024-07-17,South Korea,867.38
O304870,C100456,2024-07-19,South Korea,124.64999999999999
O304871,C100895,2024-08-27,France,140.1
O304872,C100907,2024-03-27,United Kingdom,524.32
O304873,C100818,2024-03-08,Japan,1119.24
O304874,C100223,2024-03-20,Italy,473.38
O304875,C100059,2024-07-20,India,549.78
O304876,C100416,2024-02-28,Spain,762.09
O304877,C100157,2024-02-07,South Korea,356.85
O304878,C100350,2024-12-20,Canada,123.75
O304879,C100766,2024-02-28,India,226.84
O304880,C100706,2024-08-13,Germany,451.77
O304881,C100251,2024-02-07,India,620.28
O304882,C100021,2024-11-22,Canada,428.16999999999996
O304883,C100270,2024-08-03,Australia,516.4
O304884,C100545,2025-08-19,India,512.62
O304885,C100934,2024-06-13,United States,861.4200000000001
O304886,C100438,2024-04-02,United Kingdom,1457.5
O304887,C100343,2024-05-17,India,398.28
O304888,C100661,2025-01-08,India,648.38
O304889,C100085,2024-01-18,India,1068.2599999999998
O304890,C100270,2024-05-24,Australia,1967.6
O304891,C100043,2024-03-01,India,701.45
O304892,C100630,2025-05-31,India,151.2
O304893,C100531,2025-04-25,Canada,113.10000000000001
O304894,C100699,2025-02-12,India,360.94000000000005
O304895,C100740,2025-04-20,United States,551.83
O304896,C100474,2025-01-09,Japan,280.5
O304897,C101042,2025-01-17,United Kingdom,513.37
O304898,C101101,2025-04-06,Sweden,146.43
O304899,C100132,2025-02-15,United States,230.92
O304900,C101104,2024-11-06,United Kingdom,251.82
O304901,C100236,2025-08-25,Brazil,208.76
O304902,C100298,2024-11-27,United States,1293.84
O304903,C100635,2025-06-01,United States,707.87
O304904,C100035,2024-12-02,United States,1894.74
O304905,C100436,2025-04-16,India,293.57
O304906,C100233,2024-04-12,Spain,760.54
O304907,C100579,2024-11-22,India,808.99
O304908,C100977,2024-11-12,Mexico,1572.59
O304909,C101108,2025-06-11,Japan,26.73
O304910,C100254,2025-04-18,India,301.01
O304911,C100653,2024-04-27,France,68.35
O304912,C100569,2024-05-08,United States,303.21999999999997
O304913,C100498,2024-11-12,Japan,364.37
O304914,C100759,2024-08-16,United States,591.79
O304915,C101187,2025-01-13,Spain,550.5
O304916,C100486,2025-06-15,Brazil,219.54
O304917,C100078,2024-07-23,United States,270.46000000000004
O304918,C101099,2024-07-12,Australia,107.25
O304919,C101118,2025-01-04,Italy,285.88
O304920,C100386,2024-06-01,India,249.95000000000002
O304921,C100601,2024-09-21,Germany,341.96
O304922,C101035,2024-07-11,India,1077.25
O304923,C100604,2024-12-27,United States,591.12
O304924,C100577,2024-06-09,India,153.5
O304925,C101106,2025-05-26,United States,233.11
O304926,C100994,2024-12-15,Mexico,513.76
O304927,C100608,2025-07-19,India,336.63
O304928,C100193,2024-09-24,United States,399.29
O304929,C100526,2024-06-24,Canada,332.41
O304930,C100811,2024-05-31,Sweden,46.81
O304931,C100326,2025-04-12,United States,13.72
O304932,C100644,2024-08-26,India,324.57
O304933,C100790,2024-03-16,South Korea,908.24
O304934,C100102,2024-07-09,United States,647.36
O304935,C100683,2024-12-02,France,634.81
O304936,C100885,2024-01-22,United States,18.8
O304937,C100257,2024-08-16,Japan,378.0
O304938,C100658,2025-08-09,Canada,130.25
O304939,C100851,2025-07-19,France,360.17
O304940,C100053,2025-02-25,India,1265.63
O304941,C100772,2025-04-04,India,731.46
O304942,C100311,2024-10-29,Japan,416.73
O304943,C100476,2025-05-06,Canada,362.75
O304944,C100777,2025-02-16,Japan,396.31
O304945,C100005,2024-07-05,Brazil,825.55
O304946,C100020,2025-02-16,Brazil,924.9099999999999
O304947,C100535,2024-08-09,India,725.75
O304948,C101139,2024-09-08,Brazil,384.13
O304949,C100007,2025-07-18,United States,189.87
O304950,C100946,2024-01-26,India,1236.73
O304951,C100089,2024-07-22,Canada,130.18
O304952,C100586,2025-04-25,India,18.76
O304953,C100516,2024-03-22,United States,195.68
O304954,C100561,2024-11-05,Italy,630.8
O304955,C100098,2024-01-01,Italy,855.6600000000001
O304956,C100904,2025-01-10,Mexico,641.5199999999999
O304957,C100330,2024-08-23,India,102.1
O304958,C100925,2025-04-08,United States,958.3100000000001
O304959,C100786,2024-07-09,Australia,522.5
O304960,C100661,2024-05-29,India,921.2
O304961,C100370,2025-03-21,India,258.78
O304962,C100782,2024-08-08,Canada,790.65
O304963,C101197,2024-03-25,India,146.39
O304964,C101107,2025-07-10,India,954.1899999999999
O304965,C101099,2024-03-03,Australia,1205.67
O304966,C100263,2024-10-02,Germany,413.43
O304967,C100702,2025-05-22,Australia,559.72
O304968,C100477,2024-09-27,Canada,73.58
O304969,C101160,2024-08-04,India,429.05
O304970,C101140,2025-01-10,India,125.31
O304971,C101041,2025-05-12,United States,1104.76
O304972,C100195,2025-07-08,India,142.48
O304973,C100382,2025-01-31,Australia,377.40999999999997
O304974,C100853,2025-06-29,Netherlands,2467.7299999999996
O304975,C100899,2024-12-19,Italy,952.81
O304976,C100420,2024-02-24,Japan,279.94
O304977,C100164,2024-07-16,South Korea,45.12
O304978,C100164,2024-10-18,South Korea,1114.58
O304979,C100821,2024-01-07,United Kingdom,55.63
O304980,C100545,2024-12-13,India,950.5
O304981,C100589,2025-07-03,Italy,474.15
O304982,C100978,2024-04-03,Sweden,1025.1
O304983,C100020,2025-01-17,Brazil,99.1
O304984,C100905,2024-10-18,Canada,578.46
O304985,C100329,2024-10-12,Australia,521.5
O304986,C101117,2024-08-24,France,1032.34
O304987,C101146,2024-10-14,Australia,32.18
O304988,C100602,2024-12-06,Mexico,606.8199999999999
O304989,C100378,2024-11-27,Canada,478.71000000000004
O304990,C100279,2025-06-24,Germany,570.37
O304991,C100217,2024-09-07,Canada,805.95
O304992,C101199,2025-04-07,France,515.28
O304993,C100225,2024-08-16,United States,395.70000000000005
O304994,C100535,2024-04-19,India,476.40000000000003
O304995,C100575,2025-06-15,Australia,890.1099999999999
O304996,C100815,2024-11-01,Brazil,70.37
O304997,C101011,2025-01-17,Brazil,1347.0
O304998,C100669,2024-11-30,Canada,1362.3600000000001
O304999,C100909,2024-07-20,Australia,443.0
O305000,C100680,2025-02-12,India,513.44
O305001,C100524,2025-08-29,United Kingdom,550.9100000000001
O305002,C100189,2025-08-05,France,494.09000000000003
O305003,C100250,2024-08-30,United States,35.58
O305004,C100518,2024-07-09,India,828.99
O305005,C100055,2024-12-24,India,22.54
O305006,C100379,2024-12-09,United States,498.83000000000004
O305007,C100555,2025-04-09,United States,448.14
O305008,C100567,2024-12-29,Canada,252.24
O305009,C100977,2025-02-25,Mexico,463.01
O305010,C101161,2024-12-13,United States,733.1600000000001
O305011,C100875,2024-09-16,Canada,637.39
O305012,C100095,2025-05-02,Canada,1363.1399999999999
O305013,C100490,2025-06-21,India,274.98
O305014,C100875,2025-07-31,Canada,257.4
O305015,C100713,2025-08-10,United States,502.57
O305016,C100549,2025-07-02,Japan,52.42
O305017,C100523,2025-05-12,United States,5.74
O305018,C100487,2024-05-18,Brazil,53.68
O305019,C100694,2025-07-23,India,509.76
O305020,C100214,2024-04-05,United States,264.42
O305021,C100621,2024-08-15,India,574.5600000000001
O305022,C100247,2024-10-21,Spain,518.57
O305023,C100817,2025-04-04,Canada,116.0
O305024,C101037,2024-09-14,South Korea,473.6
O305025,C100609,2024-05-25,India,240.32999999999998
O305026,C100465,2025-05-02,Sweden,400.31
O305027,C101128,2024-07-09,United States,1014.0899999999999
O305028,C100791,2024-01-15,Mexico,110.77
O305029,C100513,2024-04-06,South Korea,737.72
O305030,C100034,2024-06-08,United States,207.82999999999998
O305031,C100019,2024-07-09,United States,162.32
O305032,C100265,2025-07-07,Japan,674.6
O305033,C100283,2024-06-11,United Kingdom,249.52
O305034,C100865,2025-08-22,Italy,673.52
O305035,C100600,2024-03-24,Germany,539.1
O305036,C101199,2025-08-31,France,90.55
O305037,C100648,2024-03-08,Japan,544.7
O305038,C101083,2025-03-17,India,83.14999999999999
O305039,C100662,2025-05-26,India,119.60999999999999
O305040,C100429,2024-08-08,India,290.25
O305041,C100857,2025-01-04,United Kingdom,74.81
O305042,C100539,2024-06-16,Italy,153.99
O305043,C100329,2024-08-02,Australia,584.56
O305044,C100567,2024-10-11,Canada,557.56
O305045,C100797,2024-07-12,South Korea,754.58
O305046,C100450,2025-05-27,Italy,783.65
O305047,C100844,2025-05-22,India,3918.2000000000003
O305048,C101176,2025-07-15,Australia,160.74
O305049,C100493,2025-08-07,India,438.67
O305050,C100354,2024-12-27,Netherlands,692.0799999999999
O305051,C100482,2025-04-24,South Korea,336.62
O305052,C101005,2025-07-10,India,175.54
O305053,C100214,2024-08-18,United States,777.78
O305054,C101168,2025-04-12,United States,230.43
O305055,C100496,2025-03-03,India,109.5
O305056,C101009,2025-06-27,United Kingdom,312.32
O305057,C100944,2024-08-19,United Kingdom,150.72
O305058,C100940,2024-06-18,Mexico,350.90999999999997
O305059,C101090,2024-11-13,Brazil,590.0
O305060,C100221,2024-02-29,Germany,351.27
O305061,C100712,2024-08-26,Germany,666.98
O305062,C100118,2025-06-22,Italy,594.37
O305063,C100359,2024-10-17,Canada,701.16
O305064,C100048,2025-02-10,Spain,74.15
O305065,C100818,2025-07-09,Japan,336.59000000000003
O305066,C100729,2024-03-08,United States,282.51
O305067,C100888,2024-12-02,Japan,827.15
O305068,C100211,2025-08-21,United States,346.86
O305069,C100398,2025-05-11,Sweden,973.87
O305070,C100811,2025-03-22,Sweden,513.58
O305071,C100991,2025-07-25,United States,894.71
O305072,C101062,2024-07-03,Brazil,37.8
O305073,C100088,2024-03-22,Australia,630.04
O305074,C100483,2024-08-29,Mexico,6.44
O305075,C100012,2024-08-09,Sweden,745.3
O305076,C100982,2024-08-23,India,64.64999999999999
O305077,C100147,2024-08-22,United Kingdom,173.25
O305078,C100986,2024-04-03,India,1909.78
O305079,C100187,2024-12-13,India,577.56
O305080,C100018,2024-08-20,United States,959.85
O305081,C101054,2024-10-09,Netherlands,910.4100000000001
O305082,C100526,2025-04-05,Canada,299.07
O305083,C100509,2024-10-08,India,563.3000000000001
O305084,C100776,2025-03-14,Italy,204.8
O305085,C100329,2024-01-21,Australia,90.03
O305086,C100828,2024-12-11,Brazil,157.0
O305087,C100514,2024-11-18,Sweden,495.15
O305088,C100327,2024-08-04,Mexico,491.05999999999995
O305089,C100473,2024-06-06,South Korea,237.45999999999998
O305090,C100007,2024-03-06,United States,139.55
O305091,C100361,2025-06-04,United Kingdom,711.35
O305092,C100709,2025-03-07,Netherlands,175.03
O305093,C100165,2024-02-05,United States,947.02
O305094,C100142,2024-02-21,Japan,1076.52
O305095,C100787,2024-07-09,India,44.79
O305096,C100513,2024-10-28,South Korea,1213.52
O305097,C100163,2024-12-03,United States,568.23
O305098,C100897,2024-01-19,France,538.6
O305099,C100930,2025-04-16,India,189.46
O305100,C100041,2025-07-17,Brazil,44.88
O305101,C100242,2024-05-27,Canada,401.3
O305102,C100444,2024-11-03,United States,360.66
O305103,C100877,2025-06-09,Sweden,520.7
O305104,C100088,2024-04-15,Australia,556.86
O305105,C100966,2024-08-22,United States,967.3199999999999
O305106,C100383,2024-05-23,United Kingdom,399.76
O305107,C100150,2024-09-24,India,1356.4299999999998
O305108,C101036,2024-03-15,India,752.5
O305109,C100104,2024-09-02,India,589.98
O305110,C100155,2024-11-25,India,73.44
O305111,C101139,2024-01-15,Brazil,507.76
O305112,C100623,2024-03-27,Italy,734.71
O305113,C100555,2024-06-20,United States,277.8
O305114,C100824,2024-07-15,India,119.12
O305115,C100756,2025-01-25,Canada,120.84
O305116,C100736,2024-07-25,United States,1760.64
O305117,C100027,2025-07-03,United States,582.41
O305118,C100662,2024-11-27,India,115.06
O305119,C100334,2024-12-13,Brazil,473.63
O305120,C100969,2024-01-26,Canada,135.85
O305121,C100606,2024-06-01,France,329.1
O305122,C100148,2024-01-17,Brazil,133.07999999999998
O305123,C101063,2024-04-17,India,128.58
O305124,C100341,2024-09-02,Mexico,688.24
O305125,C100325,2024-12-12,India,753.99
O305126,C101123,2025-04-20,Germany,324.65999999999997
O305127,C100930,2025-01-29,India,183.21
O305128,C101031,2024-09-26,Japan,187.47
O305129,C100794,2024-10-04,Mexico,114.56
O305130,C101092,2025-07-23,India,759.72
O305131,C100138,2024-09-03,India,430.80999999999995
O305132,C100719,2024-09-15,Mexico,380.39
O305133,C100352,2025-03-26,India,1639.01
O305134,C100478,2024-11-06,France,638.35
O305135,C100285,2025-01-17,India,525.38
O305136,C100246,2025-01-26,India,772.3599999999999
O305137,C100531,2024-08-11,Canada,367.43
O305138,C101101,2024-05-27,Sweden,2838.75
O305139,C100762,2024-11-27,France,1747.5100000000002
O305140,C100419,2025-06-05,United Kingdom,712.57
O305141,C100520,2025-01-10,Italy,697.0300000000001
O305142,C100635,2024-07-01,United States,271.32
O305143,C100293,2024-10-25,United States,1477.5800000000002
O305144,C100625,2024-10-05,Japan,37.23
O305145,C100835,2024-02-19,Sweden,629.99
O305146,C100291,2024-09-05,Netherlands,664.23
O305147,C100701,2024-12-13,Germany,1007.86
O305148,C100850,2024-06-02,Brazil,177.84
O305149,C100623,2024-07-18,Italy,352.82
O305150,C100350,2024-07-08,Canada,377.03000000000003
O305151,C100665,2024-02-05,Brazil,293.59
O305152,C100951,2024-11-05,United Kingdom,314.03
O305153,C100266,2025-07-02,Japan,1250.31
O305154,C100689,2024-05-09,Germany,366.81
O305155,C100816,2024-12-30,Canada,637.0
O305156,C100385,2024-10-06,South Korea,564.65
O305157,C100465,2025-03-21,Sweden,16.98
O305158,C101066,2025-05-19,Mexico,1506.1
O305159,C100436,2025-04-11,India,229.84
O305160,C100717,2025-08-05,United States,120.34
O305161,C100179,2024-05-15,Japan,774.24
O305162,C101111,2025-08-24,India,410.40999999999997
O305163,C100716,2024-02-22,Germany,66.26
O305164,C100912,2024-06-27,France,202.86
O305165,C100723,2024-07-14,Brazil,392.90999999999997
O305166,C100426,2025-08-19,Netherlands,176.7
O305167,C100408,2024-01-09,Australia,623.9
O305168,C100841,2024-06-03,United States,190.24
O305169,C101031,2025-06-02,Japan,91.4
O305170,C100153,2025-01-10,United Kingdom,143.55
O305171,C101014,2025-08-15,Mexico,758.8399999999999
O305172,C100996,2025-06-07,India,662.22
O305173,C100130,2025-04-16,India,519.43
O305174,C100129,2025-01-02,Canada,783.0899999999999
O305175,C100834,2024-05-13,India,313.79999999999995
O305176,C101011,2024-06-22,Brazil,59.11
O305177,C100472,2024-04-30,United Kingdom,313.15999999999997
O305178,C100768,2025-01-31,United States,184.26
O305179,C101199,2024-12-27,France,238.85
O305180,C100387,2024-02-04,United States,802.1
O305181,C100270,2025-07-26,Australia,679.1899999999999
O305182,C101189,2024-05-24,United States,423.11
O305183,C100336,2024-03-01,Netherlands,279.81
O305184,C100567,2024-09-07,Canada,708.39
O305185,C100530,2024-03-02,Sweden,223.51
O305186,C100627,2025-03-25,United Kingdom,445.76
O305187,C100322,2024-12-05,France,575.99
O305188,C100814,2024-01-12,United States,223.13
O305189,C100830,2025-05-05,South Korea,377.15
O305190,C100240,2024-10-05,United States,511.37
O305191,C100577,2025-08-16,India,387.2
O305192,C100068,2024-11-27,India,205.87
O305193,C100265,2024-02-16,Japan,297.22
O305194,C101184,2025-08-19,India,635.04
O305195,C100607,2025-05-21,Canada,835.95
O305196,C100747,2024-05-02,India,253.06
O305197,C101066,2024-11-23,Mexico,1326.9
O305198,C100856,2024-03-05,India,768.24
O305199,C100950,2025-08-29,United States,363.91
O305200,C100854,2025-06-01,India,546.79
O305201,C100598,2025-02-23,India,182.84
O305202,C100759,2025-02-10,United States,14.580000000000002
O305203,C100346,2024-09-17,Australia,563.43
O305204,C101068,2025-03-01,United States,374.31
O305205,C100215,2025-03-29,Japan,512.0699999999999
O305206,C101060,2025-08-14,United States,17.4
O305207,C101054,2024-04-05,Netherlands,506.44
O305208,C100170,2024-10-06,India,589.12
O305209,C100852,2024-07-25,Japan,84.32
O305210,C101187,2024-08-25,Spain,309.24
O305211,C100686,2024-12-30,India,93.6
O305212,C100408,2024-10-13,Australia,413.15
O305213,C101055,2024-03-29,India,1058.4
O305214,C100615,2024-03-14,Canada,615.37
O305215,C100146,2024-12-07,India,1174.3899999999999
O305216,C100299,2024-12-21,Canada,241.53
O305217,C100818,2024-06-18,Japan,410.02
O305218,C100546,2024-05-13,Australia,450.28000000000003
O305219,C100260,2025-08-24,Australia,310.27
O305220,C100958,2025-02-15,Italy,799.59
O305221,C100144,2024-01-22,Canada,841.34
O305222,C100262,2024-05-05,Brazil,168.13
O305223,C100558,2024-10-25,United Kingdom,530.5899999999999
O305224,C100047,2024-06-23,Canada,98.3
O305225,C100464,2025-01-10,India,608.0699999999999
O305226,C101091,2025-01-15,South Korea,187.7
O305227,C101129,2024-11-18,India,59.0
O305228,C101046,2024-08-23,India,121.28999999999999
O305229,C100388,2024-07-23,India,267.67
O305230,C100077,2024-07-17,Canada,547.86
O305231,C100977,2024-04-18,Mexico,645.4
O305232,C100447,2024-02-09,Brazil,239.44
O305233,C100898,2025-01-17,India,234.77
O305234,C100143,2025-05-30,United States,506.38
O305235,C100801,2024-02-08,United States,66.83
O305236,C100703,2024-11-24,India,243.5
O305237,C101104,2025-05-20,United Kingdom,635.05
O305238,C100122,2025-03-16,United States,677.23
O305239,C100489,2024-07-03,United Kingdom,305.27
O305240,C101187,2025-07-10,Spain,1201.19
O305241,C100467,2025-06-27,Spain,1110.6999999999998
O305242,C100789,2025-08-22,United States,97.2
O305243,C100193,2024-02-26,United States,1460.12
O305244,C100874,2025-04-04,Canada,281.98
O305245,C100330,2024-02-20,India,700.6199999999999
O305246,C100686,2025-07-25,India,663.0799999999999
O305247,C101055,2025-08-10,India,8.85
O305248,C100793,2025-01-17,United States,313.4
O305249,C100569,2024-04-06,United States,157.79999999999998
O305250,C100228,2024-08-17,Japan,846.47
O305251,C100409,2024-12-14,United Kingdom,60.14
O305252,C101019,2024-04-22,United States,968.0999999999999
O305253,C100259,2025-07-12,Canada,757.64
O305254,C100787,2025-06-27,India,1486.05
O305255,C100581,2024-07-26,United States,534.03
O305256,C100385,2024-04-12,South Korea,520.64
O305257,C100859,2024-04-10,India,122.39
O305258,C100434,2025-01-09,India,349.25
O305259,C100344,2025-07-31,United Kingdom,508.2
O305260,C100635,2024-12-06,United States,32.59
O305261,C100909,2024-01-30,Australia,141.9
O305262,C101036,2024-09-01,India,1653.91
O305263,C100755,2024-09-06,United States,286.5
O305264,C100794,2025-02-05,Mexico,119.49
O305265,C100945,2025-02-18,India,436.58
O305266,C100323,2024-12-27,Canada,780.0
O305267,C100301,2025-06-28,India,686.5400000000001
O305268,C100580,2025-02-27,Australia,45.63
O305269,C100757,2024-03-21,United Kingdom,494.12
O305270,C100775,2024-06-09,United States,91.71000000000001
O305271,C100184,2024-03-17,Sweden,3366.92
O305272,C100936,2024-08-01,Brazil,314.91
O305273,C100436,2025-03-25,India,582.38
O305274,C101052,2025-04-24,India,750.96
O305275,C100869,2024-07-09,United States,655.25
O305276,C101179,2024-02-02,United Kingdom,412.7
O305277,C100758,2024-08-02,Spain,78.08
O305278,C100632,2025-04-14,India,443.32
O305279,C100225,2025-04-28,United States,185.48000000000002
O305280,C100478,2025-06-06,France,245.19
O305281,C101030,2024-10-26,United Kingdom,956.06
O305282,C100458,2024-05-07,Canada,263.54
O305283,C100064,2025-02-26,India,945.4699999999999
O305284,C100294,2024-09-03,Australia,535.9200000000001
O305285,C100714,2025-05-09,United States,1212.94
O305286,C100754,2024-09-27,Japan,269.37
O305287,C101180,2025-05-11,United States,221.78
O305288,C101120,2024-08-30,United States,229.42
O305289,C100637,2025-03-13,United Kingdom,134.11
O305290,C100665,2025-02-23,Brazil,1068.01
O305291,C100960,2024-09-03,Sweden,118.35000000000001
O305292,C100058,2024-02-02,Germany,380.94
O305293,C100714,2025-04-02,United States,1729.97
O305294,C100568,2025-03-01,Mexico,41.339999999999996
O305295,C100939,2024-06-03,United Kingdom,494.77
O305296,C100960,2024-05-10,Sweden,760.7
O305297,C100786,2025-05-19,Australia,745.43
O305298,C100788,2024-04-13,Japan,47.84
O305299,C100829,2025-02-09,United Kingdom,214.11
O305300,C100696,2025-03-04,United States,826.25
O305301,C100273,2024-01-03,India,666.6800000000001
O305302,C100341,2025-03-20,Mexico,618.6600000000001
O305303,C100890,2024-09-21,United States,490.37
O305304,C100742,2024-02-19,United Kingdom,735.54
O305305,C100285,2024-11-25,India,2174.61
O305306,C101053,2025-07-05,United States,884.5
O305307,C101176,2024-12-14,Australia,1188.94
O305308,C100751,2024-08-31,Mexico,682.29
O305309,C100273,2024-06-02,India,254.07000000000002
O305310,C101125,2024-10-23,United States,2032.3400000000001
O305311,C100284,2024-03-20,India,1328.5600000000002
O305312,C100518,2025-06-11,India,463.31
O305313,C101030,2025-07-25,United Kingdom,453.18
O305314,C100624,2024-03-27,United States,26.23
O305315,C100291,2024-02-06,Netherlands,798.4399999999999
O305316,C100096,2025-04-30,Australia,678.48
O305317,C100433,2025-05-29,South Korea,724.29
O305318,C100806,2024-01-29,Netherlands,734.8299999999999
O305319,C100857,2025-03-07,United Kingdom,347.44
O305320,C100267,2025-02-14,Brazil,510.38
O305321,C100190,2024-05-21,India,301.95
O305322,C100841,2024-10-31,United States,107.37
O305323,C100190,2025-05-16,India,148.29
O305324,C100077,2025-08-22,Canada,72.9
O305325,C100583,2025-04-11,United States,5.56
O305326,C100685,2024-05-26,South Korea,7.97
O305327,C100292,2025-06-27,India,722.8900000000001
O305328,C100253,2024-05-26,South Korea,543.35
O305329,C100282,2025-08-31,South Korea,86.97
O305330,C100411,2024-02-02,Germany,603.22
O305331,C100011,2025-07-08,Italy,312.82
O305332,C100014,2025-07-08,India,1305.29
O305333,C100444,2025-06-27,United States,562.97
O305334,C100023,2024-10-03,United Kingdom,147.93
O305335,C100381,2024-02-10,Mexico,1016.2199999999999
O305336,C100697,2024-07-24,United States,271.89
O305337,C100037,2025-08-05,Australia,129.48
O305338,C100741,2025-08-26,Mexico,337.51
O305339,C100745,2024-12-06,France,155.68
O305340,C100688,2025-01-23,United Kingdom,1209.4
O305341,C100751,2024-02-24,Mexico,665.28
O305342,C100971,2024-06-30,Germany,495.87
O305343,C100084,2024-07-02,France,528.66
O305344,C100202,2024-11-19,Japan,350.68
O305345,C100380,2025-01-17,Sweden,78.99
O305346,C100825,2025-01-26,India,390.76
O305347,C101047,2024-04-05,Brazil,24.5
O305348,C101102,2025-03-19,India,490.3500000000001
O305349,C100698,2024-12-20,Australia,821.81
O305350,C100492,2024-07-15,India,145.02
O305351,C100494,2024-08-07,Germany,260.92
O305352,C100071,2025-04-26,Germany,201.89999999999998
O305353,C100558,2025-04-27,United Kingdom,251.29000000000002
O305354,C100615,2025-03-14,Canada,350.84000000000003
O305355,C100249,2025-06-19,Netherlands,284.88
O305356,C100921,2025-03-21,Canada,175.72
O305357,C100974,2024-11-02,United States,3079.9900000000007
O305358,C100362,2024-01-19,United States,1505.86
O305359,C101096,2024-01-21,United States,68.86
O305360,C100128,2024-09-14,United Kingdom,617.98
O305361,C101092,2025-02-28,India,589.29
O305362,C100921,2025-02-14,Canada,33.96
O305363,C100268,2024-09-24,United States,22.14
O305364,C100780,2024-03-30,United Kingdom,734.5799999999999
O305365,C100372,2025-02-28,United States,108.63
O305366,C100959,2025-07-20,Japan,274.66
O305367,C100192,2024-02-21,India,354.37
O305368,C100293,2024-11-14,United States,1495.38
O305369,C100368,2024-06-12,Germany,31.39
O305370,C100239,2024-12-22,Canada,607.95
O305371,C100399,2024-03-29,India,740.54
O305372,C100723,2024-10-22,Brazil,387.84999999999997
O305373,C100759,2025-06-06,United States,1440.93
O305374,C100664,2024-02-15,Germany,183.65999999999997
O305375,C100227,2025-06-05,India,584.7
O305376,C100242,2025-04-18,Canada,373.32
O305377,C101103,2024-09-26,France,738.42
O305378,C100301,2025-02-03,India,85.17
O305379,C100123,2024-07-17,Netherlands,474.40999999999997
O305380,C100544,2025-03-21,India,892.75
O305381,C100008,2025-02-14,Australia,1160.25
O305382,C100411,2025-07-18,Germany,1363.1100000000001
O305383,C101025,2024-06-06,Australia,259.33
O305384,C100320,2024-03-24,United States,305.02
O305385,C100844,2025-06-19,India,195.18
O305386,C100587,2024-06-17,Sweden,727.67
O305387,C100426,2025-07-18,Netherlands,276.5
O305388,C100793,2025-03-15,United States,508.18
O305389,C100714,2025-08-11,United States,415.28999999999996
O305390,C100381,2025-06-24,Mexico,37.42
O305391,C100268,2024-06-09,United States,75.68
O305392,C101100,2024-11-22,South Korea,924.14
O305393,C100202,2024-07-26,Japan,367.33
O305394,C101151,2024-07-19,India,25.049999999999997
O305395,C100565,2024-07-21,Japan,485.1
O305396,C101196,2024-08-09,Germany,80.63999999999999
O305397,C100423,2024-04-20,Canada,581.07
O305398,C100678,2025-01-07,Japan,746.5600000000001
O305399,C100738,2024-07-16,Japan,161.05
O305400,C100406,2025-03-31,South Korea,189.85000000000002
O305401,C100261,2025-05-23,Australia,758.59
O305402,C100624,2024-12-01,United States,452.21
O305403,C100795,2025-05-08,United States,307.98
O305404,C100313,2024-01-28,Sweden,261.2
O305405,C100920,2025-07-09,India,236.69
O305406,C100766,2024-04-08,India,434.16999999999996
O305407,C100199,2024-03-28,Australia,164.39
O305408,C101126,2024-07-12,India,209.51999999999998
O305409,C100052,2024-10-06,Italy,32.82
O305410,C100784,2025-02-07,Netherlands,470.9
O305411,C100527,2024-05-13,Spain,653.78
O305412,C100784,2025-07-15,Netherlands,173.39999999999998
O305413,C100928,2025-08-24,United States,1533.0900000000001
O305414,C100824,2025-01-31,India,62.29
O305415,C100780,2025-05-22,United Kingdom,103.06
O305416,C101009,2024-09-27,United Kingdom,260.84
O305417,C100842,2024-01-26,United States,187.78
O305418,C100976,2024-03-08,Brazil,1241.94
O305419,C100483,2024-06-09,Mexico,338.76
O305420,C100243,2024-07-31,India,2080.1200000000003
O305421,C100281,2025-02-09,France,659.0699999999999
O305422,C100734,2025-05-02,Netherlands,764.27
O305423,C100638,2025-01-31,United States,576.98
O305424,C100092,2024-10-20,India,1791.06
O305425,C100245,2025-07-21,Japan,806.92
O305426,C101161,2025-01-28,United States,15.01
O305427,C100871,2024-04-28,United States,29.04
O305428,C100905,2024-12-28,Canada,92.2
O305429,C100236,2024-10-18,Brazil,1781.1100000000001
O305430,C100077,2025-03-14,Canada,376.63
O305431,C100349,2024-12-22,India,43.95
O305432,C101028,2025-06-10,India,271.81
O305433,C100607,2024-10-29,Canada,131.16
O305434,C100941,2024-08-27,India,326.49
O305435,C100584,2025-06-11,United States,820.91
O305436,C100588,2024-12-21,United States,43.18
O305437,C100721,2024-10-21,United Kingdom,1560.65
O305438,C101150,2024-02-21,France,1747.6399999999999
O305439,C100524,2025-06-10,United Kingdom,105.44999999999999
O305440,C100714,2025-04-19,United States,87.29
O305441,C101103,2025-02-08,France,162.04
O305442,C100446,2025-05-22,India,990.3700000000001
O305443,C101007,2025-02-18,India,253.36
O305444,C100642,2025-08-14,India,972.42
O305445,C101054,2024-02-26,Netherlands,15.5
O305446,C100561,2024-01-12,Italy,299.45
O305447,C100755,2025-05-02,United States,1447.4
O305448,C100387,2024-07-21,United States,190.6
O305449,C100762,2025-08-26,France,177.72
O305450,C100391,2024-04-19,Australia,1297.64
O305451,C100731,2025-03-06,Canada,60.97
O305452,C100946,2024-04-26,India,375.66999999999996
O305453,C100521,2025-01-17,United States,410.67999999999995
O305454,C100515,2024-11-21,United States,118.99
O305455,C100386,2024-07-21,India,1447.8500000000001
O305456,C100876,2025-03-16,United Kingdom,1259.7
O305457,C100710,2025-04-01,India,116.28
O305458,C100619,2025-03-28,United States,300.88
O305459,C100030,2025-04-21,South Korea,508.23
O305460,C100132,2025-08-01,United States,444.34
O305461,C100008,2025-04-11,Australia,70.12
O305462,C101020,2024-05-12,India,877.4200000000001
O305463,C101021,2024-04-08,Canada,372.31
O305464,C100081,2025-02-14,India,1177.6799999999998
O305465,C100055,2025-05-06,India,649.88
O305466,C100937,2024-11-03,Australia,1169.17
O305467,C100629,2024-03-29,United States,593.4200000000001
O305468,C100370,2024-11-04,India,499.04
O305469,C100737,2025-05-19,Germany,120.16
O305470,C100283,2025-05-13,United Kingdom,347.94
O305471,C100237,2024-09-16,Sweden,494.33
O305472,C100440,2025-08-06,United States,172.41
O305473,C101074,2024-03-28,Brazil,411.48
O305474,C100920,2024-06-16,India,813.1
O305475,C100228,2024-07-22,Japan,235.74
O305476,C100674,2025-07-18,United States,473.55
O305477,C101061,2024-02-06,France,658.73
O305478,C101141,2024-09-14,India,389.94000000000005
O305479,C100915,2024-03-23,India,791.28
O305480,C100154,2024-12-13,Spain,770.76
O305481,C100288,2025-05-04,United States,457.28
O305482,C100262,2025-03-22,Brazil,30.39
O305483,C100180,2024-04-26,India,636.5600000000001
O305484,C100210,2025-07-21,United States,438.25
O305485,C100379,2025-03-07,United States,1179.05
O305486,C100666,2025-08-31,United States,826.52
O305487,C100477,2024-02-22,Canada,272.33
O305488,C100504,2024-06-21,United States,260.95
O305489,C100294,2025-07-13,Australia,642.1899999999999
O305490,C100181,2025-02-23,South Korea,1402.0900000000001
O305491,C101198,2024-12-14,Germany,52.39
O305492,C100718,2024-09-10,Australia,36.27
O305493,C100275,2024-02-03,Japan,188.25
O305494,C100971,2024-10-30,Germany,270.88
O305495,C100996,2024-03-22,India,51.54
O305496,C101160,2025-04-19,India,363.28999999999996
O305497,C100190,2024-10-02,India,185.45999999999998
O305498,C100767,2024-09-09,United States,136.14
O305499,C101176,2024-10-08,Australia,568.1700000000001
O305500,C100968,2024-03-12,United Kingdom,331.81
O305501,C100270,2024-07-28,Australia,428.37
O305502,C101071,2024-02-09,France,370.74
O305503,C100506,2025-02-19,United States,390.24
O305504,C100586,2025-01-04,India,516.8100000000001
O305505,C100670,2024-06-08,Sweden,212.02
O305506,C100925,2024-01-05,United States,1209.57
O305507,C100144,2025-05-10,Canada,697.14
O305508,C100647,2025-07-18,India,37.22
O305509,C100980,2024-04-28,Japan,29.080000000000002
O305510,C100658,2024-02-29,Canada,921.3299999999999
O305511,C100329,2024-03-09,Australia,427.19
O305512,C100067,2025-08-01,Sweden,496.08
O305513,C100659,2024-10-21,Sweden,100.46
O305514,C100844,2024-12-21,India,1428.4
O305515,C100659,2024-08-09,Sweden,53.480000000000004
O305516,C101175,2025-04-11,Canada,224.48
O305517,C100723,2024-08-16,Brazil,783.0
O305518,C100609,2024-09-25,India,801.43
O305519,C100066,2025-04-13,Brazil,669.23
O305520,C100670,2024-12-09,Sweden,1143.68
O305521,C100202,2025-06-28,Japan,751.83
O305522,C100869,2024-06-13,United States,420.88
O305523,C100193,2024-07-17,United States,324.42
O305524,C101088,2024-02-09,Germany,768.06
O305525,C100362,2024-06-21,United States,754.42
O305526,C100520,2025-01-10,Italy,1409.0
O305527,C100173,2025-04-18,Mexico,225.54
O305528,C100252,2024-05-07,Japan,540.79
O305529,C101106,2024-09-15,United States,120.27000000000001
O305530,C100340,2024-03-24,India,376.57
O305531,C100615,2025-06-24,Canada,769.5500000000001
O305532,C101177,2025-02-21,United Kingdom,502.77
O305533,C100748,2025-01-05,India,1109.95
O305534,C100049,2025-01-07,United States,457.44
O305535,C100428,2025-04-19,Australia,277.04
O305536,C100464,2024-05-27,India,201.70999999999998
O305537,C100331,2024-07-08,India,450.65
O305538,C100289,2025-02-23,Spain,261.81
O305539,C100603,2025-03-06,Australia,769.32
O305540,C100452,2024-03-22,India,711.16
O305541,C100353,2024-11-10,United States,27.31
O305542,C100495,2024-12-18,India,285.37
O305543,C100412,2025-07-23,United Kingdom,267.61
O305544,C100274,2024-06-15,Australia,182.85000000000002
O305545,C100543,2025-07-18,Mexico,400.43999999999994
O305546,C101130,2025-04-11,Netherlands,650.71
O305547,C100606,2024-12-16,France,241.42
O305548,C100717,2024-09-05,United States,369.01
O305549,C101181,2025-02-23,Brazil,998.8
O305550,C100736,2024-10-24,United States,32.64
O305551,C100267,2025-06-02,Brazil,644.5799999999999
O305552,C100478,2024-10-04,France,607.17
O305553,C100585,2024-08-05,Mexico,1123.48
O305554,C100569,2025-06-30,United States,903.0899999999999
O305555,C100179,2024-09-13,Japan,365.82
O305556,C100127,2024-02-16,United States,154.23
O305557,C100419,2024-03-08,United Kingdom,35.08
O305558,C101097,2025-01-05,Brazil,896.05
O305559,C100860,2025-05-23,Brazil,678.68
O305560,C101010,2025-06-26,India,312.69
O305561,C100209,2024-08-15,Sweden,449.54
O305562,C100497,2025-03-14,Mexico,746.54
O305563,C100697,2025-02-01,United States,139.53
O305564,C100521,2025-06-26,United States,178.0
O305565,C100500,2025-01-26,United States,441.51000000000005
O305566,C100431,2024-03-24,Australia,44.45
O305567,C100061,2025-01-10,Japan,327.28
O305568,C101028,2025-07-24,India,699.31
O305569,C101119,2024-05-15,Mexico,244.07
O305570,C100097,2025-01-22,Germany,861.63
O305571,C100496,2024-10-11,India,452.56999999999994
O305572,C100621,2024-04-14,India,512.14
O305573,C100940,2024-08-23,Mexico,881.87
O305574,C101184,2024-01-03,India,781.72
O305575,C100499,2025-02-13,United States,547.51
O305576,C100898,2024-11-20,India,1710.13
O305577,C101124,2024-10-05,Canada,642.55
O305578,C100996,2025-02-07,India,343.83
O305579,C100348,2025-05-20,Japan,677.96
O305580,C100980,2024-11-22,Japan,424.38
O305581,C100494,2024-01-17,Germany,302.78000000000003
O305582,C100021,2024-02-01,Canada,2117.14
O305583,C100910,2024-05-08,United States,371.54
O305584,C101002,2024-02-25,Spain,98.4
O305585,C100412,2025-01-30,United Kingdom,98.6
O305586,C100541,2024-03-01,Brazil,187.12
O305587,C100437,2024-09-25,India,727.15
O305588,C100140,2024-07-30,United States,412.96000000000004
O305589,C101193,2025-05-09,Spain,1091.9299999999998
O305590,C100027,2024-03-06,United States,462.25
O305591,C100666,2024-10-05,United States,317.28000000000003
O305592,C100017,2024-02-17,India,173.6
O305593,C100827,2024-08-12,United States,162.92000000000002
O305594,C101081,2024-10-17,Mexico,706.3700000000001
O305595,C100772,2025-06-17,India,94.24
O305596,C100727,2024-09-13,Germany,446.22
O305597,C100993,2024-03-22,India,697.77
O305598,C101169,2024-07-22,Mexico,322.84
O305599,C101034,2024-11-22,Sweden,392.56
O305600,C100277,2024-09-02,India,26.759999999999998
O305601,C100675,2025-08-08,India,377.15999999999997
O305602,C100982,2025-01-03,India,923.48
O305603,C100353,2024-09-20,United States,696.71
O305604,C100810,2025-06-11,Mexico,679.13
O305605,C100027,2024-08-08,United States,678.99
O305606,C101052,2024-09-27,India,419.87
O305607,C100737,2025-01-03,Germany,247.81
O305608,C100891,2024-07-18,Mexico,691.7800000000001
O305609,C100990,2025-07-19,India,662.06
O305610,C100262,2024-03-04,Brazil,568.91
O305611,C100540,2024-07-28,India,84.39
O305612,C101030,2024-01-10,United Kingdom,276.24
O305613,C100197,2024-03-30,United States,58.870000000000005
O305614,C100986,2024-05-07,India,622.8
O305615,C100345,2025-04-14,India,418.54
O305616,C100690,2025-08-26,United Kingdom,138.57
O305617,C100611,2024-03-09,Mexico,681.51
O305618,C100823,2024-05-24,India,697.33
O305619,C101004,2024-07-30,India,131.04
O305620,C100418,2024-12-08,United States,384.19
O305621,C100206,2024-06-17,Spain,661.34
O305622,C100507,2025-08-03,India,806.8
O305623,C100734,2025-04-27,Netherlands,451.76000000000005
O305624,C100900,2024-04-03,Italy,67.22
O305625,C100904,2024-05-08,Mexico,428.25
O305626,C100407,2025-04-23,India,421.64
O305627,C101123,2025-04-30,Germany,206.02
O305628,C100099,2024-08-23,India,922.89
O305629,C100140,2025-03-12,United States,473.7
O305630,C100029,2024-07-30,Brazil,1823.82
O305631,C101111,2024-06-16,India,213.25
O305632,C100216,2025-02-11,Japan,498.69000000000005
O305633,C100721,2024-08-22,United Kingdom,595.97
O305634,C100975,2024-06-03,India,1353.62
O305635,C100920,2024-07-14,India,295.79
O305636,C101138,2024-12-26,Canada,310.15
O305637,C100064,2024-05-10,India,93.28
O305638,C100488,2025-03-28,United Kingdom,757.44
O305639,C100607,2025-06-13,Canada,594.8599999999999
O305640,C100835,2025-07-11,Sweden,234.54
O305641,C100747,2025-05-02,India,663.21
O305642,C100671,2024-02-07,India,434.69
O305643,C100368,2024-11-08,Germany,21.96
O305644,C100127,2025-02-26,United States,691.88
O305645,C100517,2024-07-25,Brazil,899.67
O305646,C100311,2024-05-07,Japan,280.79999999999995
O305647,C100665,2025-05-30,Brazil,154.02
O305648,C100956,2024-02-14,South Korea,791.4300000000001
O305649,C100663,2025-06-06,Netherlands,454.43999999999994
O305650,C100699,2024-08-08,India,104.71
O305651,C100050,2025-05-16,India,52.019999999999996
O305652,C100773,2024-07-19,Brazil,627.64
O305653,C100527,2024-06-27,Spain,161.09
O305654,C100148,2025-02-06,Brazil,1113.51
O305655,C100256,2024-11-02,Australia,196.78
O305656,C100936,2024-10-12,Brazil,343.77
O305657,C101100,2024-02-02,South Korea,21.88
O305658,C100609,2025-06-25,India,92.52
O305659,C101171,2025-06-24,Brazil,274.7
O305660,C100216,2024-03-29,Japan,321.36
O305661,C100359,2024-12-13,Canada,763.34
O305662,C101116,2025-04-18,India,984.68
O305663,C100210,2025-01-16,United States,181.9
O305664,C100791,2024-11-29,Mexico,574.81
O305665,C100263,2024-11-28,Germany,195.39
O305666,C100397,2025-05-24,United States,395.42
O305667,C100573,2024-03-30,Australia,191.9
O305668,C100431,2024-04-06,Australia,1289.3400000000001
O305669,C101049,2024-11-17,Brazil,1073.3600000000001
O305670,C101167,2025-02-09,United States,1993.18
O305671,C100600,2025-04-29,Germany,257.21999999999997
O305672,C100630,2025-08-05,India,102.03
O305673,C100066,2025-03-09,Brazil,393.19
O305674,C100281,2024-01-24,France,888.3799999999999
O305675,C100047,2024-05-13,Canada,18.02
O305676,C101027,2024-11-01,United States,1305.54
O305677,C100272,2025-03-28,Sweden,763.38
O305678,C100408,2024-03-10,Australia,634.94
O305679,C101011,2025-01-31,Brazil,160.07999999999998
O305680,C100855,2025-06-23,United States,158.51999999999998
O305681,C100745,2024-10-09,France,2125.4700000000003
O305682,C100046,2025-04-26,United States,240.82
O305683,C100675,2024-08-11,India,954.3299999999999
O305684,C100673,2024-11-22,Germany,490.21
O305685,C100382,2024-01-21,Australia,242.15
O305686,C100893,2025-02-28,Brazil,347.90000000000003
O305687,C101115,2024-09-25,Brazil,212.19
O305688,C100310,2024-03-22,Brazil,336.52
O305689,C100397,2024-12-12,United States,172.89
O305690,C100386,2024-12-26,India,1947.15
O305691,C101001,2024-12-07,United States,700.92
O305692,C100093,2024-09-13,India,965.63
O305693,C101075,2024-10-30,Netherlands,417.90999999999997
O305694,C100930,2025-04-29,India,85.5
O305695,C100580,2024-05-24,Australia,986.6
O305696,C100700,2024-12-06,India,463.03
O305697,C101073,2025-04-04,United States,167.24
O305698,C100923,2025-01-17,Brazil,445.33
O305699,C100332,2025-07-29,India,757.8
O305700,C100060,2024-04-22,India,498.65000000000003
O305701,C100790,2024-03-05,South Korea,1349.87
O305702,C100174,2024-07-26,United States,440.52
O305703,C100105,2024-07-08,Germany,536.61
O305704,C101178,2025-07-19,India,139.01999999999998
O305705,C100568,2024-05-10,Mexico,1080.65
O305706,C100781,2025-08-01,United States,921.4799999999999
O305707,C100260,2024-08-09,Australia,382.59000000000003
O305708,C100122,2025-06-26,United States,87.92999999999999
O305709,C100075,2024-06-01,India,61.0
O305710,C100425,2024-08-01,India,513.29
O305711,C100004,2024-11-01,Netherlands,212.14999999999998
O305712,C100504,2025-01-31,United States,89.83
O305713,C100389,2024-06-22,Brazil,142.5
O305714,C100632,2024-09-01,India,286.21
O305715,C100707,2024-10-25,Italy,91.32
O305716,C100370,2025-05-30,India,385.23
O305717,C100546,2025-07-26,Australia,48.92
O305718,C100093,2024-05-05,India,125.22
O305719,C100362,2024-05-16,United States,501.23
O305720,C101173,2025-02-10,Japan,193.08
O305721,C101189,2025-04-27,United States,52.5
O305722,C100582,2024-12-10,United States,364.11
O305723,C101127,2025-03-01,Japan,439.14
O305724,C100601,2024-05-17,Germany,231.82
O305725,C100150,2024-06-24,India,53.730000000000004
O305726,C101041,2024-07-18,United States,810.52
O305727,C100498,2025-05-19,Japan,27.32
O305728,C100734,2025-04-04,Netherlands,512.01
O305729,C100778,2024-09-30,France,240.34
O305730,C100369,2024-04-05,India,84.04
O305731,C100880,2025-08-10,United Kingdom,274.62
O305732,C100601,2024-08-13,Germany,1496.5200000000002
O305733,C100439,2024-06-10,United States,232.86
O305734,C100357,2024-05-12,Canada,138.55
O305735,C100895,2024-08-27,France,740.9399999999999
O305736,C100299,2025-06-07,Canada,73.63
O305737,C100148,2024-08-14,Brazil,128.12
O305738,C101058,2025-04-02,India,157.17
O305739,C100398,2024-01-22,Sweden,315.7
O305740,C100769,2025-02-15,India,804.62
O305741,C100859,2025-06-27,India,670.24
O305742,C101006,2024-09-27,Netherlands,366.78000000000003
O305743,C100750,2025-01-20,Brazil,108.60000000000001
O305744,C100849,2024-11-01,India,236.18
O305745,C101004,2025-08-30,India,1009.49
O305746,C101132,2024-11-01,Australia,784.58
O305747,C100056,2025-04-04,Japan,400.8
O305748,C100891,2025-03-29,Mexico,602.84
O305749,C100209,2024-09-18,Sweden,363.37
O305750,C101069,2025-02-02,Japan,831.2900000000001
O305751,C100058,2024-10-18,Germany,1111.04
O305752,C100296,2024-11-04,India,503.39000000000004
O305753,C100230,2024-06-01,France,272.37
O305754,C100724,2025-01-14,India,627.1700000000001
O305755,C100005,2025-01-27,Brazil,101.24
O305756,C100020,2025-01-03,Brazil,568.86
O305757,C100605,2024-08-03,United States,616.99
O305758,C101165,2025-08-06,United States,449.43
O305759,C100633,2024-02-07,Spain,710.61
O305760,C100535,2025-05-07,India,272.02
O305761,C100789,2025-03-15,United States,862.25
O305762,C100662,2024-03-14,India,322.42
O305763,C100461,2025-06-25,France,468.07
O305764,C100706,2025-06-11,Germany,784.48
O305765,C100003,2024-04-29,Australia,134.52
O305766,C100293,2024-02-13,United States,1064.55
O305767,C100808,2024-06-17,Japan,133.02
O305768,C100409,2024-04-30,United Kingdom,69.60000000000001
O305769,C100065,2024-05-03,Australia,523.6700000000001
O305770,C100149,2025-07-27,Mexico,64.85
O305771,C101039,2024-10-21,Australia,632.04
O305772,C100395,2024-01-12,United Kingdom,772.8199999999999
O305773,C100027,2025-09-05,United States,759.5699999999999
O305774,C100874,2024-01-17,Canada,939.03
O305775,C100636,2024-09-20,India,556.8
O305776,C100541,2025-04-02,Brazil,824.48
O305777,C101073,2025-08-18,United States,364.16999999999996
O305778,C100376,2025-01-12,United Kingdom,336.45000000000005
O305779,C100686,2024-04-07,India,123.69
O305780,C100893,2025-04-28,Brazil,240.39000000000001
O305781,C100730,2025-07-04,Brazil,246.32999999999998
O305782,C100249,2025-05-07,Netherlands,401.66999999999996
O305783,C100817,2024-06-26,Canada,181.94
O305784,C100892,2025-05-11,Italy,458.14
O305785,C100146,2024-10-20,India,335.61
O305786,C100198,2025-07-24,Australia,501.28
O305787,C100809,2025-08-15,Australia,334.27
O305788,C100142,2025-03-16,Japan,752.86
O305789,C101056,2024-01-22,India,806.01
O305790,C100131,2024-11-07,United States,1253.69
O305791,C101169,2024-03-08,Mexico,370.93
O305792,C100805,2024-04-12,India,204.78000000000003
O305793,C100531,2025-08-19,Canada,409.43999999999994
O305794,C100322,2024-12-26,France,800.24
O305795,C100413,2025-01-19,Netherlands,430.5
O305796,C100898,2025-02-13,India,716.31
O305797,C100903,2025-02-06,United Kingdom,579.05
O305798,C100250,2025-01-23,United States,643.1800000000001
O305799,C100651,2025-04-24,United States,302.70000000000005
O305800,C101191,2025-06-11,India,141.14
O305801,C100308,2024-07-12,India,91.44
O305802,C100832,2024-09-13,United States,604.28
O305803,C100206,2025-04-25,Spain,487.77
O305804,C101000,2024-10-04,South Korea,616.14
O305805,C100204,2024-06-15,United States,714.22
O305806,C100357,2025-01-10,Canada,526.76
O305807,C100551,2025-08-16,Japan,407.07
O305808,C100444,2025-07-18,United States,508.34
O305809,C100204,2024-07-08,United States,462.09000000000003
O305810,C100769,2024-12-20,India,256.9
O305811,C100023,2024-06-21,United Kingdom,902.75
O305812,C101180,2024-12-08,United States,685.1800000000001
O305813,C100062,2025-01-12,United States,58.2
O305814,C100400,2024-12-02,United States,1042.1599999999999
O305815,C101115,2025-04-13,Brazil,757.86
O305816,C100186,2024-11-28,Mexico,1473.54
O305817,C100087,2024-02-28,Netherlands,61.44
O305818,C100892,2024-09-15,Italy,744.28
O305819,C100087,2025-03-03,Netherlands,501.68
O305820,C101079,2024-06-19,Canada,5.63
O305821,C100541,2025-08-18,Brazil,557.4599999999999
O305822,C101043,2025-07-04,India,1555.39
O305823,C100294,2025-05-02,Australia,276.89
O305824,C100169,2024-09-01,France,168.32999999999998
O305825,C101155,2025-08-23,Germany,1069.23
O305826,C100914,2025-02-11,Japan,388.00000000000006
O305827,C101093,2025-04-22,Australia,497.82
O305828,C100383,2024-10-17,United Kingdom,959.88
O305829,C100485,2024-01-13,Australia,261.48
O305830,C100692,2025-02-19,Germany,230.07000000000002
O305831,C100538,2025-03-02,United States,1076.2
O305832,C100291,2024-12-13,Netherlands,770.92
O305833,C100450,2025-06-17,Italy,384.26
O305834,C100730,2025-02-06,Brazil,648.72
O305835,C100045,2024-07-18,Japan,351.33
O305836,C100403,2025-02-15,United States,233.91
O305837,C100351,2024-01-23,India,24.91
O305838,C100084,2025-05-31,France,405.21
O305839,C100147,2024-06-15,United Kingdom,625.3
O305840,C100594,2024-01-12,Japan,14.28
O305841,C100122,2025-05-20,United States,731.7
O305842,C100413,2024-01-03,Netherlands,191.48
O305843,C100673,2024-05-16,Germany,35.24
O305844,C101048,2024-04-13,South Korea,108.96000000000001
O305845,C100118,2024-03-16,Italy,211.66
O305846,C100521,2024-01-24,United States,2326.42
O305847,C100123,2025-06-04,Netherlands,76.56
O305848,C100514,2024-07-06,Sweden,349.24999999999994
O305849,C100576,2025-07-18,United Kingdom,901.09
O305850,C100959,2024-12-25,Japan,1252.44
O305851,C100530,2024-06-27,Sweden,1362.4099999999999
O305852,C101122,2024-06-13,Australia,125.92
O305853,C100165,2024-12-06,United States,1225.66
O305854,C100063,2024-04-19,United States,128.17
O305855,C100005,2024-02-01,Brazil,142.74
O305856,C100428,2025-07-30,Australia,233.84
O305857,C100231,2024-10-25,Germany,39.66
O305858,C100109,2024-05-27,United Kingdom,17.29
O305859,C100283,2025-04-20,United Kingdom,209.52
O305860,C101169,2025-05-23,Mexico,1447.96
O305861,C100960,2025-08-23,Sweden,815.6999999999999
O305862,C100022,2025-02-05,Sweden,848.8199999999999
O305863,C101098,2024-05-15,Netherlands,2392.3500000000004
O305864,C100246,2024-01-10,India,530.1
O305865,C100487,2024-02-29,Brazil,115.81
O305866,C100393,2025-06-20,India,1251.51
O305867,C100486,2024-01-15,Brazil,495.67999999999995
O305868,C100912,2025-04-25,France,205.77
O305869,C100854,2025-08-23,India,319.18
O305870,C100712,2025-07-17,Germany,151.82
O305871,C100752,2024-08-20,India,2803.82
O305872,C100873,2024-10-30,Canada,600.63
O305873,C100220,2025-08-03,United States,300.62
O305874,C100474,2025-08-13,Japan,368.22
O305875,C100129,2025-07-27,Canada,1144.43
O305876,C100845,2025-07-16,Germany,384.33000000000004
O305877,C100525,2024-07-28,Germany,659.03
O305878,C100764,2024-07-18,United Kingdom,1785.0300000000002
O305879,C100677,2024-07-22,United States,721.15
O305880,C100328,2024-05-07,Germany,584.05
O305881,C100166,2024-10-28,United States,46.38
O305882,C101167,2024-07-29,United States,1337.43
O305883,C100351,2024-04-25,India,1869.14
O305884,C100131,2024-12-06,United States,798.59
O305885,C100367,2025-05-13,United States,1536.61
O305886,C101082,2024-05-17,Australia,195.15
O305887,C100313,2024-01-27,Sweden,83.1
O305888,C101184,2025-01-22,India,324.86
O305889,C100552,2024-05-15,United States,638.22
O305890,C101034,2024-12-27,Sweden,456.62
O305891,C100783,2025-06-27,Sweden,527.44
O305892,C100052,2025-07-29,Italy,941.03
O305893,C100611,2024-07-17,Mexico,216.56
O305894,C100500,2025-08-15,United States,357.51
O305895,C100241,2024-03-17,Brazil,539.73
O305896,C100659,2024-07-07,Sweden,292.99
O305897,C100123,2024-03-13,Netherlands,1015.0
O305898,C100837,2024-08-16,Canada,199.58
O305899,C100986,2025-03-06,India,126.2
O305900,C100111,2025-06-21,Spain,775.07
O305901,C100575,2024-09-09,Australia,382.46
O305902,C100786,2024-02-15,Australia,604.9100000000001
O305903,C100074,2025-03-13,Germany,232.98
O305904,C100467,2025-03-01,Spain,1080.51
O305905,C100309,2024-04-05,India,76.44
O305906,C100047,2024-10-18,Canada,393.84000000000003
O305907,C100964,2024-09-10,Brazil,1193.7
O305908,C100533,2025-07-31,Australia,718.25
O305909,C100902,2025-05-02,India,737.52
O305910,C100704,2024-11-16,Mexico,197.79000000000002
O305911,C101050,2025-06-19,India,382.22
O305912,C101196,2025-08-30,Germany,1545.0000000000002
O305913,C100722,2024-10-22,United States,1101.77
O305914,C100422,2024-06-12,Sweden,221.85999999999999
O305915,C100507,2024-09-01,India,899.79
O305916,C100990,2024-05-24,India,178.65999999999997
O305917,C100511,2024-12-13,United Kingdom,289.4
O305918,C100623,2025-01-14,Italy,66.75999999999999
O305919,C100232,2025-03-26,India,1128.44
O305920,C101188,2025-02-13,Japan,151.01000000000002
O305921,C100780,2024-08-03,United Kingdom,1627.28
O305922,C100396,2024-11-06,France,1843.0500000000002
O305923,C100702,2024-03-09,Australia,766.6200000000001
O305924,C100481,2024-02-28,South Korea,618.7
O305925,C100185,2024-10-27,India,385.38
O305926,C101049,2024-03-08,Brazil,453.28999999999996
O305927,C101062,2024-02-17,Brazil,264.61
O305928,C101001,2024-12-24,United States,332.54999999999995
O305929,C100442,2025-01-12,Italy,529.98
O305930,C100307,2024-05-18,United States,817.8
O305931,C100059,2025-04-04,India,304.42
O305932,C100877,2024-05-11,Sweden,240.18
O305933,C100393,2025-07-13,India,147.54
O305934,C101070,2025-03-31,India,2763.69
O305935,C101043,2024-09-17,India,619.88
O305936,C100153,2024-12-30,United Kingdom,616.13
O305937,C101100,2025-01-14,South Korea,1420.48
O305938,C100168,2025-06-13,United States,602.67
O305939,C100588,2025-02-21,United States,663.52
O305940,C100568,2025-08-09,Mexico,1535.76
O305941,C101147,2024-02-01,Canada,130.92
O305942,C100788,2025-01-07,Japan,289.43
O305943,C101050,2025-03-15,India,596.08
O305944,C100714,2025-05-14,United States,1086.29
O305945,C100990,2025-03-14,India,228.57999999999998
O305946,C101022,2024-08-09,Brazil,285.1
O305947,C101031,2025-05-10,Japan,1854.6299999999999
O305948,C100493,2025-08-02,India,203.72
O305949,C100458,2024-11-04,Canada,688.76
O305950,C101181,2024-11-02,Brazil,352.1
O305951,C100907,2024-12-18,United Kingdom,821.18
O305952,C101100,2024-05-10,South Korea,339.52
O305953,C100692,2024-02-22,Germany,117.42
O305954,C101114,2025-05-02,India,703.43
O305955,C100863,2024-12-01,India,409.84
O305956,C100891,2024-01-05,Mexico,148.32999999999998
O305957,C100213,2024-11-20,Germany,120.9
O305958,C100680,2025-02-21,India,452.76
O305959,C100877,2025-01-31,Sweden,714.84
O305960,C100913,2025-01-30,Australia,1020.51
O305961,C101149,2024-07-31,United Kingdom,271.95
O305962,C100392,2025-01-15,Brazil,58.58
O305963,C100363,2024-05-17,United States,50.04
O305964,C101163,2024-12-22,United States,75.53
O305965,C101183,2024-12-05,United States,1249.22
O305966,C100215,2024-06-07,Japan,1523.29
O305967,C100454,2024-12-09,India,692.55
O305968,C101137,2025-02-28,India,475.53999999999996
O305969,C100239,2024-01-20,Canada,1893.83
O305970,C100939,2025-05-28,United Kingdom,490.03
O305971,C100134,2025-08-05,United States,238.38
O305972,C100213,2025-06-17,Germany,1293.46
O305973,C100941,2024-07-04,India,531.74
O305974,C100728,2024-12-30,India,296.01
O305975,C100665,2025-02-05,Brazil,757.4499999999999
O305976,C101027,2024-10-01,United States,380.9
O305977,C100368,2024-10-29,Germany,1063.9399999999998
O305978,C100603,2024-07-19,Australia,903.3799999999999
O305979,C100730,2024-09-17,Brazil,53.849999999999994
O305980,C100887,2025-06-20,United Kingdom,146.79
O305981,C100398,2024-05-17,Sweden,69.33
O305982,C100760,2025-03-14,Italy,193.08
O305983,C100538,2024-03-29,United States,156.32999999999998
O305984,C100650,2024-08-23,United States,608.0
O305985,C101035,2024-09-13,India,318.69
O305986,C100472,2024-08-02,United Kingdom,341.87
O305987,C100801,2025-04-20,United States,811.97
O305988,C101130,2024-11-01,Netherlands,61.13
O305989,C100914,2025-04-04,Japan,1811.2200000000003
O305990,C101186,2025-01-11,India,565.65
O305991,C100700,2025-05-16,India,127.80000000000001
O305992,C100338,2024-07-13,Japan,513.61
O305993,C101189,2024-05-01,United States,422.37
O305994,C100773,2025-04-20,Brazil,559.6500000000001
O305995,C100289,2024-05-26,Spain,146.56
O305996,C100380,2025-08-12,Sweden,392.94
O305997,C100314,2024-05-29,Sweden,817.66
O305998,C101000,2025-01-25,South Korea,113.74000000000001
O305999,C100111,2024-06-18,Spain,1744.65
