order_id,product_id,rating,review_date
O300000,P200215,5,2025-05-09
O300000,P200010,5,2025-04-21
O300003,P200179,4,2024-03-04
O300004,P200091,5,2024-12-22
O300005,P200111,4,2024-08-26
O300005,P200235,4,2024-10-05
O300006,P200177,4,2024-10-16
O300007,P200090,4,2024-07-09
O300007,P200039,2,2024-07-09
O300008,P200022,5,2025-02-03
O300009,P200229,3,2025-01-15
O300009,P200206,2,2025-01-01
O300009,P200227,4,2025-01-05
O300010,P200226,2,2024-03-17
O300010,P200047,1,2024-02-05
O300011,P200002,4,2024-11-24
O300012,P200248,4,2024-03-24
O300013,P200052,5,2024-08-28
O300016,P200148,4,2025-01-21
O300018,P200208,5,2025-05-11
O300018,P200039,4,2025-05-30
O300023,P200020,4,2025-06-30
O300023,P200083,1,2025-08-11
O300023,P200209,5,2025-07-09
O300025,P200019,4,2025-06-11
O300026,P200059,3,2024-07-27
O300026,P200238,3,2024-08-05
O300026,P200002,5,2024-08-28
O300027,P200139,5,2025-05-18
O300028,P200131,5,2025-04-23
O300032,P200121,3,2025-07-07
O300033,P200170,2,2025-02-03
O300034,P200087,4,2024-09-24
O300035,P200076,4,2024-02-04
O300037,P200207,4,2024-11-23
O300037,P200042,4,2024-12-14
O300037,P200054,5,2024-11-07
O300037,P200012,4,2024-12-09
O300038,P200107,3,2025-07-11
O300039,P200214,1,2024-09-30
O300040,P200078,4,2025-04-26
O300040,P200100,3,2025-05-24
O300041,P200052,4,2025-02-14
O300041,P200101,3,2025-02-10
O300042,P200119,4,2024-05-23
O300043,P200142,3,2024-04-08
O300044,P200130,3,2025-03-05
O300044,P200041,3,2025-02-25
O300045,P200118,4,2025-03-27
O300046,P200033,4,2025-05-02
O300049,P200190,4,2025-08-14
O300049,P200129,5,2025-09-24
O300050,P200143,4,2024-06-06
O300052,P200206,3,2024-03-06
O300053,P200203,5,2024-07-12
O300054,P200031,4,2025-08-12
O300054,P200071,4,2025-08-17
O300054,P200059,4,2025-09-01
O300055,P200151,2,2024-01-20
O300055,P200144,5,2024-01-18
O300056,P200140,5,2024-11-03
O300057,P200000,5,2024-07-26
O300058,P200091,4,2024-07-27
O300058,P200069,3,2024-07-30
O300058,P200147,2,2024-08-26
O300059,P200220,4,2025-04-18
O300060,P200168,3,2025-03-30
O300062,P200089,3,2024-12-15
O300066,P200153,1,2024-08-18
O300067,P200076,5,2024-02-20
O300068,P200242,5,2025-09-15
O300069,P200237,5,2024-09-18
O300069,P200124,5,2024-09-18
O300070,P200079,5,2024-02-28
O300071,P200078,3,2024-02-19
O300072,P200147,4,2025-09-07
O300072,P200116,4,2025-09-05
O300072,P200161,1,2025-07-30
O300073,P200130,4,2025-09-24
O300073,P200242,2,2025-09-14
O300074,P200132,4,2024-02-07
O300074,P200139,5,2024-01-30
O300074,P200036,2,2024-02-23
O300076,P200224,3,2024-08-27
O300078,P200184,5,2024-11-16
O300079,P200237,5,2024-06-17
O300081,P200031,5,2024-05-02
O300081,P200164,3,2024-04-29
O300082,P200139,4,2024-01-22
O300084,P200078,2,2024-06-12
O300085,P200111,4,2025-06-12
O300086,P200134,1,2025-04-14
O300088,P200212,3,2024-11-14
O300089,P200045,5,2025-01-30
O300090,P200157,4,2025-01-11
O300090,P200059,1,2025-01-10
O300091,P200091,5,2024-04-03
O300092,P200238,4,2024-02-20
O300093,P200100,3,2024-02-04
O300093,P200062,3,2024-02-18
O300093,P200038,4,2024-02-01
O300093,P200194,3,2024-01-28
O300094,P200195,5,2024-04-14
O300094,P200107,5,2024-03-14
O300095,P200002,5,2024-08-18
O300096,P200023,1,2025-06-04
O300097,P200207,1,2025-03-19
O300100,P200185,4,2025-09-19
O300100,P200119,4,2025-08-21
O300100,P200240,5,2025-09-10
O300102,P200073,4,2024-06-21
O300102,P200020,1,2024-06-10
O300103,P200104,4,2025-05-06
O300105,P200147,5,2025-07-23
O300106,P200231,5,2024-08-25
O300106,P200067,5,2024-09-29
O300107,P200169,4,2025-06-09
O300107,P200242,2,2025-06-03
O300110,P200038,5,2024-09-02
O300110,P200007,5,2024-08-11
O300111,P200044,4,2024-09-30
O300112,P200241,2,2024-07-20
O300112,P200183,3,2024-06-13
O300112,P200025,3,2024-06-05
O300113,P200165,3,2024-05-20
O300114,P200003,5,2024-02-03
O300115,P200198,4,2025-03-16
O300119,P200196,3,2025-06-21
O300120,P200203,3,2025-04-07
O300120,P200048,3,2025-02-15
O300122,P200181,4,2024-06-14
O300122,P200043,4,2024-05-26
O300124,P200128,5,2024-10-01
O300124,P200215,3,2024-11-19
O300126,P200059,5,2024-07-20
O300126,P200001,3,2024-07-01
O300130,P200049,5,2024-04-20
O300132,P200246,4,2025-04-30
O300132,P200133,5,2025-04-20
O300132,P200233,5,2025-04-30
O300133,P200243,4,2024-08-21
O300133,P200174,4,2024-08-11
O300134,P200124,3,2024-10-15
O300134,P200080,3,2024-09-17
O300134,P200083,3,2024-10-04
O300135,P200175,3,2025-07-10
O300135,P200011,3,2025-06-03
O300136,P200214,3,2024-05-27
O300137,P200078,5,2025-01-27
O300138,P200176,5,2024-04-12
O300139,P200108,5,2025-08-11
O300139,P200234,3,2025-10-01
O300139,P200120,5,2025-09-09
O300140,P200181,3,2024-09-24
O300140,P200244,3,2024-11-16
O300140,P200221,2,2024-10-08
O300143,P200125,2,2024-03-23
O300144,P200069,3,2024-11-16
O300145,P200203,5,2024-08-23
O300147,P200079,5,2025-07-23
O300151,P200063,4,2025-08-05
O300151,P200062,3,2025-08-18
O300152,P200002,4,2025-07-19
O300155,P200185,4,2024-04-28
O300157,P200059,5,2025-06-29
O300160,P200155,3,2025-01-23
O300160,P200249,3,2024-12-25
O300162,P200242,3,2024-11-15
O300163,P200075,5,2025-08-22
O300164,P200125,4,2025-01-17
O300165,P200008,5,2024-11-23
O300168,P200020,4,2025-03-08
O300171,P200141,4,2025-01-15
O300172,P200144,3,2024-11-24
O300172,P200043,5,2024-12-19
O300173,P200160,4,2025-01-08
O300173,P200035,1,2024-12-11
O300174,P200071,3,2024-07-08
O300175,P200033,3,2025-03-31
O300175,P200206,4,2025-03-17
O300176,P200134,4,2025-05-03
O300176,P200113,4,2025-04-29
O300178,P200009,3,2025-08-11
O300178,P200019,2,2025-08-05
O300180,P200139,2,2025-09-21
O300183,P200083,4,2024-08-16
O300183,P200012,4,2024-08-03
O300185,P200052,1,2025-02-22
O300188,P200056,1,2025-04-05
O300188,P200225,2,2025-03-18
O300189,P200160,4,2024-05-01
O300190,P200028,3,2025-07-05
O300190,P200166,4,2025-07-15
O300191,P200210,3,2024-04-15
O300191,P200060,4,2024-04-02
O300192,P200148,3,2024-05-02
O300193,P200214,3,2025-03-27
O300195,P200213,5,2024-10-01
O300197,P200040,5,2024-08-24
O300199,P200035,4,2024-12-27
O300200,P200009,2,2025-10-15
O300201,P200111,5,2025-08-02
O300202,P200016,4,2024-06-04
O300202,P200085,4,2024-05-17
O300204,P200083,4,2025-04-20
O300204,P200097,4,2025-03-21
O300206,P200157,4,2025-05-12
O300210,P200239,3,2024-09-22
O300211,P200227,4,2025-03-24
O300211,P200059,3,2025-03-10
O300213,P200125,4,2025-07-03
O300214,P200240,2,2025-02-13
O300214,P200218,5,2025-03-14
O300214,P200168,5,2025-03-05
O300215,P200058,4,2025-07-08
O300216,P200064,5,2024-10-17
O300216,P200217,3,2024-10-17
O300219,P200134,4,2024-05-23
O300220,P200003,4,2025-06-25
O300220,P200224,4,2025-07-12
O300220,P200145,4,2025-06-12
O300220,P200154,2,2025-06-17
O300222,P200181,4,2025-08-27
O300225,P200201,1,2024-04-28
O300230,P200067,4,2025-06-26
O300231,P200196,1,2024-03-22
O300232,P200084,4,2024-02-28
O300232,P200150,4,2024-04-18
O300233,P200050,4,2024-10-16
O300235,P200014,4,2024-03-27
O300237,P200176,5,2024-12-11
O300238,P200021,5,2024-09-22
O300238,P200235,3,2024-10-07
O300239,P200180,5,2024-06-22
O300240,P200205,4,2024-05-16
O300241,P200067,3,2024-04-02
O300241,P200153,4,2024-03-28
O300244,P200094,4,2025-06-18
O300244,P200197,3,2025-06-14
O300244,P200216,4,2025-06-13
O300246,P200228,4,2024-07-16
O300246,P200013,4,2024-09-08
O300247,P200080,3,2024-12-29
O300248,P200078,5,2025-08-04
O300248,P200013,4,2025-08-02
O300248,P200091,4,2025-08-05
O300249,P200206,5,2024-12-18
O300250,P200070,5,2025-09-30
O300250,P200095,1,2025-08-10
O300253,P200074,3,2025-08-01
O300253,P200003,5,2025-07-14
O300254,P200173,2,2025-05-31
O300255,P200210,1,2024-12-30
O300259,P200203,3,2024-10-04
O300260,P200090,5,2024-06-22
O300263,P200180,4,2024-11-17
O300263,P200141,3,2024-12-21
O300264,P200240,3,2025-03-24
O300265,P200094,4,2024-03-02
O300265,P200020,4,2024-04-16
O300265,P200126,4,2024-03-08
O300266,P200089,5,2024-08-08
O300266,P200235,1,2024-09-01
O300267,P200002,3,2025-09-12
O300268,P200212,4,2025-02-25
O300270,P200218,4,2024-05-19
O300270,P200051,3,2024-06-01
O300271,P200147,4,2025-07-05
O300273,P200247,2,2025-02-12
O300273,P200171,2,2025-04-07
O300274,P200244,5,2025-01-09
O300274,P200206,4,2024-12-25
O300277,P200107,4,2025-07-31
O300280,P200234,4,2025-09-28
O300281,P200122,5,2024-12-01
O300284,P200029,4,2025-02-13
O300285,P200034,3,2024-11-28
O300285,P200177,2,2024-11-23
O300286,P200123,5,2025-02-20
O300286,P200132,5,2025-03-15
O300286,P200127,5,2025-02-14
O300288,P200023,3,2025-05-09
O300288,P200231,4,2025-04-15
O300289,P200077,4,2024-09-21
O300289,P200183,4,2024-08-02
O300289,P200114,5,2024-09-09
O300290,P200114,5,2025-04-14
O300291,P200174,2,2024-08-21
O300291,P200127,1,2024-08-01
O300292,P200076,3,2025-05-27
O300293,P200089,5,2025-01-01
O300294,P200223,5,2025-05-06
O300295,P200142,4,2024-11-07
O300295,P200065,1,2024-10-16
O300296,P200189,4,2024-06-30
O300297,P200169,4,2024-12-30
O300297,P200128,5,2024-12-18
O300298,P200035,5,2025-03-30
O300298,P200225,3,2025-03-12
O300299,P200153,3,2024-10-16
O300300,P200079,3,2024-09-08
O300300,P200100,4,2024-09-11
O300300,P200170,2,2024-09-17
O300302,P200065,4,2024-06-29
O300303,P200224,4,2024-10-10
O300303,P200191,4,2024-09-25
O300304,P200154,5,2025-03-27
O300307,P200015,4,2025-07-04
O300308,P200240,5,2024-12-17
O300309,P200199,5,2024-08-30
O300310,P200017,2,2025-02-26
O300311,P200070,2,2025-01-04
O300311,P200231,3,2024-12-24
O300312,P200019,5,2025-08-04
O300312,P200149,4,2025-08-09
O300313,P200105,4,2024-05-27
O300314,P200161,4,2025-04-01
O300315,P200035,4,2025-09-03
O300316,P200173,3,2025-09-04
O300317,P200008,3,2024-06-18
O300317,P200139,5,2024-06-07
O300318,P200218,3,2025-06-20
O300318,P200240,3,2025-07-11
O300319,P200167,5,2024-12-24
O300319,P200008,5,2025-01-23
O300319,P200064,4,2025-01-14
O300320,P200211,4,2024-11-01
O300321,P200116,5,2025-02-05
O300322,P200147,4,2025-04-06
O300323,P200007,5,2025-05-11
O300325,P200201,5,2025-06-17
O300325,P200200,2,2025-06-21
O300328,P200132,4,2025-01-07
O300330,P200093,5,2024-11-30
O300331,P200159,4,2024-01-28
O300331,P200060,4,2024-02-22
O300331,P200187,4,2024-03-04
O300332,P200194,5,2025-04-10
O300333,P200045,4,2024-05-27
O300335,P200080,4,2024-09-12
O300335,P200230,4,2024-09-04
O300335,P200020,4,2024-08-27
O300336,P200175,3,2024-12-19
O300336,P200172,1,2024-11-04
O300336,P200078,1,2024-11-18
O300337,P200202,4,2024-11-19
O300340,P200173,4,2025-09-22
O300340,P200184,5,2025-08-27
O300340,P200082,5,2025-09-29
O300340,P200108,3,2025-09-02
O300340,P200048,4,2025-10-09
O300341,P200102,4,2025-01-08
O300341,P200048,3,2024-12-09
O300342,P200013,3,2024-08-09
O300342,P200231,5,2024-07-03
O300342,P200133,2,2024-07-09
O300343,P200097,2,2024-03-13
O300344,P200004,3,2025-08-16
O300344,P200203,4,2025-09-24
O300345,P200163,1,2024-03-31
O300345,P200076,3,2024-03-20
O300345,P200072,5,2024-03-03
O300346,P200141,4,2025-04-02
O300347,P200048,4,2024-04-05
O300348,P200057,5,2024-07-08
O300348,P200166,5,2024-07-19
O300349,P200002,4,2025-08-06
O300350,P200119,5,2025-02-14
O300351,P200090,2,2025-01-05
O300352,P200212,5,2024-04-09
O300354,P200068,3,2025-01-04
O300356,P200109,1,2025-06-20
O300357,P200094,4,2024-07-10
O300361,P200203,5,2025-07-27
O300362,P200004,3,2024-07-16
O300363,P200114,2,2024-01-25
O300364,P200040,1,2024-06-10
O300364,P200000,4,2024-06-29
O300364,P200197,5,2024-07-07
O300365,P200062,4,2025-08-25
O300367,P200066,4,2025-06-17
O300367,P200177,3,2025-06-11
O300368,P200104,5,2024-05-14
O300370,P200243,1,2024-07-13
O300370,P200102,1,2024-08-03
O300371,P200103,3,2025-01-09
O300372,P200122,4,2024-09-28
O300373,P200236,5,2024-12-09
O300374,P200172,5,2024-06-11
O300374,P200076,4,2024-06-13
O300376,P200073,4,2024-11-11
O300376,P200168,5,2024-10-12
O300376,P200155,3,2024-10-23
O300377,P200054,3,2025-02-18
O300378,P200234,3,2024-04-04
O300378,P200158,5,2024-03-17
O300378,P200043,5,2024-04-17
O300378,P200236,5,2024-02-21
O300381,P200164,4,2025-04-26
O300382,P200016,4,2024-04-30
O300382,P200218,4,2024-04-06
O300382,P200221,5,2024-04-07
O300384,P200069,4,2024-07-16
O300384,P200110,5,2024-07-06
O300388,P200135,2,2025-02-20
O300388,P200201,4,2025-04-03
O300389,P200203,5,2025-04-18
O300390,P200051,4,2024-01-29
O300391,P200040,3,2025-03-07
O300392,P200004,4,2024-07-11
O300392,P200098,2,2024-07-20
O300393,P200196,5,2025-06-28
O300393,P200024,4,2025-07-07
O300393,P200162,5,2025-06-17
O300394,P200219,3,2025-03-22
O300394,P200237,3,2025-02-22
O300395,P200034,4,2024-09-17
O300396,P200116,2,2025-01-09
O300397,P200006,4,2025-09-08
O300397,P200156,3,2025-08-24
O300398,P200146,3,2025-03-30
O300399,P200164,3,2025-08-24
O300399,P200206,5,2025-08-13
O300403,P200249,4,2025-07-22
O300404,P200192,4,2024-03-16
O300404,P200064,5,2024-04-01
O300404,P200168,5,2024-03-23
O300404,P200113,4,2024-04-02
O300405,P200131,4,2024-04-27
O300407,P200101,2,2024-03-24
O300407,P200045,5,2024-03-30
O300409,P200235,3,2025-05-02
O300409,P200190,3,2025-05-21
O300409,P200114,5,2025-06-06
O300410,P200160,4,2025-09-12
O300411,P200109,4,2025-03-19
O300412,P200048,4,2025-01-20
O300413,P200037,4,2024-10-17
O300414,P200228,5,2025-06-14
O300414,P200171,4,2025-06-01
O300414,P200148,4,2025-05-22
O300415,P200042,3,2024-10-22
O300415,P200156,5,2024-11-03
O300416,P200090,4,2025-09-26
O300416,P200018,1,2025-10-17
O300417,P200149,5,2025-03-04
O300417,P200164,4,2025-02-17
O300418,P200187,4,2025-08-02
O300418,P200016,3,2025-08-02
O300418,P200098,1,2025-06-30
O300419,P200115,2,2025-06-12
O300420,P200173,3,2024-04-30
O300420,P200104,5,2024-05-21
O300421,P200220,5,2024-06-10
O300421,P200091,2,2024-05-09
O300422,P200120,4,2024-05-07
O300422,P200197,5,2024-04-20
O300423,P200149,3,2024-06-21
O300424,P200010,5,2024-03-21
O300426,P200027,4,2025-06-22
O300427,P200181,3,2025-04-19
O300428,P200105,5,2024-05-31
O300428,P200145,2,2024-06-21
O300428,P200215,4,2024-06-14
O300429,P200175,3,2025-06-22
O300429,P200171,4,2025-05-10
O300429,P200212,4,2025-05-16
O300435,P200206,4,2024-03-26
O300437,P200097,2,2024-10-03
O300438,P200198,5,2024-03-06
O300438,P200112,5,2024-03-22
O300441,P200040,5,2025-06-26
O300445,P200065,4,2024-03-16
O300445,P200197,4,2024-01-31
O300445,P200072,5,2024-03-14
O300446,P200056,2,2024-06-28
O300448,P200089,5,2024-03-25
O300449,P200231,4,2024-04-23
O300449,P200088,5,2024-03-28
O300449,P200028,3,2024-03-17
O300454,P200159,3,2024-05-02
O300456,P200062,5,2024-04-18
O300456,P200009,2,2024-04-15
O300459,P200199,5,2025-05-18
O300461,P200048,5,2025-02-28
O300463,P200093,3,2024-08-31
O300464,P200045,4,2024-03-05
O300467,P200050,5,2024-06-24
O300468,P200049,3,2025-05-01
O300470,P200037,4,2024-01-23
O300470,P200020,5,2024-02-05
O300471,P200105,3,2024-04-08
O300473,P200095,5,2024-04-01
O300473,P200053,2,2024-04-15
O300473,P200054,5,2024-02-24
O300474,P200159,1,2024-06-07
O300474,P200185,4,2024-05-21
O300474,P200024,2,2024-06-12
O300475,P200186,5,2025-08-29
O300475,P200206,5,2025-08-27
O300475,P200121,5,2025-08-17
O300476,P200065,5,2024-11-18
O300477,P200106,5,2024-09-22
O300478,P200229,3,2024-11-26
O300480,P200026,5,2024-04-07
O300482,P200029,3,2024-06-10
O300482,P200200,5,2024-06-11
O300483,P200093,5,2024-09-16
O300484,P200076,4,2024-12-24
O300485,P200161,4,2025-03-14
O300485,P200002,1,2025-02-27
O300485,P200178,4,2025-02-10
O300486,P200039,2,2024-07-14
O300486,P200248,5,2024-07-28
O300486,P200036,3,2024-08-03
O300488,P200246,5,2025-06-13
O300488,P200102,5,2025-07-25
O300489,P200141,4,2024-06-05
O300489,P200234,4,2024-06-06
O300490,P200154,4,2025-05-22
O300491,P200188,5,2024-05-04
O300491,P200209,4,2024-04-14
O300492,P200058,5,2024-07-24
O300492,P200239,3,2024-06-29
O300492,P200188,5,2024-06-16
O300492,P200000,5,2024-07-19
O300494,P200151,5,2025-03-24
O300495,P200182,4,2024-08-28
O300498,P200049,5,2025-06-20
O300498,P200016,4,2025-06-04
O300499,P200137,3,2024-11-06
O300504,P200061,4,2025-01-08
O300504,P200214,4,2024-12-18
O300504,P200099,3,2025-01-11
O300505,P200038,1,2025-04-10
O300507,P200117,4,2025-03-20
O300508,P200154,5,2025-10-06
O300508,P200066,3,2025-09-10
O300509,P200240,5,2025-05-18
O300510,P200217,3,2024-10-09
O300512,P200185,4,2025-03-16
O300513,P200210,5,2024-01-27
O300514,P200022,5,2024-02-26
O300514,P200128,4,2024-03-17
O300516,P200111,5,2025-03-26
O300516,P200200,5,2025-02-12
O300516,P200114,3,2025-03-22
O300518,P200169,5,2025-04-12
O300518,P200027,3,2025-04-01
O300519,P200017,3,2025-04-29
O300520,P200083,4,2025-01-28
O300520,P200151,4,2025-01-12
O300522,P200221,1,2024-05-30
O300524,P200099,3,2024-10-24
O300525,P200117,4,2025-09-12
O300526,P200021,4,2024-10-17
O300526,P200233,4,2024-10-30
O300527,P200202,4,2024-10-19
O300527,P200178,5,2024-10-21
O300528,P200100,4,2024-12-06
O300529,P200204,4,2024-07-05
O300529,P200002,5,2024-08-21
O300531,P200150,4,2024-04-02
O300532,P200209,4,2024-07-21
O300532,P200072,5,2024-08-13
O300532,P200222,4,2024-06-30
O300535,P200038,4,2025-07-21
O300535,P200000,3,2025-07-30
O300538,P200249,5,2024-11-24
O300538,P200008,4,2024-10-05
O300540,P200116,5,2024-05-12
O300541,P200077,3,2025-07-05
O300542,P200083,4,2024-11-17
O300545,P200227,5,2025-09-07
O300546,P200210,5,2025-06-12
O300547,P200185,5,2024-03-26
O300548,P200249,4,2024-03-22
O300548,P200073,5,2024-04-02
O300549,P200173,4,2024-03-24
O300550,P200213,3,2025-06-17
O300551,P200116,4,2024-02-07
O300551,P200240,5,2024-03-04
O300551,P200175,4,2024-01-24
O300553,P200205,4,2024-05-15
O300554,P200023,5,2024-04-22
O300555,P200070,2,2025-02-10
O300559,P200083,2,2024-09-02
O300560,P200222,4,2024-08-24
O300561,P200130,3,2025-06-04
O300562,P200096,4,2024-03-10
O300562,P200084,4,2024-05-06
O300563,P200004,4,2024-04-16
O300563,P200067,5,2024-03-19
O300564,P200067,4,2025-08-10
O300564,P200240,4,2025-08-17
O300565,P200084,5,2024-10-10
O300566,P200199,4,2025-03-07
O300566,P200178,1,2025-03-14
O300569,P200081,5,2024-05-10
O300570,P200196,4,2024-03-04
O300571,P200063,4,2025-02-07
O300572,P200242,5,2025-01-03
O300572,P200130,5,2025-01-08
O300573,P200098,3,2025-05-05
O300574,P200228,3,2024-06-13
O300574,P200140,4,2024-05-10
O300576,P200162,4,2025-03-12
O300578,P200063,2,2025-09-28
O300578,P200092,2,2025-09-04
O300581,P200195,1,2025-08-24
O300583,P200033,2,2025-04-22
O300586,P200238,4,2025-05-20
O300586,P200003,5,2025-06-20
O300588,P200137,5,2024-06-08
O300589,P200059,4,2025-01-23
O300589,P200025,4,2025-02-22
O300590,P200091,4,2024-05-10
O300591,P200158,3,2024-03-22
O300592,P200111,4,2025-03-29
O300593,P200061,4,2024-02-04
O300593,P200247,3,2024-02-10
O300596,P200235,5,2025-09-04
O300598,P200045,3,2024-11-05
O300599,P200109,4,2025-02-05
O300599,P200010,3,2025-01-27
O300599,P200107,4,2025-02-25
O300600,P200108,5,2025-01-20
O300600,P200144,5,2025-01-14
O300601,P200125,3,2024-08-15
O300601,P200112,4,2024-08-04
O300604,P200118,4,2025-06-30
O300604,P200025,1,2025-07-20
O300604,P200199,5,2025-05-31
O300605,P200033,4,2024-03-19
O300607,P200152,4,2024-08-09
O300608,P200133,3,2024-11-30
O300610,P200210,4,2024-11-14
O300611,P200207,4,2025-02-09
O300611,P200203,3,2025-02-04
O300612,P200101,4,2025-04-01
O300613,P200180,1,2024-08-21
O300613,P200004,4,2024-08-12
O300616,P200001,2,2025-04-27
O300616,P200248,4,2025-03-26
O300616,P200002,5,2025-05-01
O300617,P200197,4,2025-08-30
O300618,P200181,5,2025-05-23
O300620,P200089,5,2024-06-24
O300620,P200091,5,2024-06-17
O300621,P200152,5,2024-11-08
O300622,P200198,5,2025-08-17
O300623,P200186,3,2024-05-06
O300624,P200025,5,2025-03-03
O300624,P200013,3,2025-03-15
O300625,P200095,5,2025-08-10
O300630,P200098,4,2025-09-13
O300633,P200123,1,2025-06-13
O300633,P200032,5,2025-05-29
O300634,P200193,4,2024-12-03
O300635,P200020,4,2024-09-08
O300635,P200022,5,2024-09-28
O300636,P200042,5,2025-03-25
O300637,P200042,5,2024-05-15
O300637,P200181,4,2024-05-22
O300637,P200087,3,2024-05-17
O300638,P200169,5,2025-07-07
O300640,P200164,4,2024-12-13
O300641,P200191,4,2025-02-19
O300641,P200208,4,2025-01-27
O300641,P200213,5,2025-01-18
O300643,P200000,3,2025-04-24
O300643,P200186,3,2025-05-21
O300645,P200192,3,2024-12-23
O300645,P200240,5,2025-01-15
O300646,P200147,4,2024-07-02
O300646,P200058,4,2024-05-20
O300647,P200218,4,2024-05-30
O300648,P200074,5,2024-05-11
O300648,P200207,4,2024-06-08
O300648,P200042,5,2024-06-13
O300649,P200058,4,2024-03-16
O300651,P200238,4,2024-10-01
O300652,P200204,2,2024-02-07
O300653,P200195,4,2024-11-27
O300654,P200138,3,2025-09-09
O300654,P200154,4,2025-08-30
O300655,P200099,3,2024-10-05
O300655,P200169,3,2024-11-05
O300655,P200200,5,2024-10-06
O300655,P200030,3,2024-10-03
O300656,P200199,5,2025-02-17
O300657,P200025,5,2025-03-24
O300658,P200017,3,2025-03-21
O300659,P200063,4,2025-04-01
O300660,P200051,5,2025-07-30
O300661,P200143,4,2024-05-06
O300661,P200094,1,2024-04-10
O300662,P200062,4,2024-11-06
O300662,P200010,4,2024-10-29
O300664,P200140,3,2024-11-20
O300666,P200098,2,2024-06-12
O300666,P200220,4,2024-06-30
O300666,P200009,5,2024-06-24
O300667,P200206,5,2025-01-21
O300667,P200173,5,2025-02-11
O300667,P200133,4,2025-02-03
O300668,P200015,3,2025-06-29
O300670,P200226,5,2024-07-17
O300673,P200083,5,2025-04-23
O300675,P200002,3,2024-11-16
O300676,P200127,4,2025-04-16
O300676,P200134,4,2025-04-30
O300677,P200114,4,2024-10-20
O300677,P200089,4,2024-11-15
O300677,P200034,5,2024-12-07
O300678,P200179,3,2024-03-09
O300680,P200246,5,2024-08-21
O300681,P200021,3,2025-03-27
O300681,P200055,4,2025-04-19
O300682,P200027,4,2024-09-17
O300683,P200079,4,2024-07-06
O300683,P200008,4,2024-07-13
O300684,P200007,2,2025-05-07
O300684,P200116,5,2025-06-03
O300685,P200005,3,2025-06-16
O300685,P200108,3,2025-07-01
O300686,P200076,2,2025-05-06
O300687,P200155,4,2025-09-29
O300688,P200218,4,2024-02-08
O300688,P200182,4,2024-01-17
O300688,P200145,2,2024-02-06
O300689,P200176,5,2024-03-09
O300689,P200170,2,2024-02-19
O300689,P200034,5,2024-02-19
O300690,P200247,4,2024-11-12
O300696,P200140,4,2024-02-01
O300697,P200198,4,2025-03-17
O300697,P200075,4,2025-02-26
O300697,P200202,5,2025-02-16
O300699,P200103,5,2024-06-10
O300700,P200219,4,2025-01-19
O300700,P200009,1,2025-01-16
O300701,P200019,4,2024-05-30
O300701,P200192,5,2024-05-09
O300701,P200197,5,2024-05-04
O300702,P200236,4,2024-06-07
O300702,P200116,3,2024-07-18
O300704,P200164,4,2025-03-08
O300704,P200173,4,2025-02-26
O300706,P200035,4,2025-09-11
O300707,P200129,5,2024-06-03
O300707,P200007,4,2024-06-29
O300707,P200167,5,2024-06-21
O300710,P200050,4,2025-05-17
O300712,P200042,4,2025-05-07
O300712,P200230,5,2025-05-08
O300715,P200080,4,2024-09-01
O300715,P200110,3,2024-08-17
O300716,P200248,4,2024-07-11
O300717,P200169,3,2024-05-21
O300718,P200045,3,2024-06-16
O300718,P200068,4,2024-06-13
O300720,P200035,1,2024-08-20
O300720,P200237,3,2024-08-12
O300721,P200016,4,2024-07-07
O300721,P200065,3,2024-07-29
O300722,P200032,5,2025-05-14
O300722,P200197,4,2025-04-30
O300726,P200041,4,2025-08-13
O300726,P200020,4,2025-08-21
O300726,P200106,5,2025-08-20
O300727,P200120,4,2025-04-25
O300727,P200170,5,2025-04-09
O300728,P200145,3,2025-04-22
O300729,P200246,4,2024-12-08
O300729,P200124,4,2024-12-28
O300729,P200104,4,2024-11-23
O300731,P200189,3,2024-12-29
O300732,P200078,1,2025-08-03
O300734,P200178,4,2024-11-12
O300735,P200116,4,2025-07-08
O300736,P200152,5,2025-03-16
O300736,P200029,4,2025-02-12
O300739,P200117,3,2024-04-25
O300740,P200208,5,2025-07-27
O300741,P200098,3,2025-04-07
O300742,P200113,3,2025-04-19
O300744,P200043,3,2024-07-28
O300745,P200191,1,2025-02-12
O300746,P200154,5,2024-06-03
O300746,P200140,4,2024-05-11
O300747,P200103,3,2024-11-03
O300747,P200058,5,2024-11-03
O300748,P200115,4,2024-01-16
O300749,P200125,5,2025-09-05
O300749,P200231,4,2025-09-08
O300752,P200088,5,2025-04-12
O300753,P200134,5,2024-07-29
O300754,P200074,5,2025-07-04
O300754,P200034,4,2025-06-18
O300755,P200242,2,2025-07-27
O300755,P200244,4,2025-07-04
O300756,P200159,4,2025-04-05
O300758,P200062,3,2025-09-29
O300761,P200175,3,2024-07-18
O300762,P200188,4,2024-12-16
O300762,P200050,4,2024-12-05
O300763,P200119,4,2024-08-31
O300764,P200047,3,2024-05-17
O300765,P200099,2,2025-02-28
O300765,P200178,3,2025-01-21
O300766,P200102,3,2025-06-17
O300766,P200248,4,2025-07-23
O300767,P200191,4,2024-07-19
O300769,P200231,4,2024-05-20
O300770,P200216,4,2024-04-15
O300770,P200136,4,2024-04-03
O300772,P200240,1,2024-10-27
O300772,P200013,4,2024-10-05
O300772,P200081,2,2024-09-15
O300773,P200070,5,2025-01-14
O300773,P200189,5,2025-01-15
O300774,P200228,4,2024-01-28
O300774,P200111,1,2024-03-01
O300776,P200239,3,2025-09-30
O300776,P200139,2,2025-09-04
O300778,P200238,2,2024-09-05
O300778,P200006,4,2024-08-20
O300780,P200081,4,2025-01-19
O300780,P200207,4,2025-01-19
O300780,P200208,3,2025-01-19
O300781,P200126,3,2025-08-12
O300783,P200008,3,2024-06-25
O300783,P200134,4,2024-07-28
O300783,P200057,3,2024-07-19
O300784,P200210,5,2024-08-16
O300784,P200102,1,2024-09-11
O300785,P200146,4,2025-06-21
O300785,P200099,5,2025-06-06
O300786,P200196,5,2025-01-02
O300787,P200107,3,2024-05-17
O300790,P200069,4,2024-04-18
O300792,P200037,5,2024-11-29
O300793,P200078,3,2024-12-14
O300796,P200011,4,2024-08-15
O300796,P200124,5,2024-09-01
O300796,P200239,5,2024-07-22
O300798,P200226,5,2025-05-01
O300799,P200035,4,2025-06-21
O300801,P200181,4,2025-06-19
O300802,P200019,3,2025-03-12
O300804,P200229,5,2024-08-04
O300805,P200074,5,2024-11-09
O300806,P200020,4,2025-02-04
O300807,P200015,5,2025-02-12
O300807,P200049,3,2025-02-22
O300807,P200093,5,2025-03-01
O300808,P200238,4,2024-12-29
O300810,P200230,1,2024-09-04
O300810,P200104,4,2024-08-04
O300812,P200082,4,2024-06-01
O300814,P200055,5,2024-02-11
O300814,P200179,4,2024-02-11
O300815,P200043,3,2024-06-26
O300815,P200166,3,2024-06-28
O300815,P200181,5,2024-08-14
O300816,P200047,4,2024-11-07
O300818,P200139,4,2024-08-13
O300819,P200151,3,2025-02-23
O300820,P200139,4,2025-07-29
O300823,P200060,5,2025-01-23
O300825,P200175,4,2024-02-13
O300825,P200085,5,2024-02-27
O300827,P200062,5,2024-09-06
O300828,P200100,5,2025-07-17
O300828,P200098,5,2025-06-18
O300828,P200220,5,2025-06-13
O300829,P200077,4,2025-06-08
O300829,P200030,5,2025-07-22
O300830,P200134,5,2024-09-26
O300831,P200085,5,2024-03-08
O300832,P200206,5,2024-03-26
O300832,P200217,4,2024-05-17
O300834,P200032,1,2024-02-24
O300834,P200166,5,2024-02-05
O300836,P200140,4,2025-06-23
O300836,P200165,5,2025-06-06
O300837,P200100,4,2024-06-04
O300838,P200219,4,2025-06-15
O300839,P200125,5,2024-03-29
O300842,P200166,3,2024-08-27
O300842,P200058,4,2024-08-30
O300845,P200118,5,2024-09-30
O300846,P200180,4,2025-03-04
O300847,P200119,4,2024-04-12
O300847,P200025,4,2024-05-10
O300848,P200057,4,2025-03-25
O300848,P200011,4,2025-03-20
O300851,P200073,5,2025-06-29
O300854,P200099,5,2024-10-09
O300855,P200152,5,2024-07-11
O300855,P200099,5,2024-06-28
O300857,P200103,1,2025-07-01
O300858,P200047,5,2025-03-21
O300859,P200093,2,2024-12-07
O300859,P200206,5,2024-11-05
O300860,P200002,4,2025-07-04
O300861,P200072,3,2024-03-27
O300863,P200175,4,2024-12-26
O300864,P200075,5,2024-09-20
O300864,P200092,5,2024-10-01
O300864,P200170,3,2024-08-28
O300864,P200233,5,2024-10-14
O300865,P200035,3,2024-12-01
O300867,P200194,1,2024-07-29
O300867,P200104,3,2024-07-31
O300868,P200049,5,2024-04-04
O300870,P200052,2,2024-10-19
O300872,P200199,5,2025-06-21
O300873,P200248,5,2024-02-26
O300874,P200047,5,2025-04-14
O300874,P200104,3,2025-04-07
O300875,P200086,5,2024-05-16
O300875,P200167,5,2024-06-26
O300876,P200217,4,2024-12-24
O300877,P200191,5,2025-01-30
O300877,P200116,3,2025-01-21
O300880,P200146,1,2024-07-10
O300880,P200093,3,2024-07-18
O300881,P200038,3,2025-06-01
O300882,P200184,3,2025-03-04
O300882,P200221,4,2025-04-05
O300883,P200058,2,2024-11-05
O300884,P200145,4,2025-03-17
O300884,P200233,2,2025-03-04
O300885,P200128,4,2024-08-06
O300885,P200133,4,2024-08-17
O300886,P200022,3,2025-04-05
O300886,P200004,5,2025-04-19
O300886,P200192,2,2025-05-16
O300888,P200096,3,2024-03-24
O300889,P200123,4,2024-04-06
O300889,P200185,5,2024-04-27
O300890,P200067,4,2025-08-29
O300892,P200079,4,2025-02-02
O300893,P200044,4,2025-07-07
O300894,P200128,5,2025-05-14
O300895,P200160,4,2024-12-23
O300896,P200194,3,2025-06-22
O300900,P200072,3,2025-08-04
O300901,P200079,5,2025-07-16
O300902,P200221,3,2024-04-05
O300904,P200102,4,2025-06-05
O300904,P200172,4,2025-05-14
O300904,P200216,3,2025-06-06
O300905,P200160,1,2024-04-02
O300906,P200048,5,2025-01-18
O300907,P200139,5,2024-05-13
O300907,P200034,5,2024-06-11
O300908,P200059,4,2024-12-26
O300908,P200004,3,2025-01-05
O300909,P200048,4,2025-04-28
O300911,P200054,5,2024-05-23
O300911,P200010,4,2024-06-22
O300911,P200086,4,2024-06-14
O300915,P200158,4,2024-04-14
O300915,P200123,3,2024-03-06
O300915,P200129,4,2024-02-24
O300918,P200160,4,2025-03-14
O300920,P200245,5,2024-04-27
O300922,P200045,4,2025-07-29
O300923,P200043,4,2024-01-27
O300924,P200022,5,2025-09-02
O300924,P200212,3,2025-08-21
O300925,P200080,5,2024-03-05
O300928,P200087,1,2025-07-07
O300928,P200173,4,2025-08-14
O300928,P200157,3,2025-06-27
O300928,P200154,4,2025-06-26
O300928,P200171,4,2025-08-22
O300929,P200183,4,2024-11-10
O300929,P200238,2,2024-10-25
O300929,P200139,3,2024-09-21
O300930,P200241,3,2024-11-18
O300930,P200144,4,2024-10-06
O300931,P200018,4,2025-01-26
O300932,P200121,3,2025-08-20
O300933,P200241,4,2024-03-26
O300934,P200183,4,2024-04-03
O300935,P200107,3,2024-03-28
O300935,P200051,2,2024-04-23
O300935,P200019,2,2024-03-30
O300938,P200192,2,2025-06-01
O300938,P200202,1,2025-06-10
O300939,P200142,2,2025-01-11
O300940,P200156,3,2025-02-09
O300941,P200015,4,2025-06-10
O300942,P200022,4,2025-06-24
O300944,P200120,5,2024-07-17
O300945,P200027,5,2025-02-25
O300945,P200183,3,2025-01-10
O300945,P200078,5,2025-01-05
O300945,P200193,4,2025-01-25
O300947,P200020,5,2025-05-27
O300947,P200028,5,2025-04-05
O300948,P200035,4,2024-03-02
O300948,P200117,4,2024-02-16
O300949,P200168,5,2025-03-10
O300949,P200142,5,2025-03-13
O300949,P200019,4,2025-03-23
O300949,P200086,3,2025-03-19
O300952,P200198,4,2024-11-18
O300952,P200206,5,2024-11-05
O300953,P200102,5,2024-12-31
O300953,P200037,4,2024-11-21
O300953,P200164,3,2024-12-29
O300954,P200090,4,2024-06-13
O300955,P200051,3,2024-02-14
O300955,P200109,3,2024-02-04
O300955,P200191,4,2024-03-14
O300957,P200140,3,2025-09-15
O300957,P200200,5,2025-08-29
O300960,P200039,4,2025-07-31
O300961,P200150,3,2024-06-20
O300962,P200006,4,2024-12-14
O300963,P200087,4,2024-12-18
O300963,P200069,3,2025-01-07
O300964,P200041,3,2025-07-18
O300965,P200164,3,2025-03-14
O300966,P200100,5,2025-04-14
O300967,P200027,5,2025-08-29
O300969,P200137,4,2025-03-13
O300970,P200033,3,2025-10-02
O300970,P200096,4,2025-08-24
O300971,P200176,4,2025-01-11
O300972,P200150,4,2024-09-19
O300972,P200068,5,2024-08-14
O300973,P200056,4,2024-06-14
O300973,P200078,4,2024-04-29
O300974,P200085,4,2025-08-26
O300976,P200045,3,2025-05-16
O300977,P200136,2,2025-06-14
O300978,P200246,3,2025-06-16
O300979,P200160,4,2025-09-05
O300980,P200208,3,2025-04-12
O300982,P200242,5,2024-01-31
O300983,P200155,4,2025-04-04
O300983,P200006,3,2025-04-01
O300984,P200132,5,2024-12-21
O300984,P200009,5,2024-12-16
O300984,P200150,3,2025-02-06
O300985,P200189,4,2024-07-07
O300985,P200199,5,2024-07-19
O300986,P200191,4,2024-05-28
O300987,P200194,4,2025-01-10
O300989,P200210,5,2025-05-10
O300990,P200137,4,2025-08-23
O300990,P200036,4,2025-08-05
O300990,P200122,5,2025-08-18
O300991,P200076,5,2025-07-04
O300993,P200190,5,2024-12-31
O300993,P200188,4,2024-12-24
O300993,P200154,4,2024-12-14
O300993,P200184,4,2025-01-07
O300998,P200191,2,2024-02-08
O300999,P200020,5,2025-01-16
O300999,P200116,1,2024-12-31
O301000,P200070,2,2024-03-05
O301000,P200112,1,2024-04-01
O301000,P200149,5,2024-03-02
O301000,P200029,3,2024-03-25
O301001,P200209,4,2025-05-23
O301001,P200171,3,2025-05-04
O301003,P200077,5,2024-11-26
O301004,P200202,5,2024-12-19
O301004,P200215,4,2024-11-14
O301004,P200228,5,2024-11-19
O301005,P200193,3,2025-09-08
O301005,P200207,4,2025-09-11
O301006,P200221,2,2025-01-29
O301007,P200151,5,2024-04-08
O301007,P200153,4,2024-03-03
O301009,P200219,5,2025-03-03
O301009,P200017,4,2025-01-22
O301010,P200007,5,2025-02-26
O301010,P200153,4,2025-01-17
O301011,P200245,4,2024-07-22
O301014,P200020,4,2024-07-11
O301015,P200090,3,2025-08-13
O301015,P200121,3,2025-08-07
O301017,P200110,5,2024-05-30
O301019,P200039,3,2025-10-05
O301020,P200081,4,2024-08-14
O301022,P200033,5,2024-12-04
O301024,P200030,3,2024-08-12
O301026,P200124,5,2024-03-29
O301026,P200217,4,2024-03-31
O301028,P200084,4,2024-03-31
O301031,P200063,3,2024-11-01
O301031,P200068,5,2024-10-23
O301031,P200247,5,2024-10-01
O301033,P200100,5,2024-05-28
O301035,P200015,5,2025-06-16
O301037,P200158,2,2025-09-25
O301037,P200010,2,2025-09-28
O301038,P200172,2,2025-05-06
O301038,P200033,5,2025-05-13
O301041,P200083,5,2024-07-02
O301042,P200148,4,2024-05-22
O301043,P200119,4,2025-04-15
O301044,P200048,5,2025-09-19
O301047,P200206,4,2025-06-01
O301047,P200091,3,2025-06-08
O301047,P200073,5,2025-05-27
O301049,P200032,3,2024-11-15
O301049,P200177,4,2024-11-20
O301050,P200153,4,2025-06-06
O301052,P200238,4,2025-07-04
O301052,P200039,4,2025-06-25
O301053,P200089,5,2025-01-04
O301055,P200064,5,2024-05-23
O301055,P200081,5,2024-05-20
O301057,P200095,3,2025-04-12
O301057,P200057,3,2025-03-13
O301061,P200164,3,2024-08-24
O301063,P200066,4,2024-08-12
O301064,P200112,3,2025-09-19
O301066,P200127,5,2025-09-19
O301067,P200106,5,2025-05-30
O301068,P200149,5,2025-07-31
O301068,P200105,3,2025-07-03
O301069,P200071,4,2024-10-16
O301070,P200050,5,2025-02-20
O301071,P200102,4,2024-03-11
O301072,P200185,4,2024-08-07
O301072,P200068,1,2024-07-23
O301072,P200229,5,2024-07-25
O301072,P200166,5,2024-07-25
O301073,P200057,5,2024-06-26
O301074,P200249,3,2025-02-18
O301074,P200162,5,2025-01-29
O301076,P200243,3,2024-10-24
O301076,P200115,3,2024-10-13
O301077,P200217,5,2024-03-27
O301077,P200123,2,2024-04-20
O301078,P200074,4,2024-04-03
O301078,P200111,4,2024-04-10
O301078,P200207,5,2024-04-20
O301080,P200001,4,2024-05-13
O301081,P200179,4,2025-01-23
O301084,P200191,5,2024-11-05
O301085,P200106,4,2024-05-26
O301085,P200091,5,2024-05-23
O301086,P200220,2,2024-09-14
O301086,P200114,2,2024-09-15
O301087,P200013,4,2024-10-23
O301087,P200150,4,2024-11-02
O301088,P200213,3,2024-01-15
O301089,P200105,5,2025-09-05
O301093,P200178,5,2025-05-02
O301094,P200218,5,2024-04-15
O301095,P200073,3,2024-01-22
O301096,P200028,5,2025-08-25
O301096,P200145,4,2025-09-18
O301097,P200237,5,2025-09-04
O301097,P200231,4,2025-09-07
O301097,P200104,5,2025-08-22
O301098,P200166,5,2024-09-05
O301098,P200202,5,2024-09-01
O301099,P200226,4,2025-03-21
O301099,P200132,4,2025-03-12
O301100,P200215,4,2024-02-03
O301101,P200002,4,2024-09-12
O301102,P200161,4,2024-07-06
O301102,P200195,3,2024-07-04
O301103,P200044,1,2024-05-04
O301104,P200197,2,2025-04-19
O301105,P200140,5,2024-12-09
O301105,P200200,5,2025-01-20
O301106,P200202,2,2025-01-27
O301107,P200226,3,2024-05-02
O301107,P200208,4,2024-05-10
O301108,P200128,5,2025-05-27
O301109,P200241,4,2025-02-28
O301109,P200067,5,2025-03-04
O301110,P200002,4,2025-07-27
O301110,P200024,4,2025-07-23
O301111,P200050,5,2024-01-27
O301112,P200093,3,2025-10-04
O301113,P200049,3,2024-09-30
O301113,P200123,3,2024-09-11
O301114,P200153,3,2025-07-30
O301115,P200073,4,2024-04-23
O301116,P200025,3,2025-09-09
O301120,P200128,5,2025-04-10
O301120,P200141,5,2025-03-16
O301120,P200124,5,2025-05-01
O301120,P200079,4,2025-05-03
O301121,P200177,5,2024-06-07
O301122,P200087,2,2024-05-22
O301124,P200015,4,2024-04-17
O301124,P200242,4,2024-05-09
O301125,P200066,5,2025-03-25
O301127,P200079,2,2025-06-05
O301127,P200188,4,2025-05-27
O301127,P200163,4,2025-05-04
O301129,P200197,3,2025-05-12
O301129,P200168,5,2025-04-23
O301130,P200059,5,2024-05-16
O301132,P200229,2,2025-06-14
O301134,P200087,3,2025-06-01
O301134,P200065,4,2025-06-01
O301134,P200194,3,2025-06-28
O301135,P200089,4,2024-11-03
O301138,P200107,5,2025-10-11
O301138,P200000,4,2025-08-29
O301138,P200166,5,2025-09-26
O301139,P200103,3,2025-06-25
O301140,P200158,3,2025-05-26
O301140,P200217,5,2025-05-06
O301144,P200155,4,2024-11-28
O301144,P200220,4,2024-11-28
O301144,P200119,4,2024-11-07
O301144,P200120,5,2024-10-23
O301145,P200163,4,2025-04-22
O301146,P200010,2,2025-08-09
O301148,P200005,4,2024-01-30
O301149,P200062,4,2025-09-05
O301150,P200073,4,2024-07-21
O301150,P200058,3,2024-08-15
O301151,P200105,5,2024-07-08
O301153,P200077,2,2025-08-10
O301155,P200190,3,2024-09-24
O301155,P200228,1,2024-09-14
O301156,P200087,4,2025-02-06
O301156,P200168,5,2025-03-26
O301157,P200134,4,2024-04-26
O301157,P200001,3,2024-05-01
O301158,P200083,1,2025-04-10
O301159,P200177,3,2025-05-13
O301159,P200249,4,2025-06-04
O301161,P200148,4,2024-09-20
O301166,P200181,5,2025-01-26
O301168,P200196,5,2025-01-30
O301168,P200066,5,2025-02-11
O301169,P200152,4,2025-07-19
O301169,P200124,1,2025-07-26
O301170,P200206,5,2024-03-27
O301170,P200174,4,2024-03-29
O301170,P200162,3,2024-03-30
O301171,P200160,5,2025-08-01
O301171,P200069,2,2025-06-29
O301174,P200046,3,2025-06-05
O301175,P200192,4,2024-03-28
O301176,P200047,3,2025-01-27
O301177,P200183,2,2024-06-23
O301178,P200065,2,2025-02-15
O301178,P200174,4,2025-01-04
O301180,P200148,5,2025-02-15
O301181,P200092,5,2024-09-10
O301183,P200154,4,2024-12-03
O301184,P200175,5,2024-09-06
O301184,P200097,3,2024-09-13
O301185,P200008,4,2025-01-11
O301187,P200217,4,2025-01-30
O301187,P200094,4,2025-01-25
O301187,P200168,1,2024-12-10
O301189,P200179,5,2024-02-24
O301190,P200084,4,2024-04-29
O301190,P200249,4,2024-04-02
O301190,P200137,3,2024-05-09
O301191,P200104,4,2024-12-05
O301193,P200177,2,2024-09-09
O301193,P200169,3,2024-10-01
O301195,P200165,3,2025-01-16
O301195,P200139,5,2024-12-11
O301196,P200071,2,2025-03-02
O301197,P200157,3,2024-06-04
O301198,P200076,5,2024-04-13
O301198,P200157,4,2024-04-07
O301199,P200172,4,2024-11-01
O301201,P200041,2,2024-04-25
O301202,P200113,4,2024-12-16
O301204,P200076,4,2024-09-15
O301204,P200238,4,2024-09-22
O301204,P200124,5,2024-09-29
O301204,P200223,3,2024-10-20
O301205,P200177,4,2024-05-15
O301205,P200069,2,2024-06-06
O301206,P200047,4,2025-07-20
O301207,P200116,3,2025-06-09
O301208,P200120,4,2024-12-12
O301208,P200011,5,2024-12-02
O301208,P200029,5,2024-12-24
O301208,P200152,3,2024-11-11
O301209,P200141,4,2024-08-13
O301211,P200150,4,2025-07-08
O301212,P200144,4,2024-03-30
O301212,P200100,3,2024-02-26
O301213,P200048,5,2024-02-20
O301214,P200055,4,2024-10-26
O301215,P200010,5,2024-09-21
O301218,P200203,4,2025-06-02
O301219,P200231,4,2024-12-05
O301220,P200134,3,2024-02-22
O301220,P200115,3,2024-02-26
O301221,P200224,5,2024-05-16
O301222,P200247,4,2024-02-20
O301224,P200098,4,2025-07-22
O301225,P200140,5,2025-03-17
O301230,P200146,3,2024-11-28
O301231,P200127,5,2025-07-09
O301231,P200164,3,2025-08-24
O301233,P200163,4,2025-04-08
O301233,P200106,4,2025-05-01
O301233,P200016,5,2025-05-19
O301235,P200057,4,2025-03-07
O301236,P200174,3,2024-03-29
O301236,P200119,3,2024-05-07
O301237,P200146,5,2025-06-27
O301237,P200239,3,2025-07-19
O301237,P200122,4,2025-07-31
O301238,P200167,4,2024-04-05
O301240,P200181,4,2025-03-24
O301240,P200031,4,2025-03-07
O301243,P200031,5,2025-10-15
O301244,P200171,3,2025-09-26
O301245,P200153,5,2025-08-23
O301245,P200038,2,2025-09-13
O301245,P200173,1,2025-09-16
O301246,P200146,1,2025-01-27
O301247,P200109,5,2024-05-04
O301247,P200205,5,2024-03-24
O301248,P200114,3,2025-10-07
O301249,P200063,4,2024-04-23
O301249,P200014,2,2024-03-25
O301251,P200005,5,2025-08-20
O301251,P200009,5,2025-07-16
O301252,P200140,5,2025-03-30
O301252,P200205,4,2025-03-30
O301253,P200023,4,2024-05-10
O301253,P200108,4,2024-05-18
O301257,P200179,3,2024-07-14
O301257,P200247,2,2024-07-27
O301258,P200156,3,2024-09-22
O301260,P200005,4,2024-12-12
O301261,P200045,3,2024-08-12
O301261,P200013,5,2024-09-06
O301262,P200135,5,2025-02-23
O301262,P200245,4,2025-02-21
O301263,P200243,5,2025-05-04
O301263,P200145,5,2025-05-10
O301265,P200047,2,2024-09-02
O301265,P200170,5,2024-09-20
O301266,P200170,5,2024-02-20
O301268,P200088,3,2025-05-17
O301268,P200248,4,2025-05-04
O301269,P200189,2,2024-09-19
O301269,P200183,3,2024-09-13
O301270,P200120,5,2024-08-25
O301273,P200069,5,2024-11-09
O301274,P200231,4,2024-07-10
O301274,P200240,1,2024-06-21
O301275,P200235,1,2025-08-25
O301275,P200092,4,2025-08-09
O301276,P200199,3,2024-02-13
O301276,P200224,4,2024-03-15
O301279,P200088,2,2024-04-09
O301279,P200049,5,2024-05-17
O301281,P200223,2,2025-10-14
O301281,P200125,3,2025-10-15
O301281,P200144,2,2025-10-22
O301284,P200216,4,2024-11-29
O301284,P200168,3,2025-01-04
O301285,P200111,4,2025-01-23
O301285,P200161,5,2024-12-26
O301285,P200077,5,2025-02-10
O301286,P200157,5,2025-09-21
O301286,P200212,5,2025-10-04
O301287,P200211,1,2024-12-14
O301287,P200033,5,2024-12-27
O301288,P200109,2,2025-05-27
O301290,P200201,4,2025-03-08
O301291,P200155,5,2025-01-08
O301292,P200123,4,2025-06-05
O301292,P200195,2,2025-05-20
O301292,P200147,3,2025-06-08
O301292,P200103,5,2025-05-13
O301293,P200139,5,2024-12-29
O301295,P200183,5,2024-02-02
O301296,P200038,3,2024-02-24
O301296,P200176,3,2024-01-30
O301297,P200209,2,2024-10-13
O301299,P200167,4,2024-07-01
O301299,P200159,4,2024-06-09
O301300,P200116,3,2025-04-12
O301303,P200070,4,2024-03-14
O301304,P200026,3,2024-06-10
O301306,P200232,2,2024-04-15
O301308,P200223,4,2025-02-25
O301308,P200202,5,2025-03-24
O301309,P200063,3,2024-10-06
O301311,P200121,4,2025-01-31
O301312,P200158,2,2024-06-30
O301313,P200125,3,2024-04-01
O301314,P200109,5,2025-01-28
O301316,P200039,2,2025-03-06
O301318,P200064,4,2024-08-11
O301319,P200167,1,2024-03-20
O301320,P200170,4,2024-03-19
O301320,P200139,3,2024-03-29
O301324,P200099,3,2025-08-30
O301327,P200200,4,2025-07-22
O301327,P200140,5,2025-07-29
O301327,P200231,3,2025-08-14
O301328,P200200,4,2025-08-25
O301330,P200029,4,2024-08-19
O301330,P200097,4,2024-09-12
O301330,P200046,5,2024-10-02
O301332,P200130,4,2024-04-16
O301333,P200162,5,2024-02-01
O301334,P200012,5,2024-04-01
O301334,P200196,5,2024-04-07
O301335,P200249,3,2024-08-24
O301335,P200140,5,2024-07-21
O301337,P200164,3,2024-01-21
O301337,P200183,3,2024-01-23
O301339,P200080,4,2025-04-06
O301339,P200235,4,2025-04-06
O301340,P200126,4,2024-08-18
O301340,P200238,3,2024-07-11
O301340,P200244,2,2024-08-22
O301340,P200184,3,2024-08-21
O301341,P200199,5,2024-03-02
O301344,P200147,5,2025-01-25
O301346,P200068,2,2024-03-13
O301346,P200197,3,2024-02-27
O301347,P200246,2,2024-10-28
O301347,P200190,4,2024-10-05
O301347,P200196,3,2024-10-22
O301348,P200045,5,2025-05-24
O301348,P200195,5,2025-05-30
O301349,P200228,4,2024-10-16
O301350,P200043,4,2024-09-20
O301353,P200241,4,2024-12-03
O301354,P200157,3,2024-07-27
O301354,P200082,4,2024-08-06
O301355,P200200,4,2024-10-21
O301357,P200166,2,2024-12-14
O301357,P200247,3,2024-11-09
O301358,P200003,4,2025-01-01
O301361,P200113,5,2025-06-20
O301362,P200071,3,2025-09-10
O301363,P200222,2,2024-03-04
O301371,P200119,2,2024-10-27
O301372,P200100,3,2024-12-25
O301372,P200024,4,2024-12-04
O301373,P200103,1,2025-05-26
O301375,P200104,1,2024-03-28
O301378,P200138,5,2024-11-02
O301378,P200169,2,2024-10-21
O301379,P200035,3,2024-05-08
O301380,P200029,4,2024-11-27
O301383,P200068,5,2025-03-03
O301384,P200178,5,2024-10-01
O301384,P200080,5,2024-10-28
O301384,P200159,4,2024-09-19
O301385,P200038,4,2024-06-22
O301387,P200164,4,2025-01-10
O301388,P200135,5,2025-08-22
O301389,P200023,5,2025-01-06
O301390,P200158,5,2025-04-16
O301390,P200047,5,2025-04-16
O301390,P200107,4,2025-04-02
O301392,P200212,4,2024-09-22
O301395,P200122,5,2024-07-10
O301396,P200150,4,2025-01-19
O301397,P200103,4,2025-01-09
O301397,P200109,4,2025-01-04
O301398,P200103,5,2025-07-18
O301398,P200046,4,2025-09-03
O301399,P200228,4,2025-01-31
O301399,P200144,1,2025-02-05
O301401,P200204,4,2024-12-04
O301401,P200064,5,2024-11-25
O301402,P200152,5,2024-02-17
O301405,P200047,5,2024-05-31
O301405,P200244,4,2024-06-12
O301408,P200070,4,2024-10-02
O301410,P200129,3,2024-12-17
O301410,P200071,5,2024-12-27
O301411,P200153,4,2024-10-05
O301411,P200201,3,2024-09-22
O301412,P200107,5,2024-09-19
O301412,P200019,4,2024-09-15
O301412,P200167,4,2024-08-31
O301413,P200105,2,2024-07-28
O301413,P200242,1,2024-07-14
O301414,P200190,4,2025-06-19
O301416,P200027,3,2025-02-08
O301416,P200152,4,2025-02-24
O301416,P200023,4,2025-02-19
O301419,P200093,3,2025-03-29
O301420,P200137,4,2024-12-22
O301420,P200181,5,2024-12-22
O301421,P200127,4,2024-12-05
O301424,P200126,3,2025-01-29
O301426,P200027,4,2025-01-01
O301427,P200063,4,2025-07-19
O301427,P200114,1,2025-06-19
O301429,P200166,4,2024-02-15
O301429,P200110,2,2024-02-15
O301430,P200131,3,2025-05-15
O301430,P200017,3,2025-04-24
O301432,P200070,5,2024-07-30
O301433,P200091,4,2024-02-18
O301434,P200125,3,2024-06-26
O301434,P200038,3,2024-06-19
O301435,P200109,4,2025-09-07
O301436,P200231,3,2024-07-12
O301436,P200226,5,2024-07-03
O301440,P200235,4,2025-03-06
O301441,P200048,5,2024-05-27
O301442,P200075,3,2024-05-04
O301442,P200060,2,2024-05-13
O301443,P200232,5,2024-07-02
O301443,P200159,4,2024-07-14
O301443,P200227,4,2024-07-29
O301445,P200233,3,2024-10-12
O301445,P200153,3,2024-09-27
O301445,P200090,2,2024-09-24
O301446,P200134,3,2025-09-01
O301448,P200206,4,2024-02-20
O301448,P200014,5,2024-01-27
O301451,P200098,5,2025-03-05
O301452,P200163,3,2025-08-13
O301452,P200164,3,2025-07-13
O301452,P200034,5,2025-07-06
O301455,P200103,4,2024-06-01
O301456,P200085,4,2025-04-08
O301458,P200038,3,2024-12-26
O301460,P200177,2,2025-05-07
O301462,P200201,3,2025-01-19
O301463,P200213,3,2024-07-08
O301465,P200226,5,2025-01-02
O301466,P200094,4,2025-03-24
O301469,P200038,2,2024-07-06
O301470,P200072,1,2025-08-08
O301472,P200005,4,2024-05-20
O301472,P200122,4,2024-06-04
O301474,P200058,4,2025-03-16
O301474,P200228,3,2025-03-30
O301475,P200097,4,2024-06-18
O301476,P200117,4,2024-06-13
O301477,P200225,1,2024-08-19
O301478,P200113,5,2024-08-25
O301479,P200222,5,2025-01-21
O301481,P200219,4,2025-04-07
O301482,P200043,4,2024-06-08
O301484,P200241,4,2025-06-10
O301484,P200193,5,2025-06-12
O301485,P200009,2,2025-05-17
O301488,P200074,3,2024-03-05
O301489,P200192,5,2024-03-08
O301491,P200027,3,2025-08-02
O301492,P200070,5,2024-06-05
O301492,P200230,5,2024-05-25
O301493,P200247,5,2025-09-16
O301495,P200215,3,2024-11-09
O301496,P200238,3,2024-12-10
O301496,P200184,5,2024-11-29
O301499,P200194,4,2024-11-16
O301500,P200079,5,2024-03-11
O301501,P200093,4,2024-03-24
O301501,P200218,5,2024-03-27
O301503,P200003,5,2024-09-30
O301503,P200196,4,2024-09-14
O301505,P200190,4,2024-03-03
O301506,P200172,5,2024-12-17
O301506,P200155,4,2024-12-04
O301506,P200071,4,2024-12-21
O301508,P200201,5,2024-11-10
O301508,P200053,5,2024-10-30
O301508,P200003,5,2024-11-27
O301510,P200082,4,2024-10-03
O301510,P200080,4,2024-09-06
O301513,P200023,5,2025-03-01
O301513,P200082,3,2025-03-05
O301514,P200087,3,2024-08-22
O301514,P200229,3,2024-09-26
O301514,P200151,5,2024-09-03
O301517,P200106,4,2024-09-10
O301517,P200224,4,2024-09-21
O301518,P200112,5,2025-04-07
O301521,P200084,5,2025-09-24
O301524,P200226,3,2025-07-19
O301526,P200124,5,2024-02-25
O301526,P200247,4,2024-04-16
O301527,P200064,5,2024-05-30
O301527,P200226,1,2024-05-13
O301529,P200204,3,2024-01-06
O301529,P200247,3,2024-02-08
O301530,P200082,2,2024-03-19
O301531,P200149,4,2025-01-08
O301532,P200061,5,2025-01-16
O301533,P200163,4,2025-04-30
O301535,P200065,5,2025-09-24
O301536,P200071,4,2024-06-08
O301537,P200192,4,2024-06-12
O301538,P200136,3,2024-12-27
O301538,P200079,5,2025-01-04
O301539,P200119,4,2025-08-05
O301540,P200000,5,2025-09-06
O301540,P200177,4,2025-10-10
O301541,P200027,4,2025-03-18
O301541,P200115,5,2025-02-17
O301541,P200070,5,2025-02-15
O301543,P200139,3,2024-02-20
O301545,P200237,5,2024-09-01
O301547,P200086,1,2024-06-21
O301548,P200070,2,2025-03-02
O301548,P200031,2,2025-03-03
O301549,P200185,4,2024-05-24
O301552,P200125,4,2024-02-28
O301552,P200001,5,2024-04-13
O301553,P200104,4,2024-07-01
O301554,P200249,5,2024-04-25
O301555,P200182,4,2024-07-21
O301556,P200057,4,2025-05-29
O301556,P200149,4,2025-05-30
O301557,P200018,3,2024-12-31
O301558,P200189,5,2025-08-29
O301562,P200036,4,2025-05-01
O301563,P200122,5,2025-03-23
O301563,P200134,4,2025-03-11
O301564,P200129,3,2025-08-28
O301565,P200209,4,2025-07-05
O301566,P200166,4,2025-09-27
O301566,P200211,3,2025-08-13
O301567,P200099,4,2024-03-17
O301568,P200074,3,2024-09-08
O301568,P200018,4,2024-07-26
O301569,P200187,4,2025-03-23
O301570,P200036,1,2025-08-25
O301571,P200154,4,2025-08-05
O301572,P200159,4,2024-08-07
O301572,P200233,5,2024-08-11
O301573,P200029,5,2024-02-23
O301573,P200079,5,2024-02-24
O301573,P200054,3,2024-02-02
O301575,P200208,5,2024-10-02
O301575,P200118,4,2024-09-09
O301576,P200130,5,2025-05-27
O301576,P200059,4,2025-06-29
O301577,P200013,2,2024-12-24
O301579,P200157,4,2025-01-26
O301580,P200104,4,2024-06-29
O301580,P200087,5,2024-05-28
O301580,P200240,3,2024-07-23
O301580,P200030,4,2024-07-14
O301580,P200216,5,2024-05-30
O301582,P200136,4,2024-08-01
O301588,P200112,4,2024-12-20
O301589,P200173,5,2025-07-11
O301589,P200177,1,2025-07-09
O301589,P200247,4,2025-06-22
O301589,P200239,4,2025-07-11
O301590,P200038,2,2025-08-27
O301591,P200140,5,2024-03-11
O301592,P200228,5,2025-02-04
O301594,P200178,4,2025-03-02
O301595,P200230,3,2025-05-04
O301596,P200202,4,2024-12-17
O301598,P200167,5,2025-08-16
O301598,P200099,5,2025-08-28
O301600,P200097,3,2024-03-08
O301600,P200076,5,2024-02-18
O301600,P200073,3,2024-02-20
O301600,P200221,4,2024-03-07
O301601,P200015,3,2024-12-21
O301601,P200024,5,2025-01-17
O301603,P200243,4,2025-03-17
O301605,P200067,1,2025-05-08
O301607,P200044,4,2024-04-26
O301607,P200244,4,2024-05-03
O301607,P200052,5,2024-03-25
O301608,P200019,4,2024-07-27
O301608,P200052,2,2024-07-19
O301609,P200058,5,2025-09-21
O301610,P200143,5,2025-09-17
O301611,P200182,4,2024-07-08
O301612,P200230,5,2024-03-25
O301612,P200159,3,2024-04-23
O301613,P200166,3,2024-10-30
O301613,P200037,5,2024-11-08
O301613,P200087,4,2024-12-16
O301614,P200071,5,2024-12-25
O301614,P200000,5,2025-01-05
O301615,P200022,4,2025-08-29
O301616,P200171,5,2024-09-06
O301618,P200123,5,2025-07-14
O301620,P200229,4,2024-05-06
O301623,P200144,4,2024-02-08
O301625,P200115,5,2024-11-22
O301625,P200107,4,2024-12-10
O301625,P200002,3,2024-12-26
O301626,P200169,2,2025-04-09
O301626,P200249,4,2025-05-12
O301628,P200005,4,2024-05-30
O301630,P200196,4,2025-09-30
O301630,P200239,5,2025-09-16
O301632,P200197,5,2025-01-07
O301637,P200118,4,2024-09-03
O301638,P200131,5,2024-09-08
O301638,P200056,4,2024-08-23
O301639,P200171,5,2025-07-20
O301640,P200172,4,2024-05-09
O301641,P200177,4,2024-10-12
O301642,P200046,3,2024-09-19
O301643,P200227,5,2025-10-04
O301643,P200060,3,2025-08-19
O301644,P200190,4,2024-11-20
O301646,P200066,4,2025-06-30
O301647,P200021,5,2024-02-24
O301649,P200221,4,2024-11-11
O301650,P200042,4,2025-04-28
O301652,P200052,2,2024-07-06
O301654,P200115,2,2025-02-22
O301659,P200174,4,2024-07-24
O301660,P200185,1,2025-09-12
O301662,P200201,3,2024-08-19
O301663,P200040,5,2024-07-22
O301666,P200036,3,2025-06-18
O301666,P200065,5,2025-05-31
O301667,P200206,4,2025-09-10
O301669,P200017,2,2024-12-05
O301669,P200193,3,2024-12-11
O301671,P200220,1,2025-01-03
O301672,P200193,1,2025-09-06
O301673,P200087,5,2025-04-06
O301675,P200186,5,2024-09-03
O301675,P200163,5,2024-10-28
O301676,P200084,4,2024-12-26
O301677,P200113,2,2025-02-16
O301677,P200196,5,2025-01-20
O301679,P200037,3,2025-07-20
O301681,P200080,3,2025-08-23
O301681,P200167,4,2025-07-30
O301681,P200181,2,2025-07-11
O301682,P200191,1,2024-12-01
O301683,P200154,4,2024-11-28
O301685,P200230,4,2025-09-14
O301685,P200043,4,2025-09-13
O301685,P200103,1,2025-09-13
O301686,P200137,2,2025-08-08
O301686,P200065,3,2025-08-18
O301689,P200063,3,2025-09-07
O301689,P200096,5,2025-09-11
O301689,P200169,1,2025-09-11
O301690,P200232,3,2025-04-23
O301691,P200181,5,2025-03-19
O301691,P200227,4,2025-02-11
O301692,P200209,4,2024-03-12
O301699,P200132,2,2024-04-01
O301700,P200149,3,2024-02-02
O301700,P200228,3,2024-01-30
O301704,P200203,5,2024-01-06
O301706,P200023,4,2024-12-27
O301706,P200047,2,2025-02-09
O301706,P200044,5,2025-01-20
O301709,P200055,5,2025-10-09
O301710,P200053,1,2024-08-26
O301710,P200228,4,2024-08-10
O301710,P200082,4,2024-09-17
O301710,P200179,4,2024-09-01
O301711,P200167,2,2024-05-10
O301711,P200066,3,2024-04-19
O301711,P200157,4,2024-04-25
O301711,P200199,4,2024-05-17
O301713,P200169,4,2024-09-21
O301714,P200193,5,2024-04-25
O301715,P200177,5,2024-05-07
O301716,P200155,5,2024-03-13
O301718,P200180,5,2025-02-02
O301719,P200009,4,2024-06-29
O301719,P200170,5,2024-06-26
O301719,P200220,5,2024-07-09
O301720,P200077,4,2024-11-24
O301722,P200132,2,2025-08-20
O301725,P200185,5,2025-07-19
O301725,P200190,2,2025-08-01
O301726,P200173,3,2024-12-05
O301726,P200175,5,2024-11-27
O301727,P200089,3,2025-04-19
O301729,P200196,3,2025-06-08
O301729,P200162,5,2025-07-04
O301730,P200230,3,2024-10-20
O301730,P200041,4,2024-10-06
O301731,P200152,3,2025-06-08
O301732,P200215,4,2024-08-28
O301732,P200159,5,2024-09-08
O301735,P200087,5,2024-10-23
O301737,P200092,4,2024-06-29
O301737,P200232,4,2024-06-09
O301737,P200149,4,2024-06-12
O301738,P200103,3,2024-05-02
O301738,P200169,5,2024-03-25
O301739,P200177,5,2024-10-20
O301739,P200171,3,2024-11-10
O301740,P200038,4,2025-05-05
O301740,P200053,2,2025-05-02
O301741,P200023,2,2024-10-19
O301741,P200154,4,2024-09-16
O301742,P200068,3,2025-08-20
O301742,P200050,3,2025-08-31
O301743,P200248,4,2024-02-29
O301745,P200223,4,2024-06-06
O301745,P200078,3,2024-06-11
O301745,P200205,4,2024-06-16
O301746,P200142,5,2024-11-11
O301746,P200236,2,2024-10-16
O301747,P200158,3,2025-03-06
O301748,P200049,4,2024-04-13
O301749,P200119,3,2025-09-07
O301749,P200005,5,2025-09-12
O301749,P200047,2,2025-09-23
O301750,P200168,3,2024-08-11
O301750,P200224,1,2024-07-23
O301751,P200200,1,2024-02-11
O301753,P200133,2,2025-08-16
O301754,P200097,4,2025-09-19
O301754,P200087,3,2025-10-10
O301756,P200247,4,2025-05-05
O301759,P200147,4,2025-05-02
O301759,P200239,2,2025-05-31
O301760,P200091,4,2024-11-21
O301761,P200052,3,2025-08-19
O301762,P200107,4,2024-03-27
O301762,P200030,5,2024-04-09
O301763,P200201,5,2024-08-11
O301764,P200133,5,2025-03-26
O301767,P200057,4,2024-05-18
O301768,P200195,3,2025-01-09
O301769,P200145,4,2024-06-20
O301771,P200086,5,2024-03-03
O301772,P200203,5,2024-10-09
O301772,P200223,4,2024-09-18
O301773,P200064,5,2025-07-24
O301774,P200127,3,2024-11-22
O301774,P200100,1,2024-12-22
O301775,P200242,5,2025-01-01
O301775,P200000,5,2025-01-01
O301777,P200131,5,2025-04-02
O301777,P200112,3,2025-04-15
O301778,P200082,2,2025-07-08
O301778,P200092,1,2025-07-06
O301779,P200114,1,2025-07-13
O301780,P200056,3,2025-09-18
O301780,P200220,3,2025-10-14
O301780,P200187,3,2025-09-29
O301781,P200073,5,2024-12-28
O301781,P200234,3,2024-11-28
O301783,P200166,2,2024-12-14
O301784,P200012,4,2024-12-14
O301785,P200182,5,2024-12-22
O301786,P200215,4,2025-02-16
O301786,P200047,4,2025-03-10
O301787,P200113,4,2024-11-20
O301789,P200050,3,2024-08-01
O301791,P200063,5,2025-02-03
O301791,P200180,2,2025-01-08
O301792,P200012,5,2024-09-26
O301792,P200054,5,2024-10-02
O301793,P200060,2,2024-11-13
O301794,P200224,2,2024-02-12
O301795,P200008,5,2024-12-02
O301800,P200167,5,2024-07-03
O301801,P200026,4,2024-06-07
O301801,P200008,3,2024-05-30
O301802,P200067,4,2025-04-04
O301802,P200113,4,2025-03-30
O301802,P200114,4,2025-02-23
O301804,P200063,5,2024-09-08
O301805,P200160,3,2025-02-26
O301805,P200246,5,2025-03-05
O301805,P200040,4,2025-02-23
O301806,P200009,2,2024-07-25
O301807,P200025,4,2025-06-27
O301807,P200235,4,2025-06-25
O301809,P200229,4,2024-09-01
O301809,P200023,4,2024-08-09
O301810,P200247,5,2024-11-20
O301810,P200004,4,2024-12-15
O301810,P200098,3,2024-12-01
O301811,P200040,4,2025-02-15
O301811,P200108,3,2025-03-24
O301814,P200091,3,2024-11-05
O301816,P200045,5,2025-03-03
O301816,P200120,4,2025-02-19
O301819,P200116,3,2025-09-11
O301822,P200079,3,2024-05-08
O301823,P200126,4,2024-10-13
O301825,P200218,5,2025-05-26
O301828,P200016,5,2024-09-05
O301828,P200014,4,2024-08-15
O301828,P200082,5,2024-08-08
O301828,P200092,4,2024-08-25
O301832,P200082,5,2024-06-14
O301832,P200138,5,2024-05-20
O301832,P200242,4,2024-06-03
O301832,P200103,3,2024-07-06
O301834,P200028,5,2024-03-16
O301834,P200017,5,2024-03-20
O301834,P200050,4,2024-03-11
O301834,P200109,5,2024-02-19
O301835,P200043,4,2024-12-23
O301838,P200188,1,2024-05-01
O301838,P200085,5,2024-04-30
O301839,P200008,4,2024-08-07
O301840,P200119,5,2024-11-22
O301840,P200060,1,2024-11-19
O301841,P200172,5,2024-10-26
O301842,P200004,2,2024-04-16
O301842,P200021,2,2024-03-22
O301843,P200219,4,2024-02-04
O301843,P200093,3,2024-03-11
O301843,P200084,4,2024-03-10
O301845,P200213,4,2024-12-18
O301845,P200042,5,2024-12-19
O301845,P200003,5,2024-12-13
O301846,P200182,3,2025-05-06
O301846,P200066,5,2025-05-18
O301847,P200072,5,2024-03-30
O301848,P200064,3,2024-09-10
O301848,P200241,4,2024-09-02
O301849,P200147,3,2024-05-15
O301850,P200155,5,2025-07-10
O301851,P200048,5,2025-02-20
O301851,P200198,5,2025-02-18
O301853,P200071,1,2025-09-08
O301854,P200186,4,2024-01-29
O301854,P200004,5,2024-02-12
O301856,P200060,2,2025-02-09
O301857,P200001,4,2025-02-07
O301857,P200010,2,2024-12-14
O301859,P200162,5,2024-07-03
O301859,P200093,4,2024-08-18
O301862,P200020,4,2025-10-09
O301862,P200149,3,2025-09-24
O301862,P200054,4,2025-10-28
O301863,P200038,5,2024-12-19
O301863,P200248,2,2024-12-28
O301864,P200150,4,2025-05-16
O301865,P200122,4,2025-10-03
O301865,P200218,4,2025-10-03
O301867,P200055,4,2025-06-30
O301867,P200153,1,2025-07-08
O301868,P200004,4,2025-08-18
O301869,P200184,4,2025-04-14
O301871,P200240,2,2024-03-18
O301871,P200105,2,2024-03-10
O301872,P200058,4,2024-02-03
O301873,P200112,5,2025-04-07
O301873,P200225,4,2025-03-31
O301874,P200115,4,2024-07-02
O301874,P200238,5,2024-06-14
O301876,P200125,4,2025-01-15
O301878,P200077,1,2025-01-04
O301878,P200233,5,2024-12-11
O301879,P200170,5,2024-12-16
O301879,P200142,5,2024-12-25
O301883,P200236,3,2025-06-06
O301884,P200047,4,2025-08-06
O301884,P200088,4,2025-06-21
O301884,P200018,4,2025-07-27
O301888,P200161,3,2025-01-17
O301891,P200163,1,2025-04-09
O301891,P200072,3,2025-04-04
O301892,P200235,2,2025-04-20
O301892,P200174,4,2025-03-22
O301893,P200172,3,2025-08-28
O301893,P200245,4,2025-08-24
O301893,P200155,3,2025-09-17
O301894,P200096,4,2024-05-29
O301896,P200066,5,2025-02-07
O301896,P200084,4,2025-02-25
O301896,P200109,2,2025-01-22
O301897,P200213,3,2024-04-01
O301897,P200233,5,2024-04-11
O301898,P200039,4,2024-09-19
O301898,P200206,4,2024-10-01
O301899,P200003,4,2025-01-16
O301899,P200209,3,2024-11-25
O301899,P200247,3,2024-12-18
O301900,P200053,5,2025-07-26
O301900,P200168,1,2025-07-22
O301902,P200115,4,2024-12-02
O301903,P200167,2,2024-09-12
O301906,P200132,4,2025-05-26
O301906,P200090,4,2025-05-04
O301908,P200124,4,2024-10-15
O301908,P200212,4,2024-09-16
O301910,P200235,3,2024-07-13
O301912,P200016,4,2024-06-27
O301913,P200144,4,2025-07-18
O301915,P200054,4,2025-04-20
O301916,P200154,4,2025-02-08
O301916,P200073,4,2025-02-08
O301917,P200232,3,2025-08-27
O301917,P200055,3,2025-09-28
O301919,P200065,5,2025-05-31
O301920,P200167,4,2024-05-11
O301925,P200233,2,2024-07-16
O301933,P200060,3,2024-08-06
O301934,P200165,4,2024-05-26
O301934,P200029,1,2024-06-16
O301934,P200197,2,2024-06-15
O301935,P200151,2,2024-08-12
O301936,P200038,5,2024-04-17
O301938,P200232,4,2024-08-23
O301939,P200055,5,2024-08-20
O301940,P200006,4,2024-09-12
O301940,P200204,5,2024-09-15
O301940,P200097,4,2024-08-21
O301944,P200036,3,2025-07-06
O301945,P200139,5,2024-03-14
O301945,P200045,5,2024-03-25
O301945,P200124,5,2024-03-25
O301947,P200211,4,2025-03-29
O301948,P200062,4,2024-04-13
O301948,P200048,2,2024-04-07
O301950,P200003,4,2024-12-02
O301950,P200201,5,2024-10-23
O301951,P200027,4,2024-05-01
O301952,P200042,5,2024-03-08
O301953,P200101,4,2025-05-25
O301954,P200237,3,2025-03-10
O301954,P200149,2,2025-04-09
O301954,P200020,3,2025-04-08
O301956,P200239,4,2025-01-28
O301957,P200165,5,2025-06-10
O301957,P200022,5,2025-05-18
O301958,P200194,5,2025-03-29
O301959,P200026,3,2024-04-29
O301961,P200051,5,2024-03-02
O301961,P200185,5,2024-02-17
O301962,P200133,4,2025-01-12
O301962,P200081,1,2024-12-24
O301963,P200169,3,2024-03-27
O301963,P200217,4,2024-03-16
O301963,P200164,3,2024-03-10
O301964,P200215,4,2025-06-07
O301965,P200072,4,2024-10-15
O301967,P200190,5,2024-11-13
O301968,P200066,4,2024-06-27
O301968,P200132,1,2024-06-24
O301969,P200192,2,2025-04-14
O301969,P200096,3,2025-03-30
O301970,P200059,3,2024-09-26
O301970,P200055,4,2024-08-08
O301972,P200235,4,2025-01-11
O301972,P200229,5,2025-02-24
O301973,P200143,1,2025-04-10
O301973,P200045,4,2025-04-30
O301973,P200158,4,2025-04-14
O301973,P200093,3,2025-04-24
O301974,P200232,4,2024-03-31
O301975,P200095,2,2025-04-23
O301975,P200096,1,2025-04-29
O301975,P200107,4,2025-05-02
O301975,P200184,4,2025-03-16
O301976,P200045,4,2024-09-28
O301978,P200068,5,2025-10-06
O301979,P200162,3,2024-03-02
O301981,P200166,3,2025-04-25
O301981,P200065,4,2025-05-01
O301982,P200034,4,2024-11-23
O301982,P200104,5,2024-10-02
O301984,P200204,1,2025-09-05
O301985,P200189,5,2024-08-30
O301987,P200220,5,2024-10-04
O301988,P200032,5,2025-05-13
O301988,P200128,4,2025-05-07
O301989,P200005,3,2025-01-10
O301990,P200024,2,2024-09-26
O301991,P200028,5,2024-01-19
O301991,P200225,5,2024-02-01
O301992,P200211,3,2025-04-10
O301992,P200210,4,2025-05-05
O301998,P200239,3,2024-06-06
O301999,P200107,3,2025-07-01
O302000,P200194,5,2024-06-26
O302002,P200208,5,2024-05-15
O302003,P200060,4,2024-05-25
O302003,P200069,5,2024-05-11
O302003,P200153,5,2024-05-12
O302004,P200117,4,2025-06-23
O302004,P200188,5,2025-07-01
O302006,P200219,2,2025-05-15
O302006,P200127,5,2025-04-21
O302006,P200195,2,2025-04-18
O302008,P200083,5,2024-04-21
O302013,P200185,5,2024-05-18
O302016,P200032,3,2025-01-02
O302016,P200027,4,2025-01-05
O302016,P200141,4,2025-02-22
O302017,P200182,3,2024-11-30
O302018,P200072,1,2025-05-14
O302018,P200167,5,2025-05-07
O302020,P200035,5,2025-02-22
O302022,P200019,3,2025-08-03
O302023,P200015,4,2024-12-07
O302023,P200103,4,2024-12-31
O302023,P200211,3,2024-12-28
O302024,P200226,3,2025-04-01
O302025,P200089,5,2025-01-06
O302028,P200126,4,2025-09-10
O302030,P200032,5,2025-06-08
O302031,P200044,5,2024-02-26
O302032,P200092,5,2025-07-21
O302034,P200130,3,2024-01-05
O302036,P200119,4,2024-11-21
O302037,P200010,2,2025-07-02
O302038,P200033,4,2024-03-15
O302038,P200073,5,2024-02-27
O302038,P200152,4,2024-03-25
O302038,P200145,3,2024-03-19
O302041,P200111,3,2025-03-28
O302041,P200010,3,2025-04-06
O302041,P200245,2,2025-04-09
O302042,P200048,3,2024-03-20
O302043,P200192,4,2025-04-20
O302043,P200030,4,2025-04-25
O302044,P200166,4,2025-04-07
O302047,P200186,3,2024-03-15
O302047,P200027,3,2024-04-09
O302048,P200066,4,2024-12-14
O302048,P200091,2,2025-01-17
O302049,P200219,2,2025-03-18
O302050,P200248,5,2024-02-11
O302051,P200001,3,2024-05-18
O302053,P200086,3,2025-02-15
O302053,P200108,2,2025-02-02
O302054,P200063,3,2024-05-20
O302055,P200100,5,2025-02-08
O302055,P200178,5,2025-01-02
O302056,P200061,4,2024-06-20
O302057,P200167,3,2024-04-09
O302060,P200079,4,2025-09-20
O302065,P200120,3,2024-04-14
O302065,P200039,4,2024-04-08
O302066,P200119,4,2025-06-12
O302066,P200137,5,2025-06-03
O302067,P200097,3,2024-09-28
O302068,P200088,3,2025-05-15
O302069,P200072,3,2024-12-15
O302071,P200102,4,2025-10-03
O302072,P200042,5,2025-08-02
O302073,P200103,4,2024-07-31
O302073,P200012,3,2024-08-12
O302074,P200032,4,2024-11-13
O302074,P200175,4,2024-11-28
O302075,P200084,2,2024-05-10
O302075,P200161,4,2024-03-20
O302076,P200111,4,2024-01-22
O302076,P200224,4,2024-03-04
O302077,P200056,5,2025-04-10
O302077,P200132,4,2025-05-02
O302079,P200214,4,2025-01-04
O302079,P200238,5,2024-12-11
O302079,P200184,4,2024-12-05
O302080,P200184,4,2024-01-28
O302080,P200219,4,2024-03-06
O302081,P200196,1,2024-06-02
O302082,P200060,4,2024-06-01
O302083,P200175,5,2024-12-21
O302084,P200203,3,2024-07-21
O302084,P200054,5,2024-07-17
O302084,P200216,4,2024-07-11
O302087,P200051,2,2025-04-26
O302088,P200122,3,2024-09-01
O302089,P200029,5,2024-09-22
O302089,P200131,1,2024-10-14
O302090,P200038,5,2025-04-18
O302090,P200054,5,2025-03-16
O302091,P200059,5,2024-07-07
O302091,P200245,4,2024-06-29
O302092,P200228,3,2024-07-27
O302093,P200186,3,2025-02-25
O302093,P200001,2,2025-01-18
O302094,P200100,4,2025-10-05
O302095,P200241,5,2024-07-30
O302097,P200048,3,2025-06-19
O302098,P200088,3,2025-03-13
O302098,P200010,2,2025-03-22
O302099,P200006,4,2025-05-19
O302099,P200123,5,2025-05-11
O302099,P200248,5,2025-04-20
O302101,P200037,3,2024-11-08
O302102,P200062,5,2025-05-10
O302102,P200041,4,2025-04-11
O302102,P200215,5,2025-03-30
O302103,P200039,5,2025-09-05
O302104,P200039,2,2025-06-26
O302106,P200182,3,2024-12-20
O302106,P200077,4,2024-11-20
O302108,P200192,4,2025-06-13
O302108,P200008,4,2025-06-26
O302109,P200118,3,2024-01-25
O302111,P200247,3,2024-04-24
O302112,P200135,3,2024-07-26
O302114,P200219,2,2025-09-12
O302115,P200124,4,2024-02-18
O302116,P200234,3,2024-05-24
O302116,P200205,3,2024-05-22
O302116,P200176,3,2024-06-03
O302118,P200222,3,2024-06-05
O302118,P200068,4,2024-05-23
O302118,P200151,4,2024-04-21
O302120,P200133,5,2024-06-26
O302121,P200198,4,2025-03-09
O302121,P200121,2,2025-03-27
O302122,P200249,3,2025-03-05
O302122,P200165,4,2025-03-10
O302122,P200068,5,2025-03-22
O302123,P200012,3,2025-02-26
O302123,P200095,5,2025-02-04
O302123,P200203,5,2025-01-21
O302124,P200216,5,2024-07-23
O302124,P200226,4,2024-07-01
O302125,P200016,3,2025-03-10
O302126,P200015,4,2024-05-26
O302127,P200104,3,2024-05-10
O302132,P200086,5,2025-05-24
O302132,P200114,2,2025-04-14
O302133,P200155,4,2024-04-14
O302133,P200032,5,2024-03-30
O302134,P200002,3,2025-05-12
O302137,P200163,3,2025-01-16
O302138,P200235,2,2025-08-18
O302140,P200118,4,2024-03-07
O302140,P200122,3,2024-03-20
O302140,P200227,4,2024-03-29
O302140,P200150,4,2024-04-01
O302142,P200196,2,2025-07-20
O302142,P200202,4,2025-08-16
O302143,P200057,5,2024-03-19
O302143,P200170,5,2024-01-30
O302143,P200141,2,2024-02-09
O302144,P200138,5,2024-10-28
O302144,P200198,5,2024-10-23
O302144,P200120,5,2024-10-15
O302147,P200154,3,2025-05-02
O302148,P200070,4,2025-07-20
O302148,P200236,4,2025-06-19
O302150,P200035,5,2024-03-06
O302152,P200142,2,2024-04-08
O302153,P200009,4,2025-02-13
O302153,P200188,4,2025-02-28
O302154,P200035,5,2024-02-11
O302155,P200151,5,2024-03-15
O302155,P200217,5,2024-02-18
O302155,P200138,4,2024-02-27
O302155,P200007,3,2024-03-20
O302155,P200028,4,2024-03-06
O302156,P200174,5,2025-07-01
O302157,P200059,3,2024-04-19
O302157,P200149,4,2024-04-18
O302159,P200018,2,2025-03-06
O302160,P200186,2,2025-04-23
O302162,P200061,4,2025-10-08
O302163,P200075,4,2025-05-24
O302167,P200019,4,2024-08-23
O302167,P200143,1,2024-08-28
O302168,P200246,5,2024-08-23
O302170,P200153,3,2024-11-22
O302171,P200061,5,2025-07-27
O302171,P200137,3,2025-08-05
O302174,P200212,4,2024-05-17
O302176,P200129,4,2024-08-20
O302177,P200017,1,2024-10-19
O302178,P200215,4,2025-10-04
O302181,P200094,1,2024-09-07
O302181,P200116,2,2024-09-22
O302181,P200124,4,2024-09-18
O302182,P200047,4,2025-09-03
O302183,P200121,5,2024-10-14
O302184,P200053,4,2025-06-25
O302184,P200046,5,2025-06-05
O302184,P200056,1,2025-06-15
O302185,P200135,5,2024-12-23
O302185,P200093,3,2024-11-02
O302186,P200017,3,2024-12-02
O302187,P200179,4,2024-10-02
O302187,P200141,4,2024-09-16
O302188,P200123,4,2025-02-01
O302188,P200217,4,2025-02-25
O302190,P200069,4,2025-04-03
O302192,P200036,4,2024-09-07
O302194,P200150,3,2024-04-19
O302194,P200134,1,2024-05-03
O302195,P200077,4,2025-08-28
O302196,P200041,4,2024-09-09
O302196,P200067,4,2024-09-22
O302199,P200239,4,2024-07-13
O302199,P200114,4,2024-06-17
O302199,P200104,2,2024-07-13
O302200,P200138,4,2025-08-05
O302200,P200085,5,2025-07-31
O302201,P200059,2,2025-02-23
O302202,P200035,5,2024-04-08
O302203,P200093,4,2024-07-07
O302205,P200173,5,2024-09-12
O302206,P200164,4,2024-08-25
O302206,P200132,3,2024-09-27
O302206,P200003,4,2024-10-06
O302207,P200221,2,2024-09-06
O302207,P200214,1,2024-07-17
O302208,P200135,1,2025-01-25
O302208,P200235,5,2025-02-11
O302209,P200222,5,2025-05-07
O302210,P200048,1,2024-07-18
O302210,P200106,3,2024-07-14
O302210,P200137,4,2024-07-12
O302211,P200134,4,2025-06-18
O302216,P200154,3,2025-10-22
O302216,P200186,3,2025-10-08
O302218,P200120,4,2024-07-22
O302219,P200122,1,2025-08-19
O302219,P200240,4,2025-09-04
O302221,P200144,5,2025-06-10
O302221,P200040,5,2025-07-14
O302223,P200211,4,2025-03-02
O302226,P200158,4,2024-03-27
O302228,P200249,5,2025-07-05
O302228,P200247,5,2025-07-04
O302229,P200145,4,2025-03-03
O302230,P200026,5,2025-02-22
O302231,P200167,4,2024-09-28
O302233,P200172,4,2025-04-09
O302234,P200135,4,2024-10-28
O302235,P200107,4,2024-07-14
O302236,P200041,3,2024-06-24
O302237,P200204,5,2024-04-11
O302237,P200215,5,2024-05-01
O302239,P200126,4,2024-12-03
O302240,P200118,5,2025-04-13
O302241,P200197,3,2024-12-06
O302242,P200005,4,2024-07-01
O302243,P200000,3,2024-09-29
O302243,P200215,3,2024-10-22
O302244,P200225,4,2024-03-04
O302245,P200235,1,2025-03-03
O302246,P200198,3,2024-05-23
O302246,P200120,3,2024-06-29
O302247,P200234,4,2024-10-05
O302250,P200216,4,2024-09-12
O302251,P200001,4,2024-02-18
O302253,P200172,2,2025-09-07
O302253,P200070,4,2025-09-15
O302253,P200179,1,2025-10-28
O302254,P200135,5,2025-01-04
O302254,P200050,5,2025-01-07
O302255,P200242,5,2025-03-03
O302256,P200087,4,2024-03-30
O302256,P200164,5,2024-03-21
O302257,P200221,4,2024-07-11
O302257,P200062,3,2024-06-27
O302257,P200018,5,2024-06-14
O302258,P200209,1,2025-05-05
O302260,P200242,4,2025-01-09
O302261,P200153,5,2025-01-20
O302264,P200105,3,2024-08-02
O302265,P200008,3,2024-09-14
O302265,P200058,2,2024-10-15
O302266,P200159,4,2024-12-31
O302266,P200187,4,2025-01-02
O302266,P200192,4,2024-12-28
O302267,P200188,3,2024-11-05
O302267,P200150,4,2024-11-05
O302269,P200025,5,2024-10-07
O302269,P200161,5,2024-10-05
O302269,P200070,3,2024-11-19
O302270,P200005,4,2025-06-04
O302271,P200053,5,2025-06-17
O302271,P200045,4,2025-06-13
O302271,P200126,5,2025-06-18
O302272,P200006,4,2024-07-27
O302273,P200045,3,2024-07-13
O302273,P200117,4,2024-05-31
O302274,P200030,4,2025-06-04
O302275,P200158,3,2024-10-09
O302275,P200194,2,2024-09-17
O302276,P200168,5,2024-03-27
O302276,P200143,5,2024-04-22
O302276,P200082,1,2024-04-18
O302277,P200143,5,2024-02-09
O302278,P200179,4,2025-09-20
O302278,P200004,4,2025-08-16
O302279,P200210,5,2025-09-09
O302280,P200084,5,2024-05-06
O302281,P200068,5,2025-08-30
O302282,P200225,2,2024-01-09
O302282,P200067,4,2024-02-25
O302283,P200227,1,2025-04-06
O302285,P200071,5,2025-09-13
O302286,P200063,4,2025-09-13
O302288,P200009,5,2025-04-19
O302288,P200116,5,2025-05-18
O302289,P200076,2,2024-04-21
O302291,P200009,5,2025-03-17
O302293,P200094,4,2024-07-11
O302294,P200038,5,2025-04-10
O302295,P200025,2,2024-07-16
O302295,P200125,4,2024-07-24
O302295,P200016,4,2024-07-01
O302298,P200139,5,2024-05-03
O302298,P200145,2,2024-05-05
O302299,P200141,4,2025-07-04
O302300,P200206,2,2024-12-24
O302301,P200211,3,2025-05-02
O302302,P200235,4,2024-08-24
O302302,P200118,3,2024-10-04
O302302,P200190,3,2024-08-22
O302303,P200074,4,2024-12-19
O302303,P200170,5,2025-01-08
O302304,P200121,1,2024-09-20
O302304,P200113,3,2024-10-06
O302305,P200221,4,2025-09-13
O302306,P200025,5,2024-07-06
O302307,P200194,4,2025-06-19
O302308,P200151,3,2024-05-16
O302308,P200200,2,2024-06-28
O302308,P200246,3,2024-06-11
O302309,P200064,4,2024-10-24
O302310,P200020,3,2024-07-20
O302310,P200005,4,2024-07-14
O302311,P200230,3,2025-08-15
O302313,P200174,3,2025-06-16
O302313,P200247,4,2025-06-17
O302313,P200154,5,2025-06-16
O302315,P200038,5,2025-08-05
O302316,P200143,4,2024-02-29
O302316,P200123,5,2024-03-12
O302317,P200196,3,2024-06-06
O302318,P200071,4,2025-02-21
O302318,P200242,4,2025-02-19
O302318,P200156,4,2025-02-05
O302319,P200029,3,2025-08-01
O302320,P200035,2,2024-05-10
O302324,P200173,4,2024-12-01
O302324,P200053,4,2024-12-10
O302324,P200049,5,2024-12-12
O302325,P200008,4,2024-04-22
O302325,P200162,4,2024-05-15
O302326,P200142,3,2025-03-06
O302328,P200199,5,2024-10-03
O302329,P200159,4,2024-11-07
O302330,P200115,2,2024-01-18
O302331,P200095,3,2025-02-03
O302334,P200183,3,2024-05-29
O302334,P200006,2,2024-05-24
O302336,P200184,2,2024-03-22
O302336,P200057,5,2024-05-12
O302337,P200080,4,2024-03-11
O302337,P200038,4,2024-04-03
O302337,P200232,5,2024-03-17
O302337,P200075,4,2024-03-21
O302337,P200100,3,2024-04-02
O302338,P200058,3,2024-10-03
O302340,P200063,2,2025-04-24
O302340,P200117,3,2025-05-08
O302341,P200048,5,2024-12-19
O302341,P200139,4,2024-12-29
O302342,P200143,4,2024-03-29
O302344,P200227,4,2024-03-23
O302344,P200169,4,2024-02-11
O302344,P200108,4,2024-02-18
O302345,P200115,4,2024-08-21
O302345,P200169,3,2024-09-17
O302346,P200157,3,2025-03-12
O302346,P200196,3,2025-03-13
O302348,P200227,4,2024-12-04
O302349,P200120,2,2025-07-15
O302349,P200059,3,2025-06-13
O302350,P200018,4,2024-02-23
O302351,P200198,5,2025-03-29
O302352,P200165,3,2025-03-03
O302352,P200113,1,2025-01-27
O302352,P200239,4,2025-02-05
O302353,P200065,1,2024-07-25
O302353,P200234,3,2024-08-04
O302354,P200180,4,2025-06-22
O302354,P200193,5,2025-06-23
O302354,P200107,5,2025-07-04
O302354,P200102,4,2025-07-19
O302357,P200093,5,2024-04-15
O302361,P200227,4,2024-02-18
O302361,P200135,4,2024-03-15
O302361,P200149,4,2024-01-20
O302361,P200018,4,2024-03-07
O302364,P200091,4,2024-07-23
O302365,P200119,5,2025-09-11
O302366,P200226,5,2025-05-05
O302367,P200177,4,2024-04-06
O302371,P200199,1,2024-04-29
O302372,P200003,4,2024-08-17
O302373,P200115,3,2025-09-27
O302373,P200009,3,2025-09-17
O302373,P200149,4,2025-10-10
O302373,P200014,5,2025-10-01
O302374,P200247,5,2024-12-13
O302374,P200120,4,2024-12-01
O302375,P200147,5,2025-04-16
O302375,P200097,3,2025-05-08
O302375,P200197,4,2025-04-13
O302375,P200041,2,2025-04-12
O302375,P200228,2,2025-05-28
O302376,P200232,3,2024-11-26
O302376,P200048,5,2024-11-22
O302378,P200145,5,2024-02-09
O302379,P200198,4,2024-06-11
O302379,P200209,1,2024-07-24
O302380,P200029,4,2025-01-24
O302381,P200056,3,2024-09-02
O302382,P200064,5,2025-01-06
O302383,P200142,5,2025-02-19
O302383,P200024,4,2025-01-25
O302384,P200229,4,2025-03-03
O302384,P200228,5,2025-03-14
O302385,P200221,5,2025-05-23
O302385,P200201,3,2025-05-08
O302386,P200023,5,2025-04-19
O302386,P200175,4,2025-04-03
O302387,P200008,3,2025-04-10
O302388,P200051,3,2024-04-23
O302388,P200206,3,2024-05-14
O302389,P200151,3,2025-04-08
O302390,P200045,3,2024-09-01
O302391,P200095,2,2025-08-15
O302392,P200246,3,2025-05-21
O302394,P200009,4,2024-10-04
O302394,P200196,4,2024-11-12
O302394,P200071,4,2024-11-09
O302395,P200187,3,2025-09-09
O302395,P200034,2,2025-08-31
O302395,P200227,4,2025-09-15
O302395,P200249,5,2025-10-19
O302396,P200087,4,2024-07-28
O302398,P200240,4,2025-05-10
O302398,P200181,4,2025-04-29
O302399,P200143,4,2024-07-07
O302400,P200019,4,2025-04-16
O302401,P200093,3,2025-03-23
O302403,P200015,5,2025-08-15
O302403,P200197,1,2025-08-11
O302403,P200227,3,2025-07-31
O302403,P200226,5,2025-08-25
O302404,P200196,5,2025-04-25
O302404,P200136,2,2025-06-11
O302405,P200005,4,2024-07-04
O302406,P200085,4,2024-12-04
O302406,P200077,4,2024-12-20
O302406,P200171,5,2025-01-04
O302407,P200008,5,2024-11-22
O302409,P200185,4,2024-07-04
O302409,P200107,4,2024-08-18
O302410,P200229,5,2024-06-07
O302411,P200132,4,2024-06-12
O302411,P200121,1,2024-07-19
O302412,P200093,5,2024-09-11
O302412,P200099,4,2024-08-30
O302412,P200020,5,2024-08-23
O302412,P200021,4,2024-07-26
O302413,P200069,3,2024-06-09
O302414,P200183,4,2024-02-12
O302415,P200045,5,2024-04-08
O302417,P200238,2,2025-02-14
O302417,P200086,3,2025-01-17
O302418,P200248,3,2024-03-19
O302420,P200211,2,2024-05-15
O302421,P200175,4,2024-06-21
O302421,P200208,2,2024-06-17
O302421,P200004,5,2024-07-13
O302421,P200139,3,2024-07-12
O302426,P200035,1,2024-09-13
O302426,P200128,3,2024-10-07
O302427,P200014,4,2025-03-18
O302430,P200183,5,2025-09-06
O302434,P200086,4,2025-07-07
O302435,P200231,5,2024-09-29
O302435,P200017,4,2024-10-16
O302435,P200071,2,2024-10-18
O302436,P200195,5,2025-01-08
O302436,P200181,4,2025-02-07
O302437,P200206,4,2024-03-11
O302440,P200050,4,2024-12-29
O302440,P200171,3,2025-02-04
O302441,P200117,4,2025-07-22
O302442,P200101,3,2025-03-09
O302443,P200145,4,2024-12-09
O302444,P200099,3,2025-03-25
O302444,P200044,4,2025-03-31
O302444,P200050,5,2025-04-06
O302445,P200021,5,2024-07-18
O302445,P200118,2,2024-06-21
O302447,P200123,5,2024-12-04
O302448,P200169,3,2024-05-02
O302448,P200025,4,2024-05-06
O302449,P200162,2,2024-09-16
O302450,P200018,2,2024-08-31
O302451,P200229,5,2025-07-21
O302453,P200090,4,2024-11-26
O302456,P200245,3,2024-10-17
O302458,P200058,5,2024-03-04
O302459,P200026,5,2025-07-14
O302459,P200176,4,2025-08-15
O302460,P200067,3,2024-07-25
O302460,P200002,4,2024-06-16
O302462,P200039,4,2025-08-01
O302462,P200191,3,2025-08-10
O302465,P200072,4,2025-01-17
O302466,P200042,5,2024-10-04
O302467,P200116,5,2024-12-23
O302470,P200144,4,2024-03-25
O302471,P200220,5,2024-02-10
O302472,P200007,4,2024-05-21
O302473,P200152,4,2024-11-28
O302473,P200224,3,2024-12-03
O302474,P200175,3,2024-11-28
O302474,P200169,4,2024-12-22
O302477,P200126,5,2024-07-05
O302477,P200200,4,2024-07-20
O302478,P200203,4,2024-01-15
O302479,P200208,3,2025-03-08
O302479,P200128,5,2025-03-09
O302480,P200047,4,2024-10-16
O302480,P200243,5,2024-10-08
O302481,P200182,5,2024-10-26
O302481,P200114,4,2024-10-22
O302482,P200097,4,2024-03-14
O302483,P200228,2,2025-01-08
O302483,P200109,4,2024-12-22
O302483,P200147,4,2025-01-12
O302484,P200039,3,2025-02-24
O302485,P200076,5,2024-04-11
O302485,P200005,4,2024-03-28
O302486,P200017,5,2025-09-09
O302486,P200024,5,2025-08-19
O302486,P200056,3,2025-08-24
O302487,P200111,1,2024-05-26
O302489,P200051,2,2025-07-17
O302490,P200183,2,2025-09-28
O302490,P200033,3,2025-09-19
O302490,P200224,1,2025-10-03
O302492,P200076,4,2024-04-25
O302493,P200184,4,2025-08-02
O302493,P200143,5,2025-08-05
O302494,P200134,5,2024-06-10
O302494,P200057,1,2024-06-04
O302495,P200196,5,2024-05-18
O302495,P200194,4,2024-04-25
O302495,P200220,4,2024-04-26
O302496,P200184,3,2024-12-20
O302498,P200244,4,2025-07-05
O302499,P200148,3,2024-05-22
O302501,P200049,4,2024-12-14
O302501,P200012,4,2024-11-22
O302502,P200127,3,2024-05-29
O302506,P200124,3,2025-04-24
O302509,P200151,5,2024-05-13
O302509,P200239,3,2024-05-18
O302510,P200007,5,2025-07-16
O302512,P200122,4,2025-09-10
O302512,P200134,5,2025-09-11
O302513,P200235,4,2024-05-21
O302515,P200006,5,2025-05-27
O302515,P200038,2,2025-05-19
O302515,P200178,2,2025-06-14
O302517,P200071,3,2024-08-08
O302517,P200117,5,2024-07-29
O302518,P200249,5,2025-01-22
O302518,P200025,3,2025-01-01
O302521,P200013,1,2025-09-25
O302521,P200053,5,2025-09-12
O302522,P200205,5,2024-03-17
O302523,P200179,3,2024-12-31
O302526,P200145,1,2025-07-16
O302526,P200085,5,2025-06-20
O302526,P200210,4,2025-07-12
O302527,P200015,3,2024-12-05
O302527,P200057,5,2024-11-28
O302527,P200003,5,2024-11-13
O302529,P200209,3,2024-11-27
O302533,P200015,4,2024-09-07
O302534,P200040,4,2025-06-01
O302534,P200012,4,2025-06-20
O302535,P200196,4,2024-07-12
O302535,P200210,2,2024-07-16
O302536,P200161,4,2025-10-01
O302536,P200069,4,2025-10-09
O302537,P200232,4,2025-06-17
O302537,P200235,3,2025-07-03
O302539,P200099,5,2024-12-03
O302540,P200124,4,2025-09-07
O302541,P200221,5,2024-12-31
O302541,P200130,4,2025-01-29
O302543,P200128,5,2025-07-07
O302545,P200128,2,2025-07-23
O302546,P200062,5,2024-02-14
O302546,P200102,5,2024-01-30
O302551,P200056,4,2024-09-16
O302552,P200184,2,2024-09-08
O302553,P200202,5,2024-06-06
O302554,P200105,4,2025-10-16
O302555,P200193,4,2024-08-07
O302556,P200021,4,2024-05-12
O302556,P200153,3,2024-03-29
O302557,P200206,2,2024-09-27
O302558,P200230,5,2025-02-11
O302559,P200034,3,2024-04-07
O302560,P200132,4,2025-07-06
O302562,P200199,4,2024-11-17
O302562,P200032,5,2024-10-30
O302563,P200247,3,2025-02-12
O302564,P200183,5,2025-07-24
O302565,P200232,2,2025-06-20
O302566,P200094,5,2025-09-23
O302566,P200044,5,2025-09-14
O302568,P200045,5,2025-01-18
O302569,P200055,1,2024-08-15
O302569,P200040,4,2024-09-14
O302569,P200078,5,2024-09-05
O302569,P200156,5,2024-09-23
O302570,P200002,5,2025-01-19
O302570,P200246,5,2025-01-22
O302571,P200172,5,2024-06-02
O302572,P200216,2,2024-10-11
O302572,P200191,3,2024-08-25
O302573,P200074,5,2024-02-08
O302575,P200048,5,2024-09-30
O302575,P200137,3,2024-10-09
O302575,P200093,5,2024-09-25
O302577,P200132,3,2024-08-06
O302578,P200119,4,2024-12-16
O302579,P200137,4,2025-05-06
O302580,P200030,5,2025-06-28
O302580,P200087,4,2025-06-28
O302581,P200233,3,2025-09-23
O302582,P200201,5,2025-08-26
O302584,P200119,5,2025-08-09
O302585,P200051,4,2025-06-10
O302586,P200194,5,2024-02-27
O302587,P200136,1,2025-09-26
O302587,P200179,4,2025-09-10
O302588,P200133,4,2025-04-17
O302589,P200233,5,2025-03-26
O302589,P200200,3,2025-05-08
O302590,P200108,1,2024-06-01
O302591,P200189,4,2024-03-02
O302592,P200110,4,2025-05-18
O302593,P200015,4,2024-04-04
O302594,P200128,5,2024-12-05
O302594,P200182,5,2024-12-03
O302595,P200164,5,2024-10-16
O302596,P200226,3,2024-03-25
O302597,P200209,5,2024-03-04
O302599,P200096,4,2024-06-23
O302600,P200181,5,2024-04-03
O302600,P200025,4,2024-04-18
O302603,P200185,2,2025-04-23
O302604,P200010,4,2024-11-27
O302605,P200195,2,2025-01-09
O302605,P200099,5,2024-11-14
O302606,P200025,4,2024-09-12
O302606,P200120,4,2024-10-13
O302607,P200005,2,2025-03-17
O302608,P200119,3,2024-07-01
O302608,P200148,3,2024-05-29
O302608,P200246,1,2024-07-12
O302608,P200075,2,2024-06-07
O302609,P200076,4,2025-06-05
O302609,P200042,1,2025-07-07
O302610,P200173,4,2024-03-03
O302610,P200180,4,2024-02-13
O302610,P200166,3,2024-03-23
O302611,P200088,5,2025-06-10
O302614,P200169,4,2024-10-10
O302614,P200081,5,2024-09-12
O302614,P200079,3,2024-09-25
O302615,P200213,1,2024-05-21
O302615,P200237,2,2024-05-05
O302615,P200210,3,2024-05-22
O302616,P200051,3,2025-03-01
O302617,P200064,3,2024-06-08
O302617,P200007,3,2024-04-30
O302619,P200136,2,2024-03-10
O302619,P200138,5,2024-02-14
O302622,P200161,3,2024-10-18
O302622,P200033,5,2024-09-26
O302622,P200134,5,2024-09-14
O302622,P200167,5,2024-10-16
O302623,P200227,4,2024-09-01
O302624,P200038,3,2025-06-18
O302625,P200168,5,2024-01-13
O302625,P200199,5,2024-01-10
O302625,P200008,5,2024-03-01
O302626,P200216,4,2025-04-13
O302628,P200141,3,2025-04-12
O302628,P200139,4,2025-03-02
O302629,P200028,3,2024-10-11
O302630,P200174,3,2025-06-21
O302631,P200223,4,2025-08-25
O302632,P200020,4,2024-07-23
O302633,P200213,4,2025-05-03
O302635,P200054,4,2025-04-08
O302635,P200140,1,2025-04-03
O302636,P200091,4,2025-02-04
O302637,P200151,3,2024-04-19
O302639,P200101,4,2025-01-04
O302640,P200022,4,2025-02-13
O302642,P200068,4,2025-06-30
O302642,P200168,5,2025-07-09
O302643,P200121,5,2024-03-08
O302643,P200158,5,2024-02-28
O302644,P200114,4,2024-02-04
O302644,P200030,5,2024-02-15
O302645,P200121,4,2025-03-02
O302646,P200204,1,2024-09-12
O302647,P200153,4,2025-01-04
O302647,P200188,4,2025-01-01
O302648,P200100,5,2024-03-18
O302650,P200040,4,2024-11-27
O302650,P200242,3,2024-11-25
O302652,P200171,4,2024-04-05
O302653,P200218,4,2025-08-01
O302654,P200134,4,2024-08-05
O302655,P200064,3,2024-05-22
O302655,P200077,3,2024-05-18
O302656,P200057,5,2024-09-10
O302657,P200116,4,2025-03-06
O302658,P200030,5,2024-08-15
O302659,P200049,5,2024-08-19
O302660,P200192,5,2024-12-17
O302660,P200041,4,2024-11-19
O302661,P200088,3,2024-06-15
O302661,P200149,5,2024-06-16
O302662,P200081,4,2025-10-02
O302664,P200051,3,2025-02-10
O302666,P200249,5,2024-02-29
O302666,P200023,4,2024-01-27
O302672,P200179,5,2024-03-06
O302672,P200200,4,2024-04-06
O302672,P200248,4,2024-03-19
O302673,P200014,4,2024-07-11
O302673,P200154,3,2024-06-22
O302674,P200107,5,2025-07-11
O302674,P200074,4,2025-07-07
O302675,P200009,4,2024-11-15
O302677,P200183,3,2025-06-15
O302677,P200118,5,2025-06-14
O302677,P200116,5,2025-06-04
O302678,P200247,3,2024-09-18
O302680,P200008,4,2024-06-05
O302681,P200027,3,2024-06-17
O302684,P200205,3,2025-08-17
O302685,P200179,3,2025-01-04
O302687,P200122,3,2025-09-25
O302687,P200144,4,2025-10-11
O302689,P200142,3,2025-06-20
O302689,P200239,3,2025-06-11
O302690,P200157,4,2025-06-08
O302690,P200068,5,2025-06-14
O302690,P200001,4,2025-06-27
O302691,P200196,1,2025-03-30
O302694,P200153,4,2024-02-27
O302694,P200127,5,2024-03-03
O302695,P200148,4,2024-08-10
O302695,P200091,5,2024-07-26
O302696,P200142,1,2025-03-07
O302697,P200069,3,2025-08-02
O302698,P200228,4,2024-10-13
O302698,P200151,4,2024-10-19
O302699,P200053,3,2024-08-26
O302699,P200068,5,2024-07-17
O302700,P200118,4,2024-02-03
O302701,P200069,5,2025-03-12
O302701,P200100,5,2025-01-30
O302702,P200225,1,2025-01-12
O302703,P200207,5,2025-09-26
O302703,P200248,5,2025-09-21
O302704,P200230,5,2025-01-20
O302705,P200178,3,2024-11-24
O302706,P200133,3,2024-02-23
O302707,P200062,4,2024-10-05
O302707,P200128,3,2024-11-02
O302708,P200210,5,2025-04-22
O302709,P200166,5,2024-10-17
O302712,P200070,5,2025-03-26
O302713,P200247,3,2025-01-13
O302713,P200116,4,2025-01-15
O302714,P200091,3,2025-07-01
O302715,P200086,3,2025-03-30
O302718,P200057,3,2024-03-13
O302718,P200036,4,2024-02-22
O302718,P200240,3,2024-03-09
O302720,P200151,1,2025-02-28
O302723,P200025,3,2025-01-24
O302724,P200055,2,2024-11-21
O302724,P200100,1,2024-12-18
O302724,P200018,4,2024-11-14
O302725,P200053,4,2025-05-26
O302725,P200019,5,2025-06-24
O302725,P200012,3,2025-06-22
O302725,P200245,2,2025-05-31
O302726,P200223,5,2024-11-08
O302729,P200025,4,2025-05-14
O302731,P200006,5,2024-01-26
O302732,P200246,4,2025-05-05
O302735,P200128,5,2024-09-01
O302738,P200110,2,2024-07-29
O302741,P200143,5,2025-03-13
O302742,P200098,4,2025-01-13
O302743,P200042,5,2025-06-27
O302745,P200037,1,2024-03-23
O302748,P200027,3,2024-08-23
O302749,P200090,4,2025-05-23
O302750,P200180,1,2024-11-27
O302751,P200191,4,2025-09-20
O302753,P200216,3,2024-01-21
O302755,P200153,4,2025-03-09
O302755,P200090,5,2025-03-16
O302759,P200139,4,2025-03-27
O302759,P200158,5,2025-04-17
O302759,P200037,3,2025-03-29
O302760,P200153,5,2024-08-07
O302760,P200150,4,2024-07-17
O302762,P200144,4,2025-04-01
O302763,P200145,4,2024-01-24
O302763,P200238,4,2024-03-07
O302763,P200118,4,2024-01-26
O302763,P200062,3,2024-01-19
O302764,P200140,4,2024-11-07
O302765,P200123,3,2025-08-28
O302766,P200027,1,2025-09-22
O302768,P200247,2,2025-03-24
O302769,P200239,5,2025-08-23
O302769,P200226,5,2025-09-02
O302770,P200036,5,2024-08-20
O302770,P200152,4,2024-07-14
O302772,P200197,3,2024-11-16
O302773,P200075,5,2024-09-01
O302774,P200125,4,2025-05-25
O302774,P200151,5,2025-05-07
O302774,P200045,4,2025-05-23
O302777,P200140,5,2025-09-24
O302778,P200220,5,2024-06-30
O302778,P200194,4,2024-06-30
O302779,P200239,3,2024-05-12
O302779,P200034,5,2024-04-03
O302780,P200025,4,2025-02-06
O302781,P200093,5,2025-07-23
O302782,P200000,4,2025-07-08
O302782,P200217,2,2025-06-15
O302783,P200122,4,2025-03-01
O302785,P200125,4,2024-12-19
O302786,P200085,5,2025-03-04
O302786,P200225,5,2025-01-30
O302790,P200101,3,2025-10-06
O302793,P200138,4,2024-05-09
O302794,P200214,4,2025-09-07
O302794,P200156,4,2025-08-08
O302795,P200162,4,2024-11-18
O302795,P200093,4,2024-10-30
O302798,P200088,5,2024-01-18
O302799,P200243,5,2024-05-13
O302799,P200242,1,2024-04-23
O302801,P200198,1,2024-12-29
O302803,P200233,4,2024-05-28
O302805,P200217,5,2025-08-28
O302806,P200038,5,2025-07-27
O302806,P200069,3,2025-08-04
O302807,P200005,4,2025-03-15
O302807,P200082,5,2025-02-28
O302807,P200130,3,2025-01-27
O302808,P200089,2,2025-07-24
O302809,P200201,5,2024-08-04
O302812,P200241,3,2024-03-02
O302812,P200191,5,2024-01-08
O302813,P200199,3,2025-08-04
O302813,P200182,4,2025-06-25
O302814,P200141,5,2024-04-19
O302816,P200159,3,2024-02-21
O302817,P200038,4,2025-03-30
O302817,P200234,4,2025-03-21
O302819,P200016,4,2024-07-07
O302819,P200003,4,2024-07-09
O302820,P200064,4,2024-01-28
O302821,P200156,4,2024-04-22
O302822,P200189,3,2024-08-17
O302823,P200058,4,2025-08-12
O302826,P200153,3,2025-04-29
O302828,P200185,3,2025-08-17
O302828,P200249,2,2025-08-07
O302829,P200134,5,2025-07-29
O302829,P200055,4,2025-07-06
O302830,P200191,3,2025-09-01
O302830,P200077,4,2025-09-23
O302832,P200228,4,2024-06-24
O302832,P200189,4,2024-06-04
O302834,P200221,4,2025-01-03
O302834,P200088,3,2025-02-15
O302835,P200096,5,2025-08-14
O302835,P200193,1,2025-06-21
O302838,P200143,3,2025-09-04
O302838,P200195,4,2025-08-31
O302841,P200222,4,2025-06-19
O302841,P200203,4,2025-06-10
O302841,P200087,4,2025-05-26
O302841,P200126,5,2025-06-01
O302844,P200220,2,2025-03-14
O302847,P200242,2,2024-11-14
O302848,P200092,3,2024-12-16
O302850,P200233,4,2024-06-28
O302851,P200160,5,2025-04-21
O302855,P200050,1,2024-12-18
O302857,P200226,4,2025-06-27
O302857,P200227,3,2025-06-02
O302858,P200085,4,2025-05-20
O302860,P200124,4,2025-07-12
O302861,P200087,3,2025-04-23
O302862,P200050,3,2024-04-11
O302862,P200064,5,2024-04-16
O302863,P200030,5,2024-08-08
O302863,P200199,3,2024-09-27
O302864,P200026,4,2024-11-06
O302866,P200129,4,2025-01-26
O302867,P200077,4,2025-07-03
O302868,P200145,5,2025-04-14
O302870,P200007,4,2024-07-04
O302872,P200237,5,2025-01-16
O302873,P200127,4,2025-06-08
O302873,P200029,2,2025-07-04
O302875,P200008,3,2024-04-27
O302875,P200148,4,2024-04-09
O302875,P200070,4,2024-03-19
O302876,P200068,4,2025-10-10
O302877,P200104,5,2024-11-05
O302877,P200194,4,2024-10-27
O302878,P200151,5,2025-04-22
O302879,P200179,1,2024-07-08
O302880,P200004,5,2024-10-03
O302881,P200168,4,2025-01-17
O302882,P200150,5,2025-06-29
O302884,P200212,4,2024-07-03
O302885,P200087,3,2024-12-23
O302885,P200021,4,2024-11-17
O302885,P200152,2,2024-12-30
O302886,P200020,1,2024-07-11
O302886,P200037,3,2024-07-12
O302888,P200083,4,2024-10-16
O302890,P200003,3,2024-05-03
O302891,P200106,5,2024-10-29
O302891,P200067,1,2024-11-30
O302892,P200088,5,2025-02-13
O302893,P200040,4,2025-03-01
O302894,P200063,5,2025-03-10
O302896,P200087,5,2024-08-19
O302897,P200103,4,2025-07-05
O302897,P200063,4,2025-08-19
O302901,P200092,4,2024-03-16
O302902,P200149,5,2025-07-17
O302904,P200224,2,2025-07-08
O302905,P200113,4,2024-07-14
O302905,P200219,4,2024-06-13
O302906,P200205,5,2025-08-12
O302907,P200207,2,2024-12-12
O302908,P200102,4,2024-06-10
O302910,P200124,3,2024-10-27
O302910,P200010,5,2024-09-30
O302911,P200218,2,2024-12-10
O302912,P200099,5,2024-07-10
O302912,P200169,1,2024-06-24
O302915,P200063,5,2024-12-11
O302916,P200212,4,2025-04-26
O302917,P200243,5,2025-01-13
O302918,P200037,1,2024-12-16
O302919,P200209,5,2024-11-09
O302920,P200189,4,2024-09-06
O302921,P200221,2,2024-03-05
O302922,P200219,5,2025-07-04
O302923,P200224,3,2024-11-15
O302925,P200238,3,2025-03-25
O302926,P200154,2,2025-09-10
O302927,P200149,4,2024-11-15
O302927,P200004,4,2024-11-21
O302929,P200024,3,2024-03-26
O302929,P200034,4,2024-02-24
O302929,P200065,5,2024-02-25
O302929,P200020,4,2024-02-13
O302930,P200203,5,2024-10-04
O302930,P200219,2,2024-10-24
O302931,P200069,5,2024-02-29
O302933,P200182,5,2024-09-26
O302936,P200229,4,2024-12-12
O302936,P200218,2,2024-10-21
O302936,P200188,4,2024-11-01
O302937,P200096,3,2024-07-18
O302938,P200109,2,2025-04-01
O302939,P200105,4,2024-12-23
O302941,P200151,4,2024-09-21
O302942,P200070,5,2024-10-30
O302942,P200208,3,2024-11-09
O302943,P200217,5,2025-02-13
O302943,P200087,4,2025-02-09
O302945,P200157,4,2024-02-04
O302946,P200029,3,2024-07-25
O302947,P200134,5,2025-05-03
O302947,P200045,4,2025-04-28
O302947,P200025,3,2025-04-04
O302948,P200097,4,2025-01-20
O302951,P200241,4,2025-08-05
O302953,P200147,5,2025-08-04
O302953,P200246,5,2025-07-30
O302956,P200005,4,2025-02-23
O302956,P200236,4,2025-03-21
O302956,P200001,4,2025-04-02
O302957,P200249,3,2025-02-24
O302958,P200244,5,2025-03-23
O302958,P200013,4,2025-03-04
O302958,P200239,4,2025-03-31
O302959,P200081,1,2024-09-19
O302961,P200079,2,2025-01-12
O302962,P200111,3,2025-10-01
O302963,P200038,4,2025-01-11
O302963,P200200,4,2025-01-20
O302963,P200066,5,2024-12-27
O302965,P200095,5,2024-11-10
O302966,P200200,4,2024-06-20
O302966,P200118,1,2024-07-17
O302969,P200245,4,2025-02-22
O302971,P200186,5,2025-08-10
O302972,P200005,4,2024-01-12
O302974,P200241,4,2024-10-03
O302975,P200097,1,2024-11-19
O302976,P200037,3,2024-11-12
O302976,P200115,4,2024-11-10
O302977,P200020,5,2024-10-21
O302980,P200191,5,2025-03-06
O302980,P200095,5,2025-02-21
O302981,P200235,5,2025-04-22
O302982,P200072,4,2024-07-08
O302982,P200234,4,2024-08-04
O302983,P200105,4,2024-07-15
O302984,P200225,5,2025-08-24
O302984,P200230,4,2025-07-24
O302986,P200004,4,2024-08-31
O302986,P200001,5,2024-10-11
O302986,P200118,3,2024-10-08
O302987,P200119,4,2025-03-19
O302988,P200233,2,2024-03-04
O302988,P200070,3,2024-02-26
O302988,P200193,5,2024-02-03
O302989,P200246,3,2024-06-16
O302990,P200159,5,2024-02-24
O302992,P200247,4,2025-08-08
O302993,P200178,4,2024-03-27
O302994,P200037,5,2024-08-30
O302994,P200243,4,2024-09-13
O302994,P200119,3,2024-09-22
O302995,P200144,4,2024-09-21
O302995,P200141,4,2024-10-02
O302996,P200148,4,2024-06-13
O302996,P200111,5,2024-05-30
O302996,P200249,5,2024-05-13
O302997,P200097,4,2025-08-27
O302998,P200100,3,2025-10-11
O302999,P200174,2,2025-05-16
O302999,P200042,3,2025-05-13
O303002,P200108,5,2024-06-23
O303003,P200158,2,2024-08-20
O303007,P200156,5,2025-07-21
O303010,P200111,4,2025-06-17
O303012,P200106,4,2025-02-05
O303013,P200019,5,2024-07-04
O303013,P200058,3,2024-06-26
O303015,P200026,2,2025-04-24
O303015,P200097,3,2025-03-20
O303016,P200078,5,2024-10-09
O303016,P200209,4,2024-11-05
O303017,P200121,4,2025-07-01
O303017,P200035,5,2025-06-20
O303018,P200075,4,2025-07-03
O303020,P200218,4,2025-03-16
O303022,P200121,5,2024-02-23
O303025,P200002,4,2025-07-20
O303026,P200123,4,2024-03-18
O303030,P200097,4,2024-03-07
O303030,P200106,3,2024-03-29
O303030,P200010,5,2024-03-24
O303031,P200207,1,2024-10-25
O303036,P200007,3,2024-11-13
O303037,P200117,3,2025-03-16
O303037,P200152,5,2025-04-02
O303037,P200031,4,2025-04-07
O303038,P200067,4,2024-11-16
O303040,P200067,3,2024-09-20
O303041,P200051,2,2024-09-29
O303042,P200144,1,2025-09-29
O303043,P200249,3,2025-05-11
O303045,P200210,4,2025-07-03
O303046,P200040,3,2025-07-08
O303046,P200017,5,2025-07-22
O303047,P200126,3,2024-04-24
O303048,P200129,5,2024-12-13
O303051,P200131,5,2024-05-22
O303053,P200095,3,2024-05-14
O303053,P200017,3,2024-04-11
O303053,P200186,5,2024-04-06
O303054,P200101,5,2025-05-29
O303055,P200025,4,2024-05-19
O303056,P200025,4,2025-06-26
O303057,P200186,1,2024-07-12
O303057,P200120,5,2024-06-17
O303059,P200087,3,2025-09-21
O303060,P200118,3,2024-08-06
O303061,P200194,3,2024-10-15
O303062,P200069,4,2024-10-09
O303064,P200007,4,2025-05-09
O303066,P200145,5,2024-04-11
O303066,P200149,2,2024-03-12
O303066,P200075,4,2024-04-19
O303067,P200222,5,2024-09-10
O303067,P200003,5,2024-09-21
O303069,P200071,3,2024-05-22
O303070,P200053,4,2025-01-11
O303071,P200040,5,2025-08-13
O303072,P200123,5,2025-01-28
O303074,P200117,5,2024-10-06
O303075,P200102,5,2025-07-04
O303075,P200165,2,2025-06-27
O303076,P200129,3,2024-06-18
O303078,P200000,5,2025-08-25
O303078,P200069,5,2025-08-11
O303078,P200017,2,2025-07-17
O303079,P200011,5,2024-09-17
O303081,P200019,3,2024-11-14
O303082,P200232,5,2024-08-29
O303082,P200099,2,2024-09-27
O303083,P200080,4,2025-09-24
O303083,P200083,5,2025-08-21
O303084,P200242,4,2025-05-18
O303085,P200108,2,2024-05-30
O303086,P200127,2,2025-07-26
O303087,P200176,4,2024-02-10
O303088,P200073,5,2024-09-19
O303090,P200164,5,2025-08-13
O303091,P200177,4,2025-04-28
O303091,P200183,3,2025-04-28
O303094,P200021,2,2024-11-13
O303095,P200249,4,2025-04-09
O303095,P200188,4,2025-05-10
O303100,P200078,3,2025-02-16
O303100,P200133,5,2025-03-04
O303101,P200122,4,2025-04-10
O303105,P200132,5,2025-01-27
O303105,P200040,4,2025-01-10
O303106,P200117,3,2025-03-10
O303106,P200086,5,2025-03-13
O303109,P200116,4,2024-11-05
O303109,P200012,4,2024-10-19
O303110,P200071,4,2025-06-13
O303111,P200000,5,2024-08-05
O303111,P200220,5,2024-07-18
O303114,P200163,3,2024-08-01
O303115,P200057,5,2025-03-17
O303116,P200136,2,2025-08-05
O303117,P200066,4,2025-02-07
O303117,P200062,5,2025-01-31
O303118,P200105,4,2024-04-08
O303120,P200086,1,2025-04-12
O303120,P200186,4,2025-04-08
O303121,P200165,5,2025-06-19
O303122,P200086,3,2024-11-25
O303122,P200007,3,2024-10-06
O303122,P200135,5,2024-11-15
O303123,P200008,3,2025-09-18
O303127,P200104,3,2025-05-30
O303128,P200033,4,2025-08-26
O303128,P200208,4,2025-08-28
O303128,P200163,1,2025-09-08
O303129,P200162,4,2025-03-02
O303129,P200203,2,2025-03-06
O303130,P200133,5,2025-04-18
O303130,P200117,5,2025-03-24
O303130,P200072,5,2025-03-07
O303131,P200073,5,2025-07-02
O303132,P200020,3,2025-04-30
O303133,P200044,2,2025-06-27
O303133,P200181,4,2025-07-22
O303135,P200219,4,2024-07-02
O303135,P200131,5,2024-06-01
O303137,P200204,3,2024-11-01
O303137,P200157,5,2024-11-17
O303138,P200221,2,2024-04-22
O303140,P200241,3,2024-07-07
O303141,P200246,4,2024-05-22
O303142,P200017,4,2024-01-26
O303142,P200229,5,2024-02-08
O303147,P200042,4,2024-11-06
O303149,P200241,5,2024-08-13
O303152,P200089,5,2024-10-16
O303153,P200088,4,2024-07-28
O303154,P200118,4,2024-11-17
O303157,P200014,1,2025-01-25
O303157,P200035,5,2025-01-28
O303158,P200233,5,2024-11-13
O303162,P200125,3,2024-02-22
O303164,P200094,5,2025-08-03
O303165,P200141,5,2025-06-21
O303166,P200228,4,2025-05-03
O303168,P200135,4,2025-06-09
O303168,P200029,5,2025-05-29
O303169,P200222,5,2024-06-25
O303170,P200008,4,2024-07-26
O303170,P200077,1,2024-06-25
O303171,P200083,5,2025-07-12
O303174,P200177,3,2024-12-02
O303174,P200117,4,2024-10-26
O303175,P200042,4,2025-02-27
O303175,P200081,4,2025-01-18
O303176,P200148,2,2024-05-17
O303176,P200143,4,2024-05-02
O303179,P200111,4,2024-12-18
O303180,P200168,5,2024-10-15
O303180,P200106,2,2024-10-05
O303181,P200015,5,2024-10-31
O303181,P200110,4,2024-10-29
O303181,P200163,3,2024-10-15
O303182,P200200,3,2024-08-10
O303183,P200152,1,2024-03-28
O303184,P200154,4,2024-09-11
O303185,P200098,5,2024-06-26
O303185,P200195,5,2024-06-15
O303185,P200038,3,2024-06-22
O303186,P200046,4,2024-11-09
O303187,P200180,3,2025-02-11
O303192,P200011,2,2025-09-23
O303192,P200020,3,2025-09-15
O303192,P200152,5,2025-09-27
O303193,P200118,4,2024-12-28
O303193,P200142,3,2024-12-16
O303193,P200135,3,2024-12-17
O303194,P200192,5,2025-01-09
O303194,P200044,2,2024-12-27
O303195,P200149,3,2024-10-10
O303195,P200070,4,2024-10-17
O303200,P200080,5,2024-07-24
O303200,P200178,5,2024-08-11
O303201,P200146,2,2025-02-22
O303202,P200031,4,2025-09-02
O303202,P200188,5,2025-09-02
O303207,P200127,4,2025-03-08
O303208,P200221,4,2024-08-26
O303209,P200093,5,2024-05-29
O303210,P200209,5,2024-04-26
O303210,P200071,4,2024-05-04
O303211,P200118,3,2024-05-20
O303211,P200060,3,2024-06-18
O303211,P200164,3,2024-05-25
O303212,P200003,4,2025-03-23
O303212,P200088,4,2025-03-24
O303212,P200064,4,2025-03-11
O303213,P200096,3,2025-09-11
O303214,P200150,4,2025-01-11
O303215,P200204,4,2024-05-01
O303216,P200055,5,2024-08-20
O303216,P200090,3,2024-07-18
O303218,P200059,3,2024-09-07
O303218,P200125,5,2024-08-07
O303219,P200240,2,2024-09-17
O303221,P200228,4,2024-01-08
O303221,P200138,5,2024-02-21
O303221,P200054,4,2024-02-03
O303222,P200247,4,2024-05-31
O303226,P200182,3,2024-11-11
O303228,P200201,5,2025-03-26
O303228,P200188,5,2025-05-12
O303229,P200145,4,2024-05-30
O303230,P200149,5,2025-02-02
O303231,P200019,1,2024-05-06
O303231,P200187,5,2024-04-01
O303233,P200003,5,2025-06-09
O303234,P200066,5,2024-07-17
O303234,P200152,2,2024-07-04
O303235,P200191,4,2024-06-19
O303236,P200183,2,2024-03-06
O303238,P200000,2,2025-08-18
O303238,P200064,2,2025-09-03
O303238,P200075,2,2025-10-03
O303239,P200226,4,2025-02-28
O303240,P200203,5,2025-06-19
O303240,P200014,3,2025-05-15
O303241,P200198,1,2024-07-08
O303242,P200179,4,2025-01-15
O303243,P200088,4,2024-05-11
O303244,P200238,4,2025-05-18
O303245,P200055,4,2025-08-01
O303246,P200244,5,2025-05-13
O303247,P200207,3,2025-08-10
O303249,P200003,4,2024-04-29
O303250,P200100,5,2024-09-25
O303250,P200078,4,2024-09-12
O303250,P200165,1,2024-09-03
O303251,P200190,4,2024-01-25
O303253,P200182,5,2024-05-15
O303255,P200120,3,2024-08-16
O303256,P200152,4,2025-09-15
O303256,P200235,2,2025-08-04
O303256,P200023,4,2025-08-13
O303258,P200223,4,2025-09-08
O303258,P200055,5,2025-09-14
O303259,P200134,1,2024-07-17
O303261,P200112,5,2024-01-28
O303263,P200060,4,2025-03-22
O303268,P200172,4,2024-03-10
O303268,P200070,5,2024-03-08
O303271,P200047,1,2025-04-08
O303271,P200088,3,2025-03-21
O303271,P200034,3,2025-04-19
O303271,P200046,3,2025-03-22
O303272,P200170,2,2025-03-04
O303272,P200230,5,2025-01-26
O303274,P200031,3,2024-07-15
O303274,P200134,2,2024-08-21
O303275,P200200,5,2025-07-23
O303275,P200048,4,2025-08-13
O303275,P200184,3,2025-08-20
O303275,P200065,5,2025-08-01
O303276,P200134,5,2025-03-18
O303276,P200062,4,2025-02-09
O303276,P200071,4,2025-02-21
O303277,P200099,2,2025-05-02
O303277,P200013,4,2025-06-19
O303280,P200163,4,2025-03-09
O303280,P200172,4,2025-01-19
O303282,P200163,4,2024-04-04
O303283,P200247,4,2025-03-15
O303283,P200156,4,2025-03-08
O303284,P200167,2,2025-01-17
O303284,P200180,3,2024-11-22
O303284,P200212,4,2024-11-24
O303285,P200219,5,2024-12-01
O303286,P200075,5,2025-02-09
O303289,P200168,4,2024-09-25
O303290,P200103,4,2024-12-04
O303291,P200065,4,2025-04-18
O303291,P200103,3,2025-04-30
O303291,P200067,4,2025-05-13
O303291,P200236,4,2025-04-20
O303292,P200249,5,2025-01-15
O303294,P200089,3,2025-09-22
O303295,P200143,3,2024-06-06
O303296,P200200,2,2025-03-10
O303296,P200119,3,2025-03-07
O303296,P200124,4,2025-03-05
O303297,P200216,5,2024-05-13
O303298,P200171,3,2025-05-23
O303299,P200128,1,2025-01-03
O303301,P200124,3,2025-06-26
O303301,P200203,4,2025-07-22
O303302,P200141,5,2024-10-21
O303303,P200024,4,2025-01-23
O303303,P200124,5,2025-01-20
O303304,P200241,4,2025-09-20
O303304,P200078,5,2025-09-19
O303305,P200044,4,2024-05-26
O303307,P200237,4,2024-07-30
O303308,P200141,5,2024-09-13
O303308,P200054,4,2024-09-17
O303310,P200080,3,2024-11-11
O303313,P200026,5,2025-01-21
O303313,P200234,4,2025-03-01
O303314,P200211,5,2024-11-05
O303314,P200229,4,2024-10-19
O303315,P200172,5,2025-06-09
O303315,P200057,5,2025-06-25
O303316,P200180,4,2024-05-04
O303318,P200010,5,2024-06-11
O303319,P200179,5,2025-05-23
O303320,P200037,5,2024-07-06
O303320,P200052,4,2024-06-25
O303321,P200238,5,2025-10-03
O303323,P200038,5,2025-06-17
O303324,P200128,4,2024-03-20
O303327,P200046,1,2025-03-16
O303329,P200091,1,2024-12-15
O303331,P200111,5,2025-03-13
O303333,P200031,1,2025-09-12
O303334,P200185,4,2025-02-23
O303335,P200009,5,2025-04-12
O303336,P200112,4,2024-08-28
O303336,P200071,3,2024-08-13
O303338,P200002,5,2024-11-10
O303341,P200006,4,2025-07-07
O303342,P200084,3,2024-10-11
O303342,P200152,4,2024-10-16
O303342,P200233,5,2024-10-29
O303343,P200169,4,2024-10-18
O303343,P200127,4,2024-10-09
O303345,P200107,1,2025-09-14
O303349,P200117,4,2025-07-04
O303349,P200069,4,2025-08-21
O303350,P200115,3,2025-03-08
O303352,P200155,5,2024-07-08
O303352,P200099,1,2024-07-12
O303353,P200202,3,2025-07-23
O303355,P200101,1,2025-03-16
O303355,P200103,3,2025-04-02
O303356,P200202,3,2025-09-05
O303359,P200106,4,2024-02-04
O303359,P200031,5,2024-03-15
O303360,P200196,3,2024-08-25
O303360,P200209,3,2024-07-31
O303361,P200235,3,2025-01-19
O303361,P200004,2,2025-02-02
O303363,P200222,2,2024-03-21
O303363,P200141,3,2024-05-06
O303364,P200034,3,2025-07-01
O303365,P200239,2,2024-11-03
O303368,P200045,5,2025-04-18
O303369,P200230,2,2025-04-14
O303370,P200200,5,2024-06-20
O303370,P200177,3,2024-06-03
O303371,P200010,4,2025-08-15
O303373,P200147,1,2024-11-25
O303374,P200038,1,2025-06-23
O303376,P200224,3,2025-03-10
O303377,P200128,5,2024-08-10
O303377,P200126,5,2024-06-30
O303377,P200040,4,2024-07-23
O303378,P200146,4,2024-03-12
O303379,P200019,4,2025-08-27
O303379,P200041,5,2025-08-03
O303381,P200099,4,2025-07-13
O303382,P200120,3,2025-01-30
O303382,P200100,5,2025-01-28
O303383,P200116,5,2024-04-12
O303383,P200065,5,2024-04-27
O303384,P200099,5,2025-06-23
O303389,P200122,2,2024-05-01
O303393,P200216,4,2024-03-03
O303394,P200223,4,2025-01-24
O303395,P200064,5,2025-08-31
O303397,P200026,2,2024-06-03
O303400,P200046,4,2024-08-24
O303401,P200152,5,2025-06-09
O303403,P200054,2,2025-07-18
O303403,P200206,5,2025-08-30
O303403,P200192,5,2025-08-25
O303403,P200089,2,2025-07-13
O303404,P200017,4,2024-08-18
O303404,P200042,4,2024-09-03
O303405,P200161,2,2025-04-02
O303406,P200050,5,2024-11-02
O303408,P200175,4,2024-07-09
O303409,P200176,4,2024-04-30
O303411,P200079,4,2025-06-10
O303412,P200132,3,2024-05-10
O303412,P200016,4,2024-06-05
O303413,P200181,3,2024-06-30
O303414,P200068,5,2025-08-02
O303414,P200098,5,2025-07-03
O303415,P200097,5,2025-05-01
O303415,P200221,3,2025-05-16
O303415,P200075,4,2025-05-07
O303416,P200084,5,2024-06-04
O303417,P200131,4,2025-05-26
O303417,P200019,3,2025-05-23
O303417,P200008,3,2025-05-12
O303418,P200075,2,2025-09-08
O303418,P200143,2,2025-09-04
O303420,P200006,3,2025-08-16
O303420,P200030,4,2025-07-14
O303421,P200228,4,2025-03-22
O303422,P200071,4,2024-02-17
O303425,P200126,4,2025-06-23
O303425,P200235,5,2025-06-25
O303425,P200195,5,2025-05-24
O303427,P200048,4,2025-06-26
O303427,P200158,4,2025-06-10
O303428,P200057,5,2025-01-01
O303429,P200242,3,2025-01-28
O303430,P200062,4,2024-08-04
O303430,P200079,4,2024-08-05
O303430,P200228,4,2024-08-26
O303431,P200183,4,2024-09-12
O303432,P200117,1,2024-12-29
O303432,P200150,4,2025-02-09
O303432,P200035,5,2024-12-15
O303433,P200055,5,2024-09-24
O303433,P200014,4,2024-10-01
O303438,P200153,5,2025-04-10
O303438,P200035,5,2025-04-29
O303439,P200146,3,2025-07-05
O303440,P200123,4,2024-05-18
O303440,P200138,5,2024-04-22
O303442,P200152,4,2024-12-25
O303442,P200065,5,2024-12-23
O303442,P200055,4,2024-11-26
O303443,P200085,1,2024-06-24
O303443,P200140,1,2024-07-09
O303444,P200205,5,2025-03-05
O303444,P200137,3,2025-01-13
O303445,P200076,4,2024-08-17
O303447,P200209,3,2024-08-27
O303447,P200085,3,2024-09-07
O303448,P200000,3,2025-06-27
O303449,P200017,4,2025-07-05
O303450,P200245,3,2025-04-26
O303451,P200181,5,2025-06-22
O303454,P200042,5,2024-07-20
O303454,P200082,2,2024-07-03
O303456,P200084,3,2025-04-22
O303456,P200059,2,2025-05-06
O303457,P200101,4,2024-12-09
O303459,P200114,4,2025-07-31
O303460,P200033,2,2024-11-24
O303461,P200129,4,2024-05-12
O303462,P200109,4,2025-05-24
O303462,P200146,4,2025-06-11
O303463,P200015,5,2024-08-12
O303463,P200056,1,2024-09-29
O303466,P200060,5,2024-06-15
O303466,P200194,2,2024-06-15
O303468,P200025,4,2024-10-11
O303469,P200108,5,2025-03-16
O303471,P200181,5,2025-07-09
O303471,P200175,5,2025-08-11
O303472,P200094,4,2024-08-25
O303473,P200087,4,2025-05-04
O303476,P200042,3,2024-04-02
O303476,P200181,4,2024-03-30
O303476,P200230,3,2024-03-16
O303477,P200140,5,2025-03-04
O303479,P200058,1,2024-08-22
O303479,P200176,4,2024-09-11
O303479,P200228,5,2024-09-09
O303480,P200037,1,2024-07-17
O303481,P200084,4,2024-02-18
O303482,P200051,4,2024-12-14
O303482,P200106,2,2024-12-15
O303482,P200091,5,2024-12-23
O303483,P200170,4,2024-04-30
O303484,P200045,4,2024-06-26
O303484,P200230,2,2024-06-30
O303486,P200018,4,2025-04-17
O303486,P200218,2,2025-03-11
O303486,P200202,5,2025-03-15
O303488,P200000,5,2025-05-12
O303488,P200130,3,2025-05-14
O303490,P200077,2,2025-05-24
O303494,P200014,5,2025-06-18
O303498,P200046,4,2025-06-16
O303499,P200211,5,2024-12-21
O303500,P200013,3,2024-07-10
O303501,P200079,3,2024-06-09
O303502,P200133,3,2024-07-07
O303503,P200158,5,2025-08-17
O303506,P200065,4,2024-06-03
O303506,P200034,5,2024-05-30
O303506,P200188,1,2024-06-18
O303508,P200035,4,2024-09-21
O303508,P200055,4,2024-11-18
O303508,P200016,3,2024-10-13
O303510,P200097,4,2024-05-11
O303514,P200183,4,2025-09-09
O303514,P200046,4,2025-09-16
O303516,P200032,5,2024-12-06
O303518,P200093,4,2024-06-03
O303519,P200036,5,2024-07-04
O303522,P200145,4,2024-02-08
O303523,P200033,5,2024-03-29
O303527,P200175,4,2025-06-27
O303527,P200071,5,2025-06-20
O303529,P200157,3,2024-04-21
O303530,P200203,2,2025-03-05
O303531,P200228,4,2025-07-19
O303531,P200188,3,2025-07-06
O303532,P200184,4,2025-03-14
O303533,P200054,3,2025-08-29
O303534,P200089,4,2025-01-12
O303535,P200200,5,2025-06-27
O303535,P200069,4,2025-05-18
O303536,P200181,4,2024-05-17
O303536,P200203,4,2024-03-27
O303540,P200200,5,2025-02-07
O303541,P200062,3,2024-10-10
O303542,P200122,2,2024-10-31
O303544,P200168,4,2024-06-27
O303545,P200021,4,2025-03-18
O303547,P200195,4,2024-10-08
O303547,P200121,4,2024-09-15
O303547,P200081,4,2024-11-05
O303549,P200246,5,2025-06-17
O303550,P200091,3,2025-08-07
O303550,P200199,3,2025-06-24
O303551,P200144,5,2024-07-14
O303551,P200178,5,2024-07-07
O303552,P200081,4,2025-05-09
O303552,P200067,4,2025-04-10
O303552,P200130,4,2025-03-22
O303553,P200192,4,2025-09-04
O303553,P200206,5,2025-08-21
O303553,P200222,4,2025-09-10
O303554,P200146,5,2025-05-25
O303557,P200088,5,2024-10-18
O303559,P200183,3,2024-03-10
O303560,P200200,4,2024-05-09
O303560,P200107,4,2024-05-28
O303561,P200126,5,2024-02-26
O303562,P200120,4,2025-05-15
O303563,P200225,5,2024-06-16
O303564,P200040,2,2025-05-11
O303565,P200213,4,2025-05-27
O303565,P200044,2,2025-05-02
O303565,P200105,4,2025-05-27
O303568,P200014,3,2024-03-27
O303569,P200214,4,2024-08-07
O303570,P200004,4,2025-04-20
O303571,P200037,5,2024-06-07
O303572,P200235,2,2024-04-09
O303573,P200071,3,2024-04-22
O303575,P200221,4,2024-06-26
O303576,P200152,4,2024-12-14
O303576,P200000,2,2024-12-02
O303577,P200016,4,2024-07-13
O303578,P200015,4,2025-05-21
O303578,P200125,5,2025-04-30
O303579,P200094,3,2024-03-20
O303581,P200115,3,2024-09-14
O303581,P200166,4,2024-09-22
O303582,P200152,5,2024-07-20
O303583,P200228,4,2025-06-29
O303585,P200113,5,2024-09-16
O303585,P200121,5,2024-08-25
O303586,P200176,3,2025-07-20
O303588,P200213,4,2025-04-29
O303588,P200090,3,2025-05-08
O303589,P200048,5,2024-12-27
O303591,P200202,4,2025-03-12
O303594,P200006,4,2025-07-24
O303595,P200005,5,2025-04-29
O303597,P200044,3,2024-08-19
O303598,P200231,4,2024-10-03
O303599,P200023,4,2024-07-24
O303600,P200245,4,2024-03-14
O303601,P200149,2,2025-09-19
O303602,P200108,2,2025-06-11
O303605,P200207,5,2025-03-08
O303605,P200161,3,2025-04-12
O303606,P200092,4,2024-07-04
O303607,P200035,4,2025-10-05
O303608,P200221,3,2025-07-16
O303610,P200009,4,2024-03-23
O303610,P200222,2,2024-04-02
O303610,P200081,2,2024-04-01
O303612,P200147,5,2024-05-20
O303612,P200120,4,2024-04-27
O303613,P200201,3,2025-08-25
O303614,P200192,4,2024-01-31
O303615,P200069,4,2024-10-16
O303615,P200020,1,2024-10-27
O303616,P200075,3,2024-09-09
O303616,P200169,4,2024-09-17
O303616,P200214,4,2024-10-01
O303617,P200054,3,2025-09-11
O303618,P200164,4,2024-10-21
O303618,P200200,5,2024-12-10
O303620,P200138,5,2024-07-25
O303621,P200138,4,2025-07-06
O303621,P200189,5,2025-07-28
O303621,P200216,2,2025-07-10
O303622,P200102,3,2024-08-16
O303623,P200022,5,2025-09-27
O303624,P200010,3,2025-03-18
O303624,P200161,3,2025-03-24
O303625,P200000,2,2024-09-02
O303625,P200194,4,2024-08-06
O303625,P200124,4,2024-08-04
O303626,P200102,3,2024-09-11
O303627,P200192,4,2024-07-08
O303627,P200023,5,2024-07-02
O303628,P200216,3,2025-02-15
O303629,P200237,4,2024-04-01
O303629,P200146,4,2024-02-24
O303629,P200025,4,2024-03-12
O303632,P200031,5,2024-12-11
O303632,P200050,5,2025-01-03
O303633,P200196,4,2025-01-15
O303633,P200017,4,2025-01-20
O303633,P200170,4,2025-02-21
O303634,P200099,5,2025-05-04
O303634,P200171,2,2025-05-06
O303636,P200140,5,2024-11-28
O303639,P200113,5,2024-08-19
O303640,P200200,4,2024-10-20
O303641,P200016,4,2025-06-09
O303641,P200028,5,2025-06-12
O303641,P200029,3,2025-05-04
O303642,P200091,5,2025-01-25
O303642,P200095,3,2025-01-27
O303643,P200141,5,2025-03-24
O303643,P200097,1,2025-02-25
O303643,P200057,5,2025-03-20
O303644,P200024,1,2024-11-09
O303644,P200025,4,2024-10-23
O303645,P200019,1,2025-02-08
O303646,P200159,1,2025-03-12
O303647,P200221,5,2024-05-06
O303647,P200042,5,2024-06-12
O303647,P200210,5,2024-05-20
O303647,P200067,5,2024-05-21
O303649,P200096,3,2025-02-04
O303650,P200163,4,2024-10-03
O303650,P200147,4,2024-10-28
O303654,P200020,5,2024-06-06
O303655,P200142,4,2025-07-18
O303655,P200067,5,2025-07-17
O303656,P200155,5,2024-06-26
O303658,P200092,3,2024-08-28
O303658,P200064,5,2024-09-11
O303658,P200204,5,2024-07-25
O303660,P200157,4,2024-11-04
O303661,P200047,5,2025-06-25
O303664,P200200,1,2025-06-05
O303665,P200156,4,2025-07-03
O303665,P200197,4,2025-05-17
O303666,P200015,4,2024-05-20
O303666,P200203,5,2024-06-07
O303667,P200076,4,2024-08-03
O303668,P200206,4,2025-08-05
O303668,P200159,5,2025-08-29
O303669,P200235,5,2024-09-01
O303670,P200087,3,2024-12-07
O303671,P200152,5,2025-08-28
O303672,P200216,4,2024-03-31
O303673,P200046,3,2025-03-10
O303673,P200109,5,2025-02-06
O303673,P200236,4,2025-01-29
O303674,P200104,1,2024-05-31
O303675,P200105,5,2024-04-13
O303675,P200136,2,2024-04-03
O303675,P200040,4,2024-03-18
O303678,P200151,4,2024-03-30
O303678,P200223,5,2024-03-09
O303678,P200097,2,2024-03-18
O303681,P200060,5,2025-07-17
O303682,P200085,5,2025-01-31
O303682,P200048,3,2025-02-19
O303683,P200083,5,2024-06-10
O303685,P200008,3,2025-03-29
O303685,P200207,5,2025-03-06
O303685,P200109,5,2025-03-19
O303686,P200100,4,2025-08-24
O303686,P200085,3,2025-09-08
O303687,P200122,4,2025-08-23
O303687,P200104,5,2025-10-09
O303689,P200119,3,2024-11-18
O303689,P200012,3,2024-12-04
O303690,P200167,4,2024-11-16
O303691,P200036,5,2024-10-16
O303693,P200065,2,2024-09-22
O303694,P200074,2,2025-04-02
O303694,P200199,5,2025-05-08
O303695,P200071,5,2024-06-13
O303697,P200195,4,2024-10-01
O303697,P200040,5,2024-09-18
O303697,P200169,3,2024-09-08
O303698,P200210,5,2025-02-18
O303699,P200066,5,2025-01-31
O303701,P200241,3,2025-06-06
O303701,P200160,5,2025-06-13
O303702,P200189,3,2024-07-07
O303702,P200119,4,2024-05-19
O303704,P200034,3,2025-08-05
O303705,P200181,5,2025-06-05
O303705,P200071,4,2025-05-19
O303705,P200014,5,2025-06-12
O303708,P200148,4,2025-06-03
O303709,P200140,4,2025-04-26
O303711,P200164,4,2025-03-09
O303711,P200038,1,2025-03-20
O303711,P200020,4,2025-03-26
O303713,P200016,3,2025-06-14
O303713,P200214,5,2025-04-26
O303714,P200206,5,2024-10-17
O303714,P200044,5,2024-09-04
O303716,P200207,5,2025-06-23
O303716,P200152,2,2025-06-14
O303717,P200042,3,2024-08-10
O303717,P200031,5,2024-09-28
O303720,P200057,2,2024-08-11
O303722,P200175,4,2024-12-30
O303723,P200188,4,2025-01-16
O303723,P200020,3,2025-01-12
O303724,P200124,4,2024-07-11
O303725,P200189,5,2025-10-15
O303725,P200200,4,2025-09-11
O303726,P200056,4,2025-04-21
O303728,P200130,5,2025-05-30
O303730,P200016,5,2024-11-26
O303731,P200129,5,2025-01-13
O303731,P200111,3,2025-01-03
O303733,P200021,3,2025-07-12
O303733,P200072,5,2025-08-05
O303734,P200100,4,2025-04-12
O303735,P200066,4,2025-07-07
O303736,P200191,3,2024-10-30
O303736,P200078,3,2024-10-18
O303738,P200054,4,2024-02-24
O303738,P200179,2,2024-03-10
O303739,P200070,4,2024-03-11
O303739,P200218,3,2024-04-24
O303740,P200115,2,2024-07-19
O303741,P200015,4,2024-08-09
O303741,P200223,4,2024-08-30
O303741,P200056,5,2024-07-21
O303742,P200181,3,2024-11-23
O303742,P200073,4,2024-11-18
O303745,P200189,4,2024-08-05
O303746,P200106,3,2025-08-19
O303746,P200101,1,2025-09-22
O303747,P200029,4,2025-07-13
O303749,P200065,4,2024-03-24
O303749,P200023,5,2024-03-26
O303751,P200186,4,2025-06-13
O303751,P200119,3,2025-07-14
O303751,P200058,5,2025-05-28
O303753,P200043,1,2024-04-25
O303754,P200086,5,2024-05-14
O303755,P200159,5,2024-02-07
O303755,P200208,3,2024-02-23
O303756,P200213,3,2025-07-11
O303759,P200002,2,2024-08-09
O303760,P200232,3,2024-09-12
O303761,P200175,3,2024-12-05
O303761,P200103,3,2024-10-21
O303762,P200078,4,2024-03-25
O303763,P200099,5,2024-11-17
O303764,P200099,2,2024-03-12
O303765,P200088,3,2025-02-24
O303765,P200020,3,2025-02-19
O303766,P200064,5,2024-07-10
O303767,P200080,5,2024-11-07
O303769,P200106,4,2024-03-13
O303769,P200176,5,2024-03-02
O303771,P200227,5,2024-09-27
O303771,P200201,4,2024-10-03
O303772,P200019,2,2024-03-16
O303774,P200020,5,2024-08-05
O303775,P200063,5,2024-01-20
O303775,P200151,5,2024-01-30
O303775,P200190,4,2024-01-07
O303777,P200183,3,2025-06-05
O303777,P200189,3,2025-04-26
O303778,P200208,4,2025-09-05
O303778,P200050,4,2025-10-04
O303778,P200019,2,2025-09-24
O303779,P200078,5,2025-02-16
O303780,P200158,5,2024-02-09
O303780,P200041,5,2024-04-01
O303780,P200186,5,2024-03-13
O303780,P200122,5,2024-02-11
O303781,P200228,2,2025-04-01
O303781,P200150,5,2025-02-24
O303783,P200047,5,2024-07-29
O303784,P200163,4,2025-06-23
O303787,P200214,4,2025-02-18
O303791,P200017,2,2024-10-26
O303792,P200175,2,2024-01-21
O303797,P200123,4,2025-05-18
O303797,P200167,4,2025-06-12
O303800,P200172,5,2025-07-12
O303800,P200229,3,2025-08-10
O303802,P200179,3,2025-01-20
O303803,P200067,3,2024-04-23
O303805,P200075,5,2025-01-24
O303805,P200116,2,2025-01-23
O303805,P200006,4,2025-01-06
O303814,P200052,4,2025-07-22
O303814,P200183,4,2025-06-08
O303816,P200074,1,2025-04-18
O303816,P200094,5,2025-04-07
O303817,P200040,4,2025-07-27
O303817,P200222,3,2025-08-21
O303817,P200054,3,2025-08-06
O303819,P200172,5,2024-07-08
O303819,P200005,4,2024-05-22
O303819,P200148,4,2024-05-28
O303821,P200209,5,2024-12-19
O303821,P200175,5,2024-12-01
O303822,P200102,5,2025-08-24
O303828,P200105,2,2025-02-19
O303828,P200098,4,2025-02-15
O303829,P200114,4,2024-12-31
O303829,P200092,5,2024-11-28
O303829,P200062,4,2024-12-10
O303832,P200085,4,2025-06-12
O303833,P200177,4,2025-06-25
O303833,P200119,5,2025-06-20
O303835,P200175,4,2024-08-17
O303836,P200226,5,2024-07-01
O303836,P200079,4,2024-06-18
O303837,P200019,5,2025-06-22
O303837,P200170,5,2025-06-22
O303838,P200113,1,2024-04-26
O303838,P200247,1,2024-04-27
O303839,P200095,5,2024-05-10
O303839,P200049,4,2024-04-11
O303839,P200020,3,2024-05-09
O303839,P200195,4,2024-05-28
O303841,P200126,4,2024-03-03
O303842,P200128,2,2025-03-27
O303843,P200229,5,2024-06-24
O303845,P200066,3,2024-03-03
O303848,P200194,4,2025-08-04
O303849,P200245,5,2025-06-15
O303850,P200012,5,2024-08-22
O303851,P200209,3,2025-08-19
O303853,P200067,3,2025-09-23
O303853,P200203,2,2025-09-30
O303853,P200074,3,2025-09-24
O303854,P200135,3,2025-01-18
O303854,P200196,5,2025-02-26
O303854,P200220,3,2025-02-17
O303854,P200204,3,2025-02-24
O303857,P200208,4,2025-05-12
O303858,P200084,1,2025-08-09
O303859,P200089,3,2025-04-28
O303860,P200015,4,2025-05-28
O303860,P200101,4,2025-05-14
O303860,P200043,4,2025-05-15
O303861,P200163,4,2024-10-22
O303863,P200199,4,2025-06-12
O303864,P200149,5,2024-12-28
O303867,P200017,5,2025-08-11
O303867,P200185,4,2025-07-02
O303869,P200221,5,2025-04-14
O303871,P200142,3,2024-07-03
O303873,P200090,5,2025-02-14
O303873,P200177,4,2025-02-07
O303873,P200245,4,2025-03-15
O303873,P200163,5,2025-03-14
O303875,P200199,1,2024-11-25
O303877,P200198,2,2025-10-14
O303878,P200023,4,2025-01-21
O303878,P200018,4,2025-01-10
O303879,P200185,5,2024-10-05
O303881,P200178,4,2024-02-12
O303882,P200122,3,2025-04-22
O303883,P200132,4,2024-10-25
O303883,P200168,3,2024-10-25
O303884,P200004,4,2024-04-21
O303884,P200085,4,2024-04-17
O303885,P200237,3,2025-07-23
O303886,P200168,4,2024-11-24
O303888,P200229,4,2025-09-11
O303889,P200037,5,2024-06-22
O303889,P200076,4,2024-07-18
O303890,P200209,5,2025-05-06
O303891,P200157,4,2024-06-07
O303896,P200228,4,2024-11-08
O303896,P200176,4,2024-11-15
O303898,P200219,5,2025-04-11
O303899,P200202,3,2024-06-24
O303899,P200207,4,2024-07-09
O303899,P200080,2,2024-06-27
O303901,P200022,4,2024-04-07
O303902,P200139,4,2025-07-21
O303902,P200064,2,2025-08-18
O303904,P200011,4,2025-02-18
O303906,P200234,4,2024-11-15
O303907,P200156,2,2024-05-11
O303907,P200219,4,2024-05-18
O303909,P200028,5,2025-07-21
O303911,P200223,4,2024-02-05
O303912,P200014,5,2024-12-22
O303912,P200239,4,2024-11-09
O303912,P200081,3,2024-12-03
O303914,P200077,3,2024-02-21
O303914,P200127,3,2024-02-16
O303916,P200115,4,2024-06-20
O303916,P200240,3,2024-08-05
O303916,P200193,4,2024-08-11
O303917,P200141,5,2025-05-26
O303918,P200041,2,2024-03-05
O303919,P200205,2,2025-04-25
O303919,P200248,5,2025-05-17
O303921,P200106,1,2025-02-07
O303924,P200240,3,2024-08-05
O303924,P200083,4,2024-09-06
O303925,P200034,5,2025-09-19
O303925,P200035,4,2025-09-27
O303925,P200003,2,2025-08-28
O303926,P200170,4,2025-02-09
O303927,P200095,4,2024-08-10
O303927,P200102,2,2024-09-06
O303927,P200225,4,2024-08-28
O303928,P200123,4,2024-11-10
O303928,P200001,5,2024-11-14
O303928,P200002,5,2024-11-02
O303929,P200020,5,2025-03-01
O303929,P200132,5,2025-02-01
O303929,P200045,3,2025-01-17
O303930,P200161,4,2025-01-12
O303931,P200167,5,2025-04-18
O303932,P200051,4,2024-06-10
O303932,P200059,2,2024-06-14
O303932,P200185,5,2024-05-28
O303932,P200235,4,2024-05-30
O303933,P200141,3,2024-10-24
O303933,P200023,4,2024-11-16
O303935,P200200,4,2024-09-22
O303936,P200135,4,2024-11-30
O303937,P200056,3,2024-12-24
O303938,P200126,1,2024-10-08
O303941,P200029,2,2024-04-26
O303942,P200047,3,2025-09-01
O303942,P200017,4,2025-08-20
O303942,P200141,5,2025-08-11
O303943,P200236,3,2025-07-19
O303944,P200051,4,2024-02-16
O303944,P200063,5,2024-03-20
O303945,P200215,4,2025-02-24
O303945,P200110,5,2024-12-30
O303945,P200221,4,2025-02-04
O303946,P200096,5,2024-11-08
O303947,P200139,3,2024-11-08
O303948,P200172,4,2025-08-24
O303948,P200065,3,2025-07-29
O303948,P200068,5,2025-07-20
O303948,P200129,3,2025-08-11
O303949,P200190,3,2025-08-03
O303949,P200042,4,2025-08-04
O303951,P200211,3,2025-04-02
O303952,P200211,3,2024-04-21
O303952,P200028,4,2024-05-17
O303952,P200038,2,2024-05-31
O303953,P200225,1,2024-03-16
O303953,P200014,4,2024-03-23
O303955,P200028,3,2024-06-17
O303957,P200034,4,2025-02-01
O303958,P200211,1,2024-09-17
O303958,P200103,4,2024-10-02
O303959,P200185,4,2024-10-17
O303959,P200025,4,2024-12-05
O303962,P200050,4,2024-10-15
O303963,P200242,4,2025-09-29
O303963,P200206,4,2025-09-06
O303964,P200165,4,2025-02-12
O303964,P200108,3,2025-02-17
O303967,P200149,4,2025-03-23
O303968,P200217,2,2025-05-02
O303971,P200047,4,2025-01-17
O303972,P200094,4,2024-08-27
O303972,P200111,5,2024-08-07
O303976,P200036,4,2024-02-02
O303976,P200086,5,2024-02-27
O303977,P200196,5,2024-11-23
O303977,P200063,3,2024-12-10
O303979,P200226,4,2025-07-03
O303979,P200088,3,2025-07-30
O303980,P200132,2,2024-09-30
O303983,P200105,5,2024-09-06
O303984,P200198,5,2024-03-28
O303986,P200082,2,2024-03-16
O303987,P200041,4,2024-10-21
O303989,P200211,5,2025-01-02
O303990,P200136,1,2024-10-15
O303991,P200106,4,2024-12-30
O303992,P200010,3,2025-07-25
O303992,P200157,4,2025-06-18
O303992,P200074,3,2025-07-24
O303995,P200228,1,2025-07-29
O303995,P200222,1,2025-09-07
O303999,P200077,5,2024-08-13
O303999,P200097,2,2024-08-31
O303999,P200018,3,2024-08-07
O304000,P200004,4,2025-02-23
O304004,P200114,4,2025-07-14
O304004,P200001,2,2025-07-23
O304004,P200043,4,2025-06-27
O304004,P200124,4,2025-07-13
O304005,P200161,3,2024-06-09
O304006,P200066,5,2024-08-04
O304007,P200008,5,2025-01-05
O304008,P200089,3,2025-02-28
O304009,P200012,3,2024-05-10
O304010,P200114,4,2024-04-22
O304011,P200202,5,2024-07-05
O304011,P200248,5,2024-07-18
O304011,P200069,5,2024-07-07
O304012,P200171,5,2024-04-02
O304013,P200097,3,2024-10-27
O304014,P200106,5,2024-07-16
O304014,P200194,5,2024-06-06
O304017,P200095,4,2025-01-16
O304018,P200219,4,2025-07-04
O304018,P200225,5,2025-07-06
O304018,P200204,1,2025-07-26
O304020,P200167,3,2024-12-01
O304021,P200234,2,2024-11-20
O304022,P200192,4,2024-08-28
O304025,P200180,5,2024-06-07
O304026,P200158,4,2024-02-16
O304026,P200126,4,2024-02-22
O304029,P200034,4,2024-04-07
O304030,P200018,1,2025-04-20
O304032,P200013,2,2024-08-26
O304033,P200134,1,2025-08-14
O304034,P200016,5,2025-03-08
O304034,P200061,2,2025-04-15
O304036,P200163,3,2025-07-14
O304039,P200147,4,2024-04-16
O304039,P200181,4,2024-03-13
O304040,P200153,4,2025-01-06
O304041,P200118,4,2024-09-07
O304041,P200074,4,2024-07-20
O304042,P200185,4,2024-11-16
O304042,P200119,3,2024-12-08
O304043,P200208,4,2025-07-31
O304044,P200244,4,2024-05-20
O304045,P200122,4,2024-06-15
O304047,P200229,5,2025-07-29
O304050,P200195,5,2024-09-14
O304050,P200034,4,2024-10-11
O304051,P200153,5,2024-09-21
O304051,P200134,5,2024-10-11
O304051,P200077,4,2024-10-04
O304051,P200032,4,2024-09-23
O304052,P200031,4,2024-05-08
O304052,P200223,5,2024-06-15
O304053,P200072,4,2024-04-28
O304055,P200052,4,2024-05-24
O304055,P200034,4,2024-04-04
O304056,P200060,4,2025-07-20
O304058,P200057,3,2024-11-12
O304060,P200087,4,2024-12-05
O304060,P200048,3,2024-11-28
O304062,P200046,3,2025-02-09
O304062,P200197,3,2025-02-10
O304062,P200016,3,2025-02-05
O304063,P200039,4,2025-02-04
O304064,P200232,2,2024-04-04
O304065,P200173,3,2025-05-20
O304066,P200003,4,2024-08-24
O304066,P200084,2,2024-08-16
O304068,P200212,4,2025-08-25
O304070,P200132,4,2024-12-02
O304071,P200133,5,2025-10-21
O304072,P200057,3,2024-11-19
O304073,P200145,1,2024-04-04
O304074,P200133,4,2025-10-12
O304075,P200006,5,2025-06-27
O304078,P200221,5,2025-08-23
O304081,P200207,4,2024-05-24
O304081,P200141,3,2024-05-07
O304082,P200015,4,2024-05-08
O304083,P200099,5,2025-07-12
O304083,P200217,4,2025-07-08
O304086,P200127,4,2024-02-12
O304086,P200059,3,2024-01-20
O304087,P200188,4,2024-03-22
O304089,P200088,3,2024-04-27
O304090,P200036,4,2024-12-27
O304091,P200234,5,2024-05-31
O304091,P200166,4,2024-06-17
O304091,P200000,3,2024-05-29
O304093,P200005,4,2025-04-23
O304094,P200024,3,2024-07-09
O304094,P200115,3,2024-07-10
O304094,P200068,2,2024-08-12
O304096,P200113,5,2025-04-07
O304096,P200186,4,2025-04-14
O304096,P200246,1,2025-04-02
O304097,P200174,4,2025-04-28
O304097,P200227,3,2025-04-10
O304097,P200059,3,2025-04-13
O304098,P200034,5,2025-07-04
O304100,P200085,5,2024-12-31
O304101,P200156,5,2025-03-19
O304101,P200181,3,2025-03-20
O304101,P200249,2,2025-02-19
O304103,P200046,2,2024-04-17
O304103,P200166,1,2024-04-30
O304103,P200162,5,2024-05-18
O304104,P200173,3,2024-11-29
O304105,P200054,5,2025-03-16
O304105,P200174,3,2025-03-30
O304106,P200115,5,2024-10-18
O304106,P200025,5,2024-10-18
O304106,P200157,3,2024-09-21
O304108,P200027,3,2025-07-25
O304109,P200053,4,2025-05-27
O304109,P200031,2,2025-05-02
O304111,P200043,1,2024-08-21
O304111,P200077,5,2024-09-10
O304113,P200186,4,2024-07-06
O304114,P200033,4,2025-08-17
O304115,P200043,4,2024-02-16
O304115,P200171,3,2024-02-20
O304116,P200188,5,2024-05-17
O304117,P200087,1,2024-04-10
O304121,P200240,2,2024-07-29
O304121,P200230,5,2024-08-09
O304122,P200033,5,2024-07-01
O304123,P200165,2,2025-02-16
O304127,P200038,4,2024-12-21
O304130,P200154,5,2024-08-08
O304130,P200108,3,2024-07-18
O304131,P200146,1,2024-10-13
O304133,P200166,4,2025-02-17
O304134,P200131,5,2025-02-02
O304136,P200141,5,2025-08-20
O304136,P200033,3,2025-08-06
O304140,P200084,4,2024-08-07
O304141,P200093,3,2025-10-13
O304144,P200114,4,2025-08-05
O304144,P200086,4,2025-07-11
O304146,P200021,4,2024-07-02
O304152,P200117,3,2024-10-13
O304154,P200199,4,2025-05-30
O304155,P200042,4,2024-06-02
O304156,P200244,3,2024-12-27
O304157,P200040,1,2025-05-25
O304160,P200181,4,2024-05-01
O304161,P200068,3,2024-07-16
O304162,P200178,4,2025-01-27
O304162,P200246,1,2025-02-21
O304164,P200007,3,2025-06-25
O304167,P200129,1,2025-06-04
O304168,P200180,3,2024-07-12
O304169,P200069,5,2024-07-22
O304169,P200138,4,2024-07-19
O304170,P200087,3,2025-01-10
O304171,P200157,2,2025-01-25
O304172,P200107,2,2025-02-06
O304173,P200091,5,2024-09-05
O304174,P200094,3,2024-11-18
O304175,P200161,5,2025-06-19
O304176,P200011,4,2024-04-05
O304176,P200210,5,2024-03-08
O304176,P200097,3,2024-03-04
O304177,P200106,5,2025-07-09
O304179,P200137,5,2025-07-29
O304180,P200096,3,2025-09-11
O304180,P200022,5,2025-08-23
O304180,P200238,4,2025-10-07
O304183,P200211,2,2025-03-19
O304185,P200214,4,2024-09-20
O304185,P200232,2,2024-10-07
O304186,P200102,4,2025-07-25
O304186,P200238,4,2025-07-18
O304188,P200093,3,2025-07-22
O304189,P200107,3,2025-03-10
O304190,P200175,1,2025-04-24
O304191,P200076,4,2024-07-27
O304191,P200146,3,2024-06-11
O304191,P200026,4,2024-07-04
O304191,P200152,4,2024-06-17
O304193,P200059,5,2024-10-21
O304193,P200219,4,2024-11-17
O304196,P200073,5,2025-05-22
O304198,P200176,4,2024-03-17
O304198,P200219,4,2024-04-27
O304199,P200104,5,2025-07-21
O304200,P200239,4,2024-12-08
O304201,P200159,3,2025-03-31
O304201,P200188,4,2025-03-10
O304203,P200013,2,2024-01-23
O304203,P200080,3,2024-03-02
O304203,P200071,1,2024-01-21
O304205,P200042,2,2024-06-08
O304206,P200045,3,2024-02-02
O304206,P200082,4,2024-03-29
O304207,P200153,4,2024-12-04
O304207,P200009,4,2024-11-25
O304208,P200062,4,2024-07-03
O304211,P200112,3,2025-02-24
O304211,P200139,4,2025-02-13
O304211,P200147,4,2025-03-22
O304212,P200194,2,2024-03-14
O304212,P200135,4,2024-02-12
O304213,P200104,2,2024-04-05
O304214,P200170,4,2024-10-22
O304214,P200003,3,2024-09-21
O304214,P200073,1,2024-10-09
O304214,P200163,3,2024-11-05
O304216,P200128,4,2024-10-23
O304217,P200072,5,2024-03-18
O304218,P200096,4,2024-03-28
O304221,P200187,4,2025-07-29
O304224,P200163,4,2024-08-17
O304225,P200199,5,2025-01-17
O304225,P200041,5,2024-12-05
O304226,P200188,5,2024-05-28
O304228,P200056,5,2024-11-21
O304229,P200022,4,2025-08-21
O304229,P200121,4,2025-09-22
O304229,P200058,4,2025-08-02
O304230,P200088,5,2024-11-17
O304231,P200172,5,2024-09-12
O304232,P200045,4,2024-09-23
O304233,P200117,4,2024-06-21
O304235,P200148,5,2025-01-04
O304235,P200039,3,2025-02-12
O304238,P200074,5,2025-06-05
O304239,P200245,4,2025-05-24
O304242,P200079,3,2025-06-02
O304242,P200057,3,2025-05-19
O304242,P200043,4,2025-05-03
O304242,P200240,4,2025-05-31
O304244,P200100,3,2025-06-24
O304245,P200195,3,2024-09-26
O304245,P200013,3,2024-10-09
O304246,P200037,1,2024-05-04
O304246,P200134,4,2024-05-26
O304246,P200212,3,2024-05-09
O304250,P200123,5,2024-07-22
O304251,P200121,4,2025-08-12
O304251,P200140,4,2025-09-24
O304252,P200237,5,2024-05-11
O304255,P200202,1,2024-09-14
O304255,P200071,5,2024-09-30
O304256,P200132,4,2024-07-05
O304257,P200151,4,2025-04-27
O304257,P200126,5,2025-05-07
O304258,P200061,2,2025-06-09
O304260,P200104,4,2025-09-13
O304261,P200000,5,2024-05-06
O304263,P200136,4,2025-04-28
O304264,P200203,3,2025-08-09
O304265,P200215,3,2025-01-30
O304265,P200003,4,2024-12-17
O304266,P200085,4,2025-03-31
O304266,P200098,4,2025-04-03
O304267,P200100,2,2024-12-05
O304268,P200127,2,2024-12-25
O304268,P200158,4,2025-01-13
O304268,P200019,2,2024-12-18
O304268,P200125,2,2024-12-30
O304269,P200048,4,2025-04-12
O304270,P200181,4,2025-07-02
O304271,P200241,4,2024-02-26
O304272,P200031,3,2024-06-19
O304273,P200071,2,2025-02-02
O304275,P200101,2,2024-04-06
O304276,P200175,1,2024-07-27
O304276,P200040,5,2024-07-06
O304276,P200052,5,2024-07-24
O304279,P200249,2,2024-06-06
O304280,P200181,5,2025-09-13
O304281,P200200,3,2024-04-19
O304283,P200009,4,2024-06-05
O304283,P200109,4,2024-07-10
O304285,P200222,4,2024-09-02
O304286,P200185,5,2025-07-01
O304287,P200116,5,2024-08-23
O304287,P200073,5,2024-08-09
O304287,P200153,3,2024-07-02
O304288,P200224,5,2025-01-14
O304289,P200204,3,2024-09-09
O304289,P200188,3,2024-09-09
O304290,P200231,3,2024-04-16
O304291,P200026,3,2025-01-02
O304291,P200243,4,2024-12-04
O304292,P200112,4,2025-02-15
O304292,P200054,4,2024-12-22
O304293,P200004,5,2024-04-15
O304293,P200042,2,2024-05-07
O304294,P200249,5,2025-02-21
O304294,P200111,5,2025-01-29
O304295,P200197,4,2025-05-09
O304296,P200201,4,2025-04-22
O304297,P200099,4,2025-03-02
O304298,P200109,2,2024-06-23
O304299,P200190,5,2025-09-10
O304299,P200078,4,2025-08-29
O304300,P200233,5,2024-06-08
O304301,P200236,5,2025-03-02
O304301,P200077,5,2025-04-02
O304302,P200205,1,2025-08-23
O304303,P200057,5,2024-11-30
O304303,P200118,4,2025-01-19
O304304,P200227,5,2024-10-31
O304305,P200132,4,2024-08-30
O304305,P200018,4,2024-09-29
O304307,P200164,3,2024-05-24
O304309,P200150,5,2025-03-15
O304309,P200126,5,2025-02-13
O304311,P200126,3,2024-11-09
O304312,P200006,3,2024-11-24
O304312,P200084,5,2024-11-16
O304313,P200005,4,2025-06-19
O304314,P200119,3,2024-07-03
O304314,P200172,5,2024-07-01
O304316,P200179,2,2025-08-29
O304319,P200215,5,2025-09-08
O304322,P200124,2,2025-07-03
O304322,P200160,4,2025-06-11
O304323,P200002,4,2025-03-04
O304325,P200041,4,2025-06-05
O304326,P200111,4,2025-07-01
O304327,P200076,3,2025-03-09
O304329,P200090,4,2025-06-29
O304331,P200062,5,2024-07-31
O304331,P200105,1,2024-08-26
O304334,P200000,4,2024-07-04
O304335,P200235,3,2025-01-15
O304336,P200002,4,2024-10-24
O304336,P200067,3,2024-09-11
O304336,P200082,4,2024-09-10
O304336,P200086,5,2024-10-17
O304337,P200165,3,2025-05-21
O304338,P200066,4,2024-11-15
O304340,P200059,4,2024-07-22
O304341,P200195,3,2025-01-13
O304342,P200034,5,2024-05-07
O304343,P200029,3,2024-07-12
O304343,P200064,4,2024-08-02
O304345,P200119,5,2024-10-24
O304346,P200153,4,2024-09-18
O304349,P200079,4,2025-03-27
O304351,P200027,4,2025-02-25
O304352,P200155,5,2025-02-18
O304355,P200198,4,2024-04-18
O304355,P200059,4,2024-04-27
O304356,P200012,4,2025-07-21
O304356,P200059,5,2025-07-22
O304358,P200153,3,2024-03-02
O304361,P200014,5,2025-08-22
O304363,P200182,4,2024-08-27
O304364,P200026,2,2025-08-15
O304364,P200201,5,2025-07-27
O304364,P200137,4,2025-08-10
O304365,P200069,4,2025-01-27
O304368,P200081,4,2024-05-28
O304368,P200131,5,2024-06-09
O304369,P200228,4,2025-04-14
O304370,P200241,5,2025-06-23
O304371,P200249,4,2024-08-16
O304373,P200036,5,2025-01-03
O304374,P200110,5,2025-02-15
O304375,P200030,5,2024-08-15
O304376,P200164,4,2025-05-02
O304378,P200185,4,2024-12-03
O304378,P200066,5,2024-12-12
O304378,P200232,4,2024-12-18
O304379,P200106,4,2024-06-27
O304380,P200222,5,2025-02-01
O304383,P200071,4,2024-12-19
O304383,P200136,5,2025-02-06
O304386,P200135,5,2025-06-09
O304386,P200226,5,2025-05-29
O304386,P200064,5,2025-06-23
O304387,P200009,5,2025-03-11
O304387,P200131,4,2025-03-15
O304388,P200060,4,2025-03-22
O304388,P200232,5,2025-04-20
O304391,P200246,4,2024-07-26
O304392,P200230,1,2024-02-03
O304392,P200115,3,2024-03-23
O304393,P200220,3,2024-05-07
O304394,P200240,4,2025-02-02
O304394,P200202,3,2024-12-22
O304395,P200132,5,2024-04-29
O304395,P200126,3,2024-05-28
O304396,P200077,5,2024-05-27
O304396,P200067,5,2024-04-10
O304398,P200144,5,2024-07-29
O304401,P200063,1,2025-04-22
O304402,P200210,4,2024-03-01
O304404,P200170,5,2024-10-22
O304406,P200217,5,2025-02-03
O304407,P200150,4,2024-07-13
O304407,P200209,3,2024-07-16
O304408,P200032,3,2024-08-17
O304410,P200235,4,2024-06-28
O304411,P200033,5,2025-04-11
O304415,P200084,5,2024-10-13
O304415,P200150,4,2024-10-31
O304415,P200219,5,2024-10-22
O304418,P200180,4,2024-09-17
O304420,P200130,4,2025-06-07
O304420,P200197,2,2025-05-07
O304421,P200043,4,2024-03-15
O304421,P200207,4,2024-04-04
O304422,P200222,2,2025-07-31
O304423,P200187,5,2024-07-09
O304424,P200030,2,2024-07-25
O304426,P200190,5,2024-08-15
O304427,P200183,1,2024-06-01
O304429,P200248,3,2024-11-05
O304433,P200147,5,2025-06-29
O304434,P200049,5,2025-02-12
O304436,P200248,2,2025-01-26
O304436,P200131,3,2025-01-04
O304436,P200096,4,2025-02-03
O304437,P200237,5,2025-03-27
O304437,P200245,4,2025-03-05
O304438,P200182,4,2025-04-28
O304439,P200229,4,2024-09-16
O304440,P200011,2,2024-08-16
O304440,P200128,1,2024-07-24
O304440,P200045,4,2024-07-26
O304441,P200213,5,2024-03-06
O304441,P200232,3,2024-02-28
O304442,P200079,4,2024-11-17
O304442,P200144,5,2024-11-19
O304442,P200130,3,2024-11-16
O304444,P200124,4,2024-12-18
O304445,P200128,5,2024-12-15
O304445,P200072,3,2024-12-31
O304445,P200166,3,2024-12-09
O304446,P200092,2,2024-10-05
O304447,P200041,4,2024-04-03
O304447,P200110,4,2024-04-22
O304448,P200240,5,2024-06-04
O304449,P200018,4,2025-09-04
O304449,P200077,3,2025-08-12
O304450,P200156,2,2025-06-14
O304453,P200082,5,2025-02-19
O304455,P200142,5,2025-05-03
O304455,P200219,4,2025-05-15
O304456,P200045,4,2024-08-12
O304456,P200021,1,2024-09-26
O304456,P200215,4,2024-08-15
O304456,P200123,2,2024-10-01
O304458,P200107,5,2024-08-11
O304458,P200184,5,2024-09-11
O304462,P200150,5,2024-04-28
O304462,P200103,2,2024-04-19
O304464,P200037,4,2024-03-31
O304465,P200118,4,2024-02-24
O304465,P200023,4,2024-03-08
O304466,P200014,4,2025-10-06
O304466,P200177,4,2025-10-09
O304468,P200183,2,2025-06-14
O304468,P200072,3,2025-05-28
O304470,P200014,4,2025-05-22
O304471,P200186,5,2024-10-22
O304473,P200111,1,2024-05-22
O304475,P200151,3,2025-08-22
O304478,P200003,3,2024-07-28
O304478,P200143,5,2024-08-18
O304479,P200032,3,2024-12-09
O304479,P200036,4,2024-11-03
O304480,P200025,5,2024-06-12
O304481,P200080,2,2024-09-22
O304482,P200190,3,2025-05-26
O304483,P200076,5,2024-11-24
O304484,P200184,4,2024-07-23
O304485,P200165,4,2025-07-05
O304485,P200177,4,2025-07-22
O304486,P200193,4,2025-03-09
O304488,P200176,3,2024-05-15
O304488,P200039,5,2024-05-21
O304488,P200061,3,2024-07-01
O304489,P200160,4,2025-06-08
O304489,P200131,2,2025-05-31
O304493,P200038,4,2024-06-17
O304496,P200142,4,2025-03-02
O304496,P200038,4,2025-03-12
O304500,P200122,5,2024-10-04
O304502,P200235,3,2025-07-08
O304507,P200213,4,2024-05-03
O304508,P200064,3,2024-04-18
O304508,P200219,5,2024-04-17
O304509,P200110,5,2024-12-28
O304509,P200153,3,2024-12-02
O304510,P200065,2,2024-07-06
O304510,P200007,3,2024-06-19
O304511,P200213,2,2025-07-10
O304511,P200187,5,2025-06-01
O304512,P200071,1,2024-09-19
O304513,P200184,3,2025-08-08
O304514,P200107,4,2025-09-29
O304514,P200217,1,2025-09-21
O304514,P200241,3,2025-09-15
O304515,P200032,5,2024-01-18
O304516,P200135,5,2025-05-10
O304516,P200163,4,2025-06-17
O304517,P200238,5,2024-06-07
O304518,P200233,5,2025-02-18
O304519,P200044,2,2025-04-17
O304520,P200048,5,2025-01-06
O304520,P200035,5,2024-12-08
O304522,P200227,5,2025-08-14
O304522,P200032,4,2025-08-12
O304523,P200031,4,2025-04-13
O304524,P200153,3,2025-09-18
O304524,P200116,5,2025-09-18
O304525,P200226,5,2024-07-16
O304528,P200171,4,2025-05-26
O304528,P200026,5,2025-05-11
O304531,P200110,2,2025-04-22
O304532,P200086,4,2024-12-14
O304533,P200011,3,2024-08-27
O304534,P200050,4,2025-01-18
O304534,P200222,1,2024-12-25
O304535,P200117,3,2025-04-24
O304535,P200012,2,2025-05-29
O304536,P200103,4,2025-07-22
O304539,P200101,5,2025-06-09
O304542,P200034,1,2025-10-21
O304542,P200189,5,2025-11-02
O304544,P200023,4,2024-10-31
O304544,P200176,5,2024-11-28
O304545,P200126,5,2025-06-13
O304545,P200180,4,2025-07-21
O304545,P200050,4,2025-07-14
O304546,P200069,1,2024-09-30
O304547,P200050,4,2024-11-29
O304549,P200010,4,2025-09-14
O304550,P200061,5,2024-05-10
O304551,P200027,4,2024-05-18
O304553,P200082,3,2024-04-07
O304554,P200249,3,2024-08-04
O304556,P200060,5,2024-08-12
O304558,P200137,4,2024-02-18
O304558,P200126,2,2024-01-27
O304560,P200132,5,2024-10-29
O304563,P200220,4,2024-06-02
O304563,P200084,3,2024-05-18
O304563,P200163,2,2024-04-15
O304564,P200100,3,2025-05-17
O304566,P200169,2,2025-02-08
O304567,P200087,5,2024-11-08
O304567,P200081,4,2024-12-02
O304568,P200199,5,2024-10-03
O304568,P200165,3,2024-10-02
O304569,P200077,3,2025-05-02
O304569,P200032,4,2025-04-06
O304570,P200205,4,2024-03-17
O304571,P200124,4,2024-10-15
O304573,P200228,2,2024-04-10
O304573,P200172,1,2024-03-03
O304574,P200022,5,2025-02-01
O304579,P200121,5,2024-12-28
O304579,P200028,1,2024-12-11
O304580,P200116,5,2025-09-06
O304580,P200123,5,2025-09-08
O304580,P200042,3,2025-08-20
O304582,P200111,4,2024-11-11
O304583,P200087,3,2025-03-04
O304584,P200226,5,2024-06-03
O304584,P200003,3,2024-04-23
O304584,P200204,5,2024-04-29
O304587,P200040,4,2025-04-24
O304588,P200091,3,2025-04-04
O304592,P200237,5,2024-11-12
O304592,P200222,5,2024-11-17
O304592,P200112,4,2024-11-15
O304593,P200213,4,2024-11-13
O304594,P200118,4,2024-01-27
O304596,P200052,4,2024-02-23
O304597,P200048,2,2025-06-13
O304597,P200091,4,2025-06-24
O304597,P200016,5,2025-07-01
O304598,P200102,5,2024-10-05
O304600,P200079,2,2025-08-10
O304603,P200051,5,2024-06-05
O304603,P200115,2,2024-05-20
O304603,P200011,4,2024-05-21
O304606,P200209,3,2024-12-26
O304606,P200066,3,2025-01-18
O304606,P200244,4,2024-12-30
O304611,P200086,2,2024-02-21
O304612,P200026,5,2024-05-05
O304614,P200090,5,2025-01-13
O304615,P200067,3,2025-08-14
O304616,P200149,5,2024-08-19
O304616,P200191,5,2024-08-01
O304619,P200212,2,2024-08-31
O304619,P200131,1,2024-07-27
O304620,P200199,4,2024-05-21
O304620,P200213,3,2024-05-13
O304621,P200209,4,2025-09-29
O304622,P200021,4,2025-01-19
O304622,P200183,5,2025-01-20
O304623,P200005,4,2024-04-28
O304623,P200196,4,2024-05-13
O304623,P200055,4,2024-05-22
O304625,P200027,5,2024-06-19
O304626,P200090,3,2024-08-14
O304626,P200105,3,2024-08-10
O304627,P200151,3,2024-11-19
O304628,P200233,5,2024-05-11
O304629,P200149,3,2024-08-10
O304629,P200055,4,2024-09-06
O304630,P200229,4,2024-11-23
O304631,P200035,4,2025-07-06
O304631,P200147,5,2025-06-11
O304632,P200093,3,2025-01-31
O304632,P200042,4,2025-02-08
O304632,P200244,4,2025-03-15
O304634,P200096,5,2025-04-23
O304634,P200167,5,2025-05-05
O304635,P200079,2,2025-03-26
O304635,P200083,3,2025-04-01
O304635,P200182,2,2025-03-04
O304636,P200028,5,2025-08-23
O304636,P200182,4,2025-08-08
O304637,P200244,5,2025-07-03
O304638,P200038,5,2025-09-11
O304640,P200204,5,2025-01-26
O304641,P200011,3,2024-08-02
O304643,P200228,4,2024-05-24
O304643,P200158,3,2024-05-06
O304643,P200102,4,2024-06-10
O304644,P200186,4,2025-08-15
O304644,P200127,5,2025-09-15
O304645,P200134,4,2025-01-31
O304645,P200016,5,2025-01-20
O304645,P200200,5,2025-02-06
O304645,P200114,4,2025-02-06
O304646,P200051,3,2025-04-13
O304647,P200236,5,2024-07-28
O304649,P200119,3,2024-08-26
O304650,P200069,4,2024-06-10
O304650,P200022,3,2024-06-11
O304652,P200222,4,2025-08-18
O304653,P200076,4,2024-06-20
O304653,P200207,5,2024-06-04
O304653,P200101,3,2024-06-08
O304654,P200004,3,2025-02-10
O304659,P200163,2,2025-06-15
O304660,P200051,4,2025-05-25
O304662,P200028,5,2024-03-08
O304662,P200034,4,2024-04-07
O304663,P200145,2,2024-05-08
O304664,P200202,3,2025-01-19
O304665,P200039,3,2025-10-06
O304666,P200176,4,2024-04-14
O304667,P200045,5,2025-08-22
O304668,P200043,5,2024-11-13
O304669,P200109,3,2024-07-24
O304669,P200171,3,2024-08-09
O304670,P200096,4,2024-07-31
O304670,P200158,4,2024-09-02
O304673,P200177,5,2024-07-10
O304673,P200221,5,2024-08-04
O304673,P200101,3,2024-08-12
O304675,P200111,5,2024-05-24
O304675,P200189,4,2024-04-17
O304676,P200080,1,2024-08-19
O304678,P200040,5,2024-06-18
O304678,P200087,3,2024-07-10
O304679,P200128,2,2025-05-02
O304679,P200192,4,2025-04-18
O304680,P200150,4,2025-05-29
O304683,P200024,4,2024-09-12
O304684,P200230,5,2024-04-02
O304686,P200236,2,2024-08-26
O304687,P200082,5,2025-08-14
O304687,P200089,4,2025-08-23
O304688,P200148,2,2024-09-24
O304688,P200220,5,2024-09-13
O304690,P200119,5,2025-03-28
O304690,P200125,3,2025-02-28
O304693,P200106,4,2025-09-01
O304695,P200062,3,2025-07-19
O304695,P200113,4,2025-06-26
O304695,P200152,3,2025-07-03
O304696,P200049,4,2025-02-01
O304697,P200226,3,2024-07-05
O304698,P200141,4,2024-07-03
O304698,P200089,2,2024-08-04
O304700,P200207,4,2025-09-13
O304701,P200017,3,2024-11-06
O304702,P200221,3,2024-06-08
O304702,P200220,3,2024-05-04
O304703,P200183,5,2025-07-12
O304704,P200171,4,2024-03-05
O304705,P200083,5,2024-03-19
O304708,P200214,5,2024-02-21
O304708,P200077,5,2024-02-07
O304711,P200092,3,2025-03-25
O304713,P200234,5,2024-05-13
O304714,P200157,5,2025-09-14
O304714,P200212,1,2025-09-06
O304715,P200149,5,2025-07-26
O304716,P200047,5,2024-03-07
O304716,P200127,5,2024-04-03
O304716,P200025,4,2024-04-13
O304717,P200181,5,2025-07-14
O304718,P200234,3,2024-07-20
O304718,P200112,5,2024-07-16
O304719,P200004,5,2025-01-17
O304721,P200241,4,2024-12-04
O304721,P200146,3,2024-12-04
O304722,P200187,4,2024-05-07
O304723,P200128,5,2024-11-01
O304724,P200091,5,2024-12-03
O304725,P200131,4,2025-08-26
O304725,P200185,2,2025-09-04
O304725,P200121,4,2025-08-23
O304727,P200021,3,2025-04-01
O304727,P200048,5,2025-04-10
O304728,P200169,4,2025-07-22
O304729,P200029,4,2024-08-12
O304730,P200105,5,2025-06-17
O304731,P200088,5,2024-02-20
O304731,P200091,4,2024-02-06
O304731,P200170,4,2024-03-06
O304732,P200090,5,2025-06-17
O304733,P200041,5,2024-02-06
O304733,P200223,4,2024-03-09
O304734,P200247,3,2025-08-24
O304735,P200194,5,2024-03-24
O304735,P200165,3,2024-04-13
O304735,P200112,4,2024-05-05
O304736,P200131,1,2024-11-02
O304737,P200202,5,2024-08-01
O304739,P200218,1,2024-03-04
O304740,P200048,4,2025-06-21
O304740,P200040,5,2025-05-17
O304741,P200040,3,2024-06-24
O304742,P200146,5,2024-03-30
O304742,P200196,2,2024-02-28
O304742,P200219,2,2024-03-23
O304747,P200065,3,2025-07-23
O304747,P200036,5,2025-07-15
O304747,P200064,4,2025-06-24
O304747,P200041,5,2025-06-05
O304748,P200137,3,2024-07-17
O304748,P200234,3,2024-06-13
O304749,P200033,4,2025-04-30
O304750,P200099,1,2024-02-13
O304751,P200211,4,2024-06-29
O304751,P200051,5,2024-08-14
O304754,P200031,4,2025-08-08
O304754,P200017,4,2025-09-26
O304754,P200221,3,2025-08-13
O304757,P200210,4,2025-02-13
O304757,P200098,4,2025-01-24
O304759,P200082,4,2024-04-23
O304759,P200091,4,2024-03-19
O304759,P200070,5,2024-04-01
O304760,P200083,3,2024-12-21
O304760,P200117,4,2024-11-20
O304761,P200010,2,2025-05-12
O304762,P200223,4,2024-07-17
O304762,P200054,2,2024-08-01
O304762,P200173,4,2024-07-26
O304763,P200134,4,2025-03-11
O304763,P200077,5,2025-03-05
O304764,P200196,5,2024-12-26
O304764,P200094,4,2024-11-25
O304766,P200057,5,2025-05-30
O304766,P200205,4,2025-07-15
O304767,P200192,3,2024-01-24
O304768,P200154,3,2024-04-18
O304770,P200240,4,2025-05-02
O304770,P200173,5,2025-05-21
O304770,P200113,4,2025-05-11
O304771,P200053,3,2024-10-20
O304772,P200057,5,2024-10-02
O304773,P200108,2,2024-08-01
O304774,P200068,3,2024-08-31
O304775,P200074,3,2024-08-24
O304776,P200062,4,2025-01-09
O304777,P200087,3,2025-02-10
O304778,P200151,5,2025-10-09
O304780,P200137,2,2024-12-29
O304781,P200183,5,2024-03-18
O304782,P200189,1,2024-12-02
O304782,P200051,5,2024-11-14
O304782,P200073,2,2024-10-20
O304784,P200088,1,2024-03-11
O304784,P200070,3,2024-03-14
O304786,P200183,3,2024-05-26
O304787,P200163,5,2024-06-27
O304787,P200128,5,2024-07-31
O304788,P200022,4,2025-06-22
O304789,P200127,3,2025-09-08
O304789,P200212,3,2025-09-19
O304790,P200049,5,2025-03-05
O304790,P200065,2,2025-03-20
O304790,P200046,4,2025-03-16
O304790,P200103,3,2025-02-22
O304791,P200042,4,2024-04-17
O304794,P200110,3,2025-07-21
O304794,P200034,5,2025-09-01
O304795,P200166,3,2024-05-18
O304795,P200073,5,2024-04-27
O304796,P200164,5,2025-07-18
O304796,P200013,3,2025-07-01
O304796,P200171,2,2025-07-16
O304796,P200018,3,2025-07-16
O304797,P200015,4,2025-07-19
O304797,P200074,5,2025-08-27
O304799,P200011,4,2025-07-04
O304800,P200121,4,2025-02-03
O304801,P200008,5,2024-04-07
O304801,P200210,4,2024-03-02
O304802,P200193,3,2024-08-23
O304803,P200244,3,2025-03-16
O304804,P200011,5,2024-04-30
O304805,P200079,4,2024-05-07
O304805,P200032,5,2024-05-19
O304806,P200148,4,2024-03-21
O304806,P200182,3,2024-04-22
O304807,P200237,3,2024-09-02
O304807,P200019,2,2024-09-10
O304809,P200042,2,2025-01-22
O304812,P200145,4,2024-09-14
O304816,P200125,5,2024-06-03
O304816,P200186,4,2024-06-07
O304817,P200167,5,2025-01-09
O304818,P200226,5,2025-07-07
O304819,P200055,5,2024-04-13
O304820,P200059,5,2025-09-10
O304820,P200210,4,2025-10-03
O304823,P200201,3,2025-02-21
O304823,P200098,2,2025-01-13
O304824,P200099,5,2024-06-09
O304824,P200040,3,2024-06-24
O304825,P200012,3,2024-06-09
O304825,P200154,2,2024-07-09
O304826,P200095,3,2025-01-07
O304827,P200082,5,2024-01-10
O304827,P200104,5,2024-01-20
O304828,P200224,3,2025-08-18
O304829,P200223,5,2025-09-11
O304829,P200076,4,2025-07-26
O304830,P200079,3,2025-08-23
O304830,P200119,3,2025-10-02
O304830,P200135,4,2025-10-11
O304831,P200137,2,2025-07-14
O304831,P200112,4,2025-07-27
O304832,P200136,1,2024-10-28
O304832,P200005,5,2024-09-09
O304832,P200242,5,2024-10-28
O304833,P200182,3,2025-09-23
O304834,P200170,4,2024-09-13
O304834,P200187,4,2024-09-07
O304834,P200130,5,2024-07-29
O304837,P200049,4,2024-03-06
O304839,P200154,5,2024-07-21
O304839,P200178,5,2024-08-28
O304841,P200137,5,2024-12-01
O304842,P200155,5,2025-05-31
O304843,P200193,4,2024-05-04
O304846,P200054,4,2024-05-08
O304847,P200093,2,2024-10-06
O304848,P200200,4,2024-05-13
O304851,P200054,5,2024-12-05
O304851,P200008,2,2024-12-05
O304851,P200063,4,2025-01-23
O304852,P200051,3,2024-04-07
O304854,P200097,4,2024-12-29
O304855,P200150,3,2025-09-15
O304855,P200222,4,2025-09-23
O304856,P200110,4,2025-08-16
O304857,P200103,4,2025-02-23
O304857,P200170,3,2025-02-22
O304860,P200033,3,2024-12-05
O304860,P200026,3,2024-12-12
O304862,P200173,5,2025-01-02
O304863,P200076,3,2025-07-24
O304864,P200247,4,2025-10-17
O304864,P200115,4,2025-10-10
O304867,P200058,4,2024-04-24
O304867,P200084,5,2024-05-15
O304868,P200241,4,2024-05-29
O304868,P200119,4,2024-04-26
O304868,P200137,5,2024-05-29
O304872,P200080,2,2024-04-07
O304874,P200015,4,2024-05-13
O304875,P200248,3,2024-09-01
O304875,P200218,1,2024-08-24
O304875,P200044,3,2024-08-13
O304876,P200196,3,2024-04-12
O304877,P200241,4,2024-04-05
O304878,P200097,5,2025-02-10
O304879,P200034,5,2024-04-27
O304879,P200004,5,2024-04-27
O304879,P200135,5,2024-04-24
O304880,P200080,4,2024-09-16
O304880,P200064,4,2024-09-10
O304881,P200097,4,2024-03-02
O304882,P200145,5,2025-01-17
O304882,P200063,4,2024-12-16
O304883,P200155,5,2024-08-06
O304883,P200071,2,2024-08-15
O304884,P200096,5,2025-09-27
O304885,P200238,4,2024-07-18
O304886,P200087,4,2024-05-30
O304889,P200185,5,2024-03-15
O304890,P200027,2,2024-05-25
O304891,P200212,1,2024-04-19
O304891,P200065,5,2024-04-15
O304891,P200123,3,2024-04-21
O304892,P200163,2,2025-07-06
O304894,P200108,5,2025-03-22
O304895,P200054,4,2025-04-25
O304896,P200151,5,2025-02-10
O304897,P200249,5,2025-01-30
O304897,P200075,3,2025-01-30
O304899,P200183,2,2025-02-23
O304902,P200024,1,2024-12-28
O304904,P200038,3,2025-01-15
O304904,P200249,3,2024-12-08
O304905,P200002,5,2025-06-02
O304905,P200075,5,2025-06-13
O304906,P200061,4,2024-06-09
O304906,P200237,4,2024-05-22
O304907,P200171,4,2025-01-07
O304907,P200051,5,2024-11-26
O304908,P200019,2,2024-12-29
O304909,P200027,3,2025-07-18
O304910,P200176,3,2025-05-14
O304910,P200007,4,2025-06-08
O304912,P200157,5,2024-05-18
O304913,P200139,5,2024-12-24
O304913,P200149,1,2024-12-07
O304914,P200051,4,2024-10-04
O304915,P200222,3,2025-01-20
O304916,P200182,1,2025-06-25
O304917,P200075,5,2024-09-11
O304918,P200247,4,2024-08-18
O304921,P200173,4,2024-10-18
O304922,P200044,4,2024-08-23
O304922,P200060,4,2024-08-27
O304925,P200148,2,2025-06-25
O304926,P200076,5,2025-02-10
O304927,P200004,2,2025-09-10
O304933,P200118,4,2024-04-06
O304934,P200135,5,2024-08-07
O304934,P200152,3,2024-07-22
O304935,P200009,4,2024-12-15
O304935,P200048,5,2024-12-17
O304938,P200077,3,2025-08-11
O304940,P200021,3,2025-04-10
O304942,P200100,2,2024-11-06
O304943,P200143,1,2025-05-21
O304943,P200231,3,2025-05-31
O304943,P200216,4,2025-05-26
O304944,P200216,2,2025-04-05
O304945,P200065,5,2024-08-11
O304946,P200102,4,2025-02-21
O304946,P200094,4,2025-03-15
O304949,P200113,3,2025-08-31
O304950,P200167,4,2024-02-08
O304950,P200054,5,2024-02-03
O304950,P200169,2,2024-02-24
O304950,P200010,5,2024-02-24
O304951,P200074,4,2024-08-18
O304952,P200078,4,2025-06-02
O304953,P200231,4,2024-04-30
O304954,P200172,2,2024-11-26
O304955,P200211,4,2024-01-25
O304958,P200159,3,2025-05-28
O304958,P200052,4,2025-05-26
O304958,P200136,5,2025-04-18
O304959,P200200,4,2024-07-23
O304959,P200247,3,2024-08-13
O304959,P200107,4,2024-08-08
O304960,P200031,3,2024-07-05
O304960,P200052,5,2024-07-16
O304960,P200237,4,2024-06-20
O304961,P200246,5,2025-04-06
O304962,P200113,4,2024-08-09
O304964,P200224,3,2025-07-24
O304964,P200084,4,2025-09-05
O304964,P200138,1,2025-08-13
O304965,P200238,5,2024-04-24
O304966,P200085,5,2024-11-03
O304967,P200110,4,2025-07-17
O304967,P200224,3,2025-07-18
O304969,P200077,3,2024-08-24
O304969,P200027,5,2024-09-21
O304971,P200000,3,2025-05-20
O304971,P200154,4,2025-05-31
O304971,P200006,5,2025-06-07
O304972,P200108,5,2025-07-17
O304973,P200063,1,2025-02-04
O304974,P200135,5,2025-07-14
O304975,P200183,1,2025-01-08
O304976,P200213,3,2024-03-19
O304976,P200155,4,2024-03-29
O304978,P200107,4,2024-10-24
O304978,P200069,4,2024-11-26
O304978,P200154,5,2024-11-03
O304979,P200245,3,2024-02-25
O304979,P200239,4,2024-02-24
O304982,P200175,3,2024-05-09
O304982,P200205,3,2024-05-08
O304984,P200043,5,2024-11-09
O304984,P200030,2,2024-10-21
O304984,P200145,1,2024-11-22
O304985,P200224,4,2024-10-13
O304986,P200087,4,2024-10-14
O304986,P200199,4,2024-09-16
O304989,P200227,4,2024-12-30
O304989,P200007,5,2024-11-30
O304990,P200087,4,2025-07-14
O304991,P200176,5,2024-09-26
O304992,P200044,4,2025-05-11
O304992,P200116,4,2025-04-21
O304994,P200010,2,2024-05-05
O304995,P200174,5,2025-07-14
O304995,P200184,4,2025-07-19
O304995,P200209,3,2025-07-18
O304997,P200019,4,2025-02-06
O304998,P200030,4,2025-01-10
O304998,P200187,4,2024-12-08
O305000,P200241,4,2025-03-10
O305001,P200031,3,2025-10-26
O305002,P200093,5,2025-09-10
O305002,P200190,4,2025-08-14
O305002,P200129,4,2025-09-11
O305004,P200180,2,2024-08-27
O305004,P200012,5,2024-07-29
O305004,P200096,4,2024-07-21
O305006,P200188,2,2024-12-27
O305006,P200100,4,2025-01-23
O305007,P200030,3,2025-05-19
O305008,P200118,4,2025-02-06
O305008,P200043,4,2025-01-12
O305008,P200245,5,2025-01-02
O305009,P200114,4,2025-03-01
O305009,P200099,4,2025-03-27
O305010,P200188,3,2024-12-17
O305011,P200175,5,2024-11-11
O305011,P200214,3,2024-10-06
O305012,P200099,2,2025-06-04
O305012,P200098,3,2025-06-29
O305014,P200116,3,2025-08-30
O305016,P200177,4,2025-08-01
O305017,P200248,5,2025-05-17
O305019,P200052,4,2025-08-11
O305019,P200059,4,2025-07-28
O305020,P200001,5,2024-05-15
O305020,P200078,4,2024-05-04
O305021,P200174,5,2024-08-24
O305022,P200147,4,2024-12-19
O305023,P200020,3,2025-05-26
O305025,P200243,4,2024-05-28
O305026,P200166,5,2025-06-30
O305026,P200025,2,2025-06-10
O305027,P200179,5,2024-08-15
O305032,P200200,4,2025-08-29
O305032,P200011,5,2025-07-15
O305032,P200157,3,2025-08-31
O305034,P200026,4,2025-10-16
O305037,P200013,2,2024-04-20
O305037,P200089,2,2024-03-15
O305044,P200155,4,2024-11-13
O305044,P200087,2,2024-10-19
O305045,P200001,4,2024-07-30
O305045,P200057,4,2024-08-24
O305046,P200055,5,2025-06-19
O305046,P200135,5,2025-07-09
O305047,P200200,3,2025-06-20
O305047,P200056,5,2025-06-05
O305050,P200010,2,2025-01-21
O305051,P200006,5,2025-06-04
O305053,P200013,4,2024-10-06
O305056,P200136,4,2025-08-21
O305059,P200159,5,2025-01-07
O305059,P200230,4,2025-01-02
O305061,P200140,4,2024-09-18
O305061,P200049,4,2024-09-11
O305062,P200033,3,2025-07-21
O305062,P200231,2,2025-07-13
O305062,P200069,4,2025-08-03
O305063,P200024,3,2024-12-14
O305065,P200102,3,2025-09-04
O305065,P200018,3,2025-08-06
O305065,P200010,5,2025-08-06
O305066,P200046,3,2024-04-28
O305066,P200035,5,2024-04-17
O305067,P200192,4,2024-12-04
O305068,P200147,4,2025-09-04
O305069,P200082,5,2025-05-13
O305069,P200074,4,2025-05-15
O305071,P200141,3,2025-08-04
O305071,P200167,5,2025-08-21
O305071,P200244,3,2025-08-11
O305071,P200053,4,2025-08-30
O305075,P200033,4,2024-10-01
O305075,P200021,5,2024-08-15
O305075,P200063,4,2024-08-18
O305076,P200086,4,2024-09-27
O305077,P200040,4,2024-10-10
O305079,P200063,4,2025-01-21
O305079,P200175,1,2025-01-23
O305079,P200060,4,2025-02-06
O305083,P200214,3,2024-11-05
O305084,P200214,5,2025-03-31
O305085,P200231,5,2024-02-21
O305088,P200004,4,2024-09-22
O305088,P200005,2,2024-09-08
O305091,P200226,3,2025-07-31
O305092,P200196,4,2025-03-25
O305092,P200028,5,2025-04-15
O305093,P200124,5,2024-03-24
O305096,P200019,5,2024-11-27
O305096,P200007,2,2024-11-07
O305097,P200198,3,2025-01-27
O305098,P200214,5,2024-01-29
O305099,P200087,4,2025-05-18
O305101,P200110,5,2024-07-03
O305101,P200185,1,2024-06-09
O305103,P200103,4,2025-06-28
O305104,P200144,4,2024-05-22
O305105,P200044,5,2024-08-23
O305105,P200177,3,2024-10-06
O305106,P200068,3,2024-06-30
O305107,P200096,4,2024-11-08
O305107,P200194,4,2024-11-11
O305108,P200100,3,2024-05-01
O305111,P200139,5,2024-02-24
O305112,P200233,5,2024-04-23
O305112,P200026,2,2024-04-24
O305113,P200093,5,2024-08-02
O305114,P200062,5,2024-08-25
O305114,P200101,3,2024-07-21
O305115,P200128,5,2025-02-20
O305116,P200055,4,2024-09-08
O305116,P200019,5,2024-09-01
O305117,P200093,4,2025-07-07
O305117,P200097,3,2025-07-28
O305117,P200079,4,2025-08-21
O305119,P200041,4,2025-01-26
O305121,P200248,5,2024-06-08
O305121,P200174,5,2024-07-28
O305123,P200022,4,2024-04-29
O305124,P200044,4,2024-10-17
O305125,P200198,3,2025-02-01
O305126,P200087,5,2025-05-26
O305127,P200039,5,2025-02-04
O305130,P200119,5,2025-08-01
O305130,P200070,2,2025-08-04
O305130,P200150,4,2025-07-29
O305131,P200227,4,2024-09-05
O305132,P200068,5,2024-09-17
O305132,P200111,3,2024-10-13
O305133,P200157,5,2025-04-25
O305134,P200129,5,2024-11-27
O305138,P200221,5,2024-06-13
O305138,P200085,2,2024-06-06
O305138,P200038,5,2024-06-07
O305139,P200016,4,2024-12-24
O305140,P200158,2,2025-06-21
O305140,P200114,4,2025-07-07
O305140,P200241,5,2025-08-01
O305141,P200242,5,2025-03-09
O305141,P200215,5,2025-01-24
O305142,P200063,5,2024-07-29
O305143,P200095,5,2024-11-26
O305146,P200187,5,2024-09-22
O305147,P200219,5,2025-02-09
O305148,P200232,4,2024-06-15
O305150,P200186,4,2024-07-16
O305151,P200237,4,2024-02-13
O305152,P200244,4,2024-11-20
O305152,P200033,5,2024-11-06
O305153,P200143,5,2025-08-06
O305154,P200026,3,2024-07-04
O305155,P200175,5,2025-02-11
O305156,P200245,4,2024-11-20
O305156,P200181,5,2024-11-26
O305158,P200214,4,2025-06-22
O305159,P200088,4,2025-05-20
O305161,P200187,4,2024-07-01
O305162,P200210,4,2025-08-26
O305162,P200061,5,2025-09-11
O305162,P200000,1,2025-09-06
O305164,P200118,3,2024-08-01
O305165,P200122,4,2024-08-16
O305166,P200110,4,2025-08-30
O305167,P200022,4,2024-01-17
O305169,P200134,4,2025-07-22
O305170,P200128,5,2025-01-18
O305170,P200248,2,2025-02-28
O305171,P200216,4,2025-10-02
O305171,P200168,4,2025-10-03
O305172,P200127,4,2025-07-22
O305173,P200030,2,2025-06-03
O305173,P200210,5,2025-04-28
O305173,P200108,4,2025-05-07
O305174,P200237,5,2025-02-01
O305177,P200040,5,2024-06-22
O305178,P200209,2,2025-03-30
O305179,P200130,4,2025-01-18
O305180,P200158,3,2024-03-10
O305181,P200212,3,2025-09-20
O305183,P200044,4,2024-04-13
O305183,P200143,4,2024-03-30
O305184,P200147,5,2024-10-16
O305186,P200152,4,2025-05-18
O305187,P200016,5,2024-12-30
O305188,P200095,5,2024-02-21
O305189,P200248,2,2025-06-23
O305190,P200233,4,2024-11-02
O305191,P200167,4,2025-08-21
O305191,P200133,5,2025-08-22
O305192,P200186,5,2025-01-02
O305192,P200002,5,2024-11-30
O305194,P200115,4,2025-09-13
O305194,P200186,2,2025-08-21
O305194,P200073,3,2025-10-10
O305195,P200160,4,2025-07-09
O305196,P200051,4,2024-06-08
O305197,P200222,1,2025-01-15
O305198,P200180,4,2024-03-22
O305199,P200150,5,2025-10-23
O305199,P200031,2,2025-10-14
O305200,P200162,4,2025-07-24
O305200,P200179,4,2025-06-25
O305200,P200137,5,2025-06-16
O305201,P200244,2,2025-04-10
O305204,P200163,5,2025-03-29
O305204,P200079,3,2025-03-08
O305205,P200224,3,2025-05-27
O305207,P200094,3,2024-04-27
O305208,P200239,5,2024-10-18
O305209,P200206,3,2024-08-28
O305210,P200145,2,2024-09-22
O305211,P200163,5,2025-01-07
O305212,P200080,5,2024-11-07
O305213,P200018,3,2024-04-28
O305213,P200099,5,2024-04-20
O305215,P200024,5,2025-01-29
O305215,P200015,2,2025-01-13
O305215,P200006,3,2024-12-11
O305216,P200162,4,2025-01-23
O305219,P200237,4,2025-09-19
O305220,P200230,1,2025-04-10
O305221,P200163,4,2024-03-09
O305221,P200152,5,2024-02-11
O305222,P200116,4,2024-05-12
O305225,P200086,2,2025-02-19
O305225,P200236,3,2025-01-14
O305225,P200179,4,2025-01-24
O305226,P200176,4,2025-02-13
O305227,P200245,2,2025-01-12
O305230,P200002,4,2024-09-11
O305232,P200034,3,2024-02-14
O305232,P200247,2,2024-03-19
O305234,P200134,4,2025-06-23
O305234,P200084,4,2025-07-20
O305236,P200068,3,2025-01-16
O305236,P200084,5,2025-01-19
O305237,P200154,2,2025-07-02
O305238,P200141,3,2025-04-16
O305239,P200079,4,2024-07-09
O305240,P200147,4,2025-07-15
O305243,P200065,4,2024-03-25
O305243,P200036,3,2024-03-04
O305244,P200018,3,2025-05-06
O305244,P200023,5,2025-05-17
O305244,P200178,2,2025-05-07
O305246,P200152,1,2025-09-03
O305246,P200008,4,2025-09-06
O305246,P200155,3,2025-08-08
O305248,P200035,4,2025-02-14
O305248,P200185,4,2025-03-03
O305249,P200069,4,2024-05-10
O305250,P200182,3,2024-09-01
O305250,P200230,4,2024-09-08
O305251,P200085,4,2025-01-17
O305252,P200219,3,2024-04-29
O305253,P200038,2,2025-08-03
O305254,P200019,2,2025-07-25
O305254,P200128,4,2025-08-08
O305254,P200118,4,2025-07-26
O305256,P200039,4,2024-05-23
O305256,P200014,1,2024-06-02
O305257,P200004,5,2024-05-29
O305258,P200041,4,2025-01-25
O305260,P200225,3,2024-12-23
O305261,P200211,3,2024-03-29
O305262,P200214,5,2024-09-25
O305265,P200163,2,2025-02-26
O305265,P200240,2,2025-03-04
O305266,P200249,5,2025-01-09
O305270,P200208,5,2024-07-11
O305271,P200221,4,2024-04-28
O305274,P200151,2,2025-04-27
O305274,P200141,4,2025-06-05
O305275,P200200,3,2024-08-31
O305275,P200194,5,2024-07-29
O305275,P200080,5,2024-07-30
O305276,P200054,5,2024-03-25
O305278,P200010,1,2025-05-04
O305278,P200194,5,2025-06-01
O305279,P200039,4,2025-05-23
O305281,P200213,1,2024-11-02
O305281,P200200,5,2024-11-15
O305281,P200134,5,2024-12-23
O305282,P200172,3,2024-06-15
O305284,P200141,4,2024-10-16
O305286,P200115,3,2024-11-22
O305288,P200202,4,2024-09-25
O305291,P200092,4,2024-10-04
O305292,P200224,2,2024-03-17
O305293,P200087,1,2025-05-20
O305293,P200066,5,2025-04-26
O305295,P200068,3,2024-06-23
O305296,P200142,4,2024-05-31
O305296,P200161,5,2024-06-04
O305297,P200026,5,2025-05-23
O305300,P200224,4,2025-04-27
O305300,P200075,3,2025-03-31
O305302,P200211,2,2025-03-24
O305303,P200111,3,2024-11-19
O305303,P200078,5,2024-10-21
O305306,P200064,4,2025-08-29
O305307,P200038,4,2025-02-02
O305307,P200245,5,2025-02-02
O305308,P200158,4,2024-10-06
O305310,P200076,4,2024-11-30
O305310,P200060,2,2024-10-29
O305311,P200126,2,2024-03-25
O305312,P200154,4,2025-06-15
O305313,P200188,2,2025-08-29
O305314,P200009,2,2024-05-19
O305314,P200175,5,2024-04-21
O305315,P200111,4,2024-03-01
O305316,P200111,5,2025-06-07
O305317,P200130,3,2025-06-26
O305318,P200170,5,2024-03-17
O305320,P200242,5,2025-02-25
O305322,P200028,3,2024-12-18
O305323,P200217,5,2025-06-13
O305325,P200067,2,2025-04-20
O305327,P200141,5,2025-07-22
O305327,P200089,4,2025-08-10
O305327,P200011,4,2025-08-13
O305327,P200135,5,2025-08-14
O305328,P200146,1,2024-06-01
O305328,P200223,4,2024-06-07
O305329,P200043,4,2025-10-08
O305330,P200048,3,2024-03-25
O305330,P200038,3,2024-03-31
O305332,P200054,3,2025-07-17
O305333,P200011,3,2025-07-15
O305333,P200145,5,2025-08-16
O305333,P200160,5,2025-08-09
O305335,P200112,4,2024-03-02
O305335,P200017,4,2024-02-16
O305336,P200020,4,2024-07-28
O305341,P200113,2,2024-03-24
O305342,P200056,5,2024-07-07
O305342,P200220,5,2024-07-22
O305345,P200104,4,2025-02-01
O305348,P200018,2,2025-05-01
O305348,P200130,4,2025-04-29
O305351,P200076,5,2024-10-03
O305352,P200193,2,2025-05-15
O305352,P200030,3,2025-06-11
O305353,P200028,3,2025-04-30
O305354,P200075,3,2025-03-26
O305354,P200182,3,2025-04-27
O305355,P200050,4,2025-08-07
O305355,P200112,5,2025-07-27
O305356,P200126,4,2025-03-23
O305357,P200023,3,2024-11-04
O305357,P200010,2,2024-12-13
O305358,P200199,5,2024-01-23
O305358,P200117,1,2024-01-22
O305360,P200070,5,2024-11-01
O305360,P200099,4,2024-11-03
O305360,P200127,1,2024-10-07
O305362,P200213,3,2025-04-08
O305364,P200052,4,2024-04-11
O305367,P200091,3,2024-03-31
O305368,P200065,5,2024-12-20
O305368,P200180,1,2024-11-29
O305370,P200154,3,2025-02-06
O305371,P200087,3,2024-04-10
O305371,P200130,5,2024-05-10
O305372,P200173,5,2024-11-05
O305372,P200111,5,2024-11-03
O305375,P200218,4,2025-06-24
O305376,P200095,4,2025-05-12
O305377,P200211,5,2024-10-26
O305379,P200176,5,2024-08-02
O305379,P200111,3,2024-07-21
O305381,P200177,5,2025-02-27
O305382,P200203,4,2025-09-02
O305383,P200082,4,2024-06-20
O305384,P200217,2,2024-04-23
O305386,P200020,5,2024-07-19
O305386,P200043,5,2024-07-20
O305386,P200189,5,2024-06-30
O305388,P200223,3,2025-04-23
O305388,P200224,2,2025-04-02
O305389,P200106,3,2025-08-21
O305389,P200113,3,2025-08-12
O305389,P200062,3,2025-09-16
O305389,P200055,4,2025-08-19
O305391,P200159,5,2024-07-03
O305391,P200001,4,2024-06-20
O305391,P200173,3,2024-07-07
O305392,P200136,3,2025-01-09
O305392,P200099,4,2024-12-28
O305393,P200054,4,2024-09-05
O305393,P200231,4,2024-08-10
O305395,P200107,5,2024-08-07
O305395,P200218,1,2024-07-27
O305396,P200169,4,2024-09-25
O305397,P200026,4,2024-05-15
O305397,P200089,5,2024-06-17
O305397,P200155,3,2024-04-30
O305398,P200131,4,2025-02-28
O305398,P200244,4,2025-01-12
O305398,P200206,4,2025-02-03
O305399,P200151,3,2024-08-28
O305399,P200099,4,2024-08-24
O305401,P200223,3,2025-06-29
O305401,P200219,4,2025-07-07
O305403,P200235,5,2025-05-18
O305404,P200166,3,2024-02-16
O305406,P200247,2,2024-05-08
O305407,P200225,1,2024-04-28
O305409,P200064,5,2024-11-29
O305410,P200126,4,2025-03-30
O305411,P200116,3,2024-07-06
O305411,P200193,4,2024-05-29
O305411,P200051,3,2024-06-09
O305411,P200103,4,2024-06-28
O305412,P200106,2,2025-09-08
O305412,P200009,5,2025-08-07
O305413,P200167,3,2025-10-14
O305415,P200028,4,2025-06-05
O305418,P200073,5,2024-03-16
O305419,P200216,4,2024-07-18
O305419,P200121,4,2024-06-26
O305420,P200230,4,2024-08-31
O305420,P200221,4,2024-08-16
O305421,P200107,3,2025-02-28
O305421,P200137,3,2025-02-12
O305423,P200014,4,2025-03-11
O305423,P200035,3,2025-03-05
O305424,P200144,4,2024-11-13
O305425,P200112,3,2025-08-27
O305426,P200213,4,2025-02-22
O305429,P200197,2,2024-10-22
O305429,P200249,4,2024-11-19
O305431,P200223,5,2025-01-27
O305432,P200244,3,2025-07-19
O305433,P200067,5,2024-11-11
O305434,P200014,3,2024-09-17
O305436,P200208,5,2025-01-06
O305437,P200098,5,2024-11-22
O305437,P200240,1,2024-10-23
O305438,P200006,3,2024-02-24
O305438,P200219,5,2024-02-22
O305441,P200196,2,2025-03-29
O305442,P200127,2,2025-06-30
O305442,P200059,1,2025-06-14
O305442,P200180,3,2025-06-04
O305443,P200225,4,2025-04-06
O305444,P200227,3,2025-10-10
O305444,P200132,5,2025-10-03
O305444,P200051,4,2025-10-07
O305445,P200079,4,2024-03-07
O305447,P200077,3,2025-05-05
O305452,P200079,4,2024-05-14
O305452,P200043,3,2024-06-14
O305453,P200147,5,2025-03-10
O305455,P200184,5,2024-08-30
O305455,P200194,1,2024-08-23
O305455,P200169,4,2024-08-15
O305455,P200199,4,2024-08-29
O305456,P200028,4,2025-03-30
O305456,P200079,5,2025-03-30
O305456,P200125,5,2025-04-19
O305456,P200140,4,2025-04-12
O305457,P200040,4,2025-05-25
O305459,P200245,3,2025-04-29
O305459,P200100,2,2025-04-28
O305460,P200223,1,2025-09-11
O305461,P200208,1,2025-06-05
O305461,P200029,5,2025-05-15
O305462,P200190,3,2024-06-22
O305463,P200061,5,2024-04-14
O305463,P200212,2,2024-04-13
O305464,P200140,5,2025-02-18
O305464,P200240,4,2025-03-16
O305465,P200246,4,2025-06-03
O305465,P200070,5,2025-05-10
O305466,P200188,4,2024-12-31
O305466,P200017,5,2024-12-14
O305468,P200116,5,2024-12-06
O305471,P200046,1,2024-09-21
O305473,P200095,4,2024-03-29
O305473,P200144,4,2024-04-21
O305473,P200235,5,2024-04-15
O305473,P200086,3,2024-04-04
O305474,P200006,3,2024-07-06
O305474,P200124,2,2024-08-12
O305476,P200231,4,2025-08-30
O305477,P200144,1,2024-02-23
O305479,P200125,4,2024-05-06
O305479,P200055,3,2024-04-22
O305481,P200200,3,2025-06-15
O305482,P200245,2,2025-04-05
O305483,P200198,4,2024-04-28
O305484,P200076,3,2025-08-24
O305485,P200061,1,2025-05-03
O305486,P200086,3,2025-09-07
O305487,P200098,5,2024-03-20
O305488,P200077,1,2024-08-02
O305488,P200188,3,2024-08-14
O305490,P200082,3,2025-03-06
O305490,P200135,3,2025-04-15
O305490,P200132,3,2025-04-21
O305490,P200110,4,2025-03-05
O305491,P200192,5,2025-01-18
O305493,P200244,4,2024-02-26
O305495,P200123,3,2024-05-15
O305496,P200127,5,2025-06-01
O305496,P200238,3,2025-04-24
O305498,P200115,4,2024-11-03
O305498,P200106,4,2024-09-28
O305499,P200036,4,2024-11-18
O305499,P200205,4,2024-11-10
O305500,P200060,3,2024-04-02
O305500,P200007,4,2024-04-16
O305500,P200035,4,2024-05-05
O305502,P200094,4,2024-03-28
O305504,P200136,4,2025-03-03
O305506,P200132,5,2024-01-06
O305506,P200041,5,2024-02-07
O305506,P200224,5,2024-02-16
O305509,P200009,1,2024-05-17
O305510,P200051,4,2024-04-02
O305510,P200026,4,2024-04-17
O305511,P200181,2,2024-05-05
O305512,P200061,5,2025-08-17
O305514,P200128,4,2025-02-07
O305514,P200032,4,2025-01-19
O305515,P200178,5,2024-08-27
O305517,P200149,4,2024-09-11
O305517,P200067,5,2024-08-18
O305518,P200099,4,2024-10-10
O305519,P200237,2,2025-05-16
O305519,P200065,1,2025-05-28
O305520,P200074,5,2025-01-09
O305520,P200082,4,2025-01-23
O305524,P200034,3,2024-04-01
O305524,P200111,4,2024-03-11
O305525,P200089,4,2024-06-27
O305525,P200193,3,2024-08-11
O305526,P200198,4,2025-02-14
O305528,P200184,4,2024-05-31
O305529,P200147,4,2024-11-13
O305530,P200245,5,2024-05-02
O305531,P200219,5,2025-06-26
O305532,P200180,5,2025-04-18
O305532,P200209,5,2025-02-25
O305535,P200179,1,2025-06-10
O305535,P200070,5,2025-04-20
O305536,P200080,5,2024-07-06
O305537,P200134,3,2024-07-12
O305537,P200246,5,2024-07-12
O305539,P200216,4,2025-03-20
O305539,P200223,5,2025-03-21
O305539,P200210,3,2025-04-14
O305539,P200249,5,2025-03-12
O305540,P200174,5,2024-04-21
O305540,P200097,5,2024-05-20
O305540,P200164,2,2024-03-28
O305542,P200188,2,2025-02-11
O305542,P200202,4,2025-01-08
O305543,P200067,5,2025-08-07
O305543,P200205,3,2025-08-16
O305543,P200165,2,2025-08-04
O305546,P200182,4,2025-05-19
O305546,P200002,5,2025-04-23
O305546,P200156,5,2025-04-27
O305547,P200090,5,2025-01-13
O305548,P200098,4,2024-09-06
O305549,P200200,5,2025-02-25
O305549,P200157,5,2025-02-27
O305550,P200099,5,2024-10-29
O305551,P200041,4,2025-06-05
O305551,P200080,3,2025-06-17
O305553,P200097,5,2024-09-23
O305553,P200198,3,2024-09-10
O305554,P200215,4,2025-07-02
O305554,P200024,4,2025-07-02
O305555,P200083,5,2024-09-30
O305558,P200158,4,2025-01-07
O305560,P200210,2,2025-07-17
O305561,P200060,4,2024-09-24
O305562,P200010,2,2025-05-01
O305562,P200246,3,2025-04-14
O305567,P200163,2,2025-02-25
O305567,P200138,4,2025-02-15
O305569,P200041,3,2024-06-27
O305570,P200242,4,2025-02-05
O305570,P200239,4,2025-03-02
O305571,P200159,4,2024-12-06
O305571,P200036,1,2024-11-15
O305573,P200213,1,2024-10-16
O305573,P200024,4,2024-10-19
O305574,P200094,3,2024-02-11
O305575,P200172,4,2025-02-14
O305576,P200083,4,2024-12-18
O305577,P200222,4,2024-11-04
O305578,P200239,4,2025-02-20
O305580,P200099,5,2025-01-01
O305581,P200234,4,2024-01-31
O305582,P200082,3,2024-03-10
O305582,P200165,3,2024-02-19
O305584,P200175,5,2024-04-23
O305584,P200208,5,2024-04-18
O305586,P200089,4,2024-04-15
O305587,P200122,5,2024-10-17
O305588,P200107,4,2024-09-04
O305588,P200180,1,2024-09-18
O305589,P200149,5,2025-05-26
O305589,P200016,4,2025-05-26
O305593,P200213,4,2024-10-04
O305594,P200092,5,2024-11-12
O305594,P200164,4,2024-11-06
O305594,P200073,4,2024-11-18
O305595,P200055,5,2025-07-30
O305597,P200235,5,2024-03-23
O305597,P200189,4,2024-04-11
O305598,P200018,1,2024-09-09
O305599,P200218,5,2024-12-28
O305601,P200147,4,2025-09-13
O305602,P200124,4,2025-01-29
O305603,P200017,5,2024-09-25
O305604,P200102,4,2025-07-09
O305605,P200051,2,2024-08-10
O305605,P200147,3,2024-09-02
O305606,P200153,5,2024-10-04
O305607,P200228,5,2025-02-19
O305608,P200235,4,2024-09-01
O305608,P200213,5,2024-08-22
O305609,P200082,5,2025-09-05
O305610,P200109,5,2024-04-03
O305610,P200122,5,2024-04-28
O305610,P200195,5,2024-04-03
O305610,P200121,4,2024-03-07
O305612,P200153,4,2024-02-07
O305613,P200079,5,2024-04-05
O305614,P200060,5,2024-06-24
O305615,P200200,4,2025-05-17
O305615,P200076,3,2025-05-14
O305615,P200126,3,2025-05-03
O305616,P200107,2,2025-09-25
O305616,P200064,1,2025-10-24
O305617,P200083,5,2024-03-17
O305618,P200243,4,2024-06-09
O305619,P200026,4,2024-08-14
O305620,P200042,1,2024-12-16
O305621,P200129,4,2024-08-04
O305622,P200016,1,2025-09-20
O305622,P200152,4,2025-09-21
O305623,P200051,5,2025-05-23
O305625,P200085,5,2024-05-29
O305626,P200069,3,2025-05-10
O305626,P200058,4,2025-05-05
O305626,P200231,3,2025-05-16
O305627,P200158,4,2025-06-16
O305628,P200203,4,2024-08-28
O305629,P200144,3,2025-05-05
O305630,P200197,4,2024-08-20
O305631,P200239,4,2024-07-28
O305632,P200062,4,2025-03-16
O305632,P200095,3,2025-03-06
O305632,P200223,1,2025-03-18
O305633,P200148,5,2024-09-21
O305634,P200066,4,2024-06-16
O305638,P200068,4,2025-05-19
O305638,P200157,4,2025-04-28
O305639,P200186,5,2025-06-22
O305641,P200040,4,2025-06-09
O305641,P200049,4,2025-05-05
O305642,P200218,4,2024-03-04
O305642,P200011,4,2024-04-01
O305644,P200019,4,2025-03-23
O305645,P200063,5,2024-08-28
O305645,P200224,3,2024-07-28
O305645,P200245,2,2024-09-01
O305648,P200064,2,2024-03-17
O305648,P200104,2,2024-02-23
O305649,P200065,1,2025-07-21
O305650,P200215,5,2024-09-20
O305653,P200027,5,2024-07-22
O305656,P200181,4,2024-11-15
O305656,P200005,3,2024-11-07
O305659,P200086,5,2025-07-14
O305661,P200162,5,2024-12-18
O305661,P200093,4,2025-01-22
O305662,P200073,4,2025-04-30
O305662,P200152,5,2025-06-12
O305663,P200172,4,2025-03-15
O305664,P200246,5,2025-01-23
O305666,P200151,3,2025-06-28
O305666,P200122,5,2025-05-27
O305668,P200015,2,2024-05-20
O305669,P200044,5,2024-11-23
O305670,P200182,3,2025-03-29
O305673,P200192,5,2025-04-11
O305673,P200104,3,2025-04-13
O305674,P200001,4,2024-03-01
O305676,P200081,4,2024-12-16
O305676,P200072,3,2024-12-27
O305677,P200209,4,2025-04-28
O305678,P200147,5,2024-04-16
O305681,P200201,5,2024-11-27
O305683,P200111,2,2024-09-28
O305683,P200098,5,2024-09-07
O305685,P200249,5,2024-03-03
O305686,P200069,3,2025-03-07
O305686,P200059,5,2025-03-26
O305687,P200195,4,2024-10-01
O305690,P200051,4,2025-01-15
O305690,P200081,3,2025-01-25
O305691,P200008,5,2025-01-14
O305693,P200102,3,2024-11-23
O305694,P200070,4,2025-06-07
O305695,P200058,4,2024-05-28
O305696,P200147,5,2024-12-27
O305696,P200089,2,2024-12-11
O305698,P200106,4,2025-02-05
O305699,P200199,3,2025-08-16
O305700,P200156,2,2024-04-29
O305702,P200083,4,2024-08-20
O305702,P200109,4,2024-08-01
O305705,P200052,4,2024-06-20
O305705,P200179,4,2024-05-16
O305707,P200100,3,2024-10-01
O305707,P200115,1,2024-09-20
O305707,P200071,4,2024-08-30
O305708,P200231,5,2025-07-28
O305709,P200076,4,2024-07-01
O305710,P200107,3,2024-09-22
O305710,P200174,3,2024-08-13
O305712,P200144,3,2025-02-07
O305716,P200004,4,2025-06-25
O305719,P200089,2,2024-07-14
O305719,P200097,3,2024-06-03
O305720,P200144,5,2025-03-09
O305721,P200070,4,2025-06-16
O305722,P200075,1,2025-01-26
O305723,P200242,1,2025-03-13
O305724,P200154,5,2024-05-31
O305725,P200235,5,2024-07-04
O305726,P200089,3,2024-08-06
O305726,P200246,3,2024-08-02
O305726,P200234,5,2024-07-26
O305727,P200175,4,2025-05-23
O305728,P200002,4,2025-04-25
O305732,P200075,4,2024-08-29
O305735,P200228,5,2024-09-18
O305739,P200132,5,2024-02-08
O305739,P200005,5,2024-02-11
O305739,P200045,3,2024-01-28
O305739,P200099,3,2024-03-16
O305740,P200153,4,2025-03-02
O305741,P200037,3,2025-08-17
O305741,P200119,3,2025-08-10
O305741,P200217,4,2025-07-04
O305742,P200077,4,2024-10-24
O305744,P200189,4,2024-11-25
O305745,P200229,4,2025-09-28
O305745,P200034,5,2025-09-18
O305748,P200125,2,2025-05-06
O305748,P200094,4,2025-05-23
O305749,P200075,5,2024-10-07
O305749,P200249,4,2024-10-24
O305750,P200066,3,2025-02-21
O305750,P200124,4,2025-03-27
O305750,P200173,5,2025-02-21
O305751,P200161,5,2024-11-12
O305751,P200104,4,2024-11-07
O305752,P200212,4,2024-12-11
O305752,P200249,5,2024-12-30
O305753,P200134,4,2024-06-10
O305754,P200120,4,2025-02-03
O305754,P200168,3,2025-01-21
O305757,P200010,2,2024-09-05
O305757,P200184,4,2024-09-09
O305757,P200035,1,2024-09-13
O305759,P200245,4,2024-03-12
O305760,P200212,5,2025-06-21
O305760,P200001,4,2025-06-29
O305761,P200071,5,2025-03-18
O305763,P200139,5,2025-08-05
O305764,P200192,4,2025-07-30
O305765,P200072,2,2024-05-12
O305766,P200034,3,2024-02-19
O305769,P200103,4,2024-06-03
O305771,P200246,3,2024-11-21
O305771,P200128,4,2024-10-24
O305772,P200238,5,2024-02-02
O305774,P200132,5,2024-02-25
O305774,P200155,5,2024-01-23
O305774,P200243,4,2024-01-25
O305775,P200249,5,2024-10-05
O305776,P200190,5,2025-04-27
O305776,P200077,5,2025-04-28
O305777,P200234,4,2025-08-21
O305777,P200159,4,2025-09-08
O305780,P200053,4,2025-06-07
O305781,P200226,4,2025-08-01
O305782,P200199,3,2025-06-17
O305783,P200085,3,2024-07-28
O305784,P200202,5,2025-05-20
O305784,P200054,4,2025-05-25
O305784,P200028,3,2025-05-22
O305786,P200138,4,2025-08-31
O305787,P200097,4,2025-09-04
O305788,P200024,3,2025-04-15
O305788,P200248,2,2025-05-14
O305788,P200185,4,2025-03-23
O305791,P200140,4,2024-04-30
O305792,P200091,1,2024-05-17
O305794,P200162,1,2025-01-23
O305794,P200134,3,2025-02-03
O305795,P200220,5,2025-03-08
O305795,P200190,5,2025-02-27
O305795,P200035,4,2025-01-20
O305796,P200120,5,2025-04-08
O305796,P200026,4,2025-02-20
O305797,P200111,4,2025-03-06
O305798,P200184,4,2025-03-07
O305798,P200003,5,2025-03-12
O305799,P200172,2,2025-06-16
O305799,P200109,2,2025-06-01
O305799,P200095,4,2025-05-01
O305802,P200113,4,2024-10-05
O305802,P200031,5,2024-10-30
O305803,P200212,4,2025-06-13
O305803,P200156,3,2025-04-29
O305804,P200026,4,2024-10-27
O305804,P200008,5,2024-10-25
O305804,P200180,3,2024-11-25
O305806,P200100,5,2025-02-25
O305808,P200025,2,2025-08-27
O305809,P200207,4,2024-08-06
O305809,P200145,5,2024-07-13
O305811,P200032,4,2024-08-04
O305811,P200092,4,2024-07-30
O305814,P200175,5,2024-12-19
O305815,P200020,1,2025-05-03
O305815,P200093,1,2025-05-23
O305816,P200095,4,2024-12-01
O305818,P200180,5,2024-11-01
O305818,P200061,4,2024-10-20
O305819,P200096,4,2025-03-15
O305821,P200174,3,2025-09-19
O305821,P200234,4,2025-08-29
O305822,P200203,1,2025-07-22
O305822,P200022,4,2025-07-07
O305823,P200062,5,2025-06-20
O305824,P200177,5,2024-09-24
O305825,P200180,4,2025-10-03
O305829,P200149,4,2024-01-14
O305830,P200039,4,2025-04-11
O305831,P200112,5,2025-04-03
O305832,P200189,5,2024-12-23
O305832,P200230,4,2024-12-30
O305833,P200114,5,2025-07-11
O305834,P200033,5,2025-04-06
O305835,P200014,5,2024-09-10
O305836,P200061,5,2025-04-08
O305838,P200020,5,2025-06-11
O305839,P200066,4,2024-07-18
O305839,P200115,3,2024-06-17
O305841,P200127,5,2025-07-13
O305841,P200129,3,2025-05-24
O305846,P200196,3,2024-03-21
O305847,P200244,4,2025-06-16
O305848,P200174,5,2024-08-11
O305849,P200215,4,2025-09-05
O305849,P200116,4,2025-08-09
O305850,P200237,5,2025-01-12
O305850,P200198,2,2025-02-16
O305851,P200013,4,2024-08-06
O305854,P200152,4,2024-05-05
O305855,P200235,4,2024-02-02
O305856,P200237,5,2025-08-19
O305860,P200203,4,2025-06-07
O305861,P200180,3,2025-10-01
O305861,P200025,4,2025-09-16
O305863,P200240,4,2024-05-17
O305864,P200195,5,2024-02-18
O305864,P200205,5,2024-01-17
O305865,P200206,2,2024-03-08
O305866,P200052,4,2025-07-23
O305872,P200147,3,2024-11-18
O305875,P200154,5,2025-08-05
O305877,P200241,1,2024-09-05
O305877,P200060,4,2024-09-17
O305878,P200016,3,2024-07-28
O305882,P200003,4,2024-09-19
O305882,P200032,5,2024-08-03
O305883,P200068,1,2024-05-26
O305883,P200248,3,2024-06-07
O305883,P200145,5,2024-05-01
O305884,P200229,3,2025-01-31
O305885,P200001,3,2025-05-30
O305886,P200138,3,2024-07-02
O305887,P200117,4,2024-03-02
O305887,P200165,5,2024-02-18
O305888,P200225,4,2025-01-26
O305889,P200198,5,2024-07-06
O305890,P200150,3,2025-01-17
O305890,P200041,5,2025-01-26
O305891,P200214,4,2025-07-08
O305892,P200212,3,2025-08-23
O305892,P200089,4,2025-09-01
O305894,P200171,3,2025-10-12
O305895,P200162,2,2024-05-08
O305897,P200203,4,2024-05-08
O305897,P200099,3,2024-05-06
O305901,P200182,4,2024-09-24
O305901,P200209,5,2024-09-15
O305903,P200011,1,2025-04-09
O305904,P200246,4,2025-03-07
O305904,P200104,4,2025-04-10
O305905,P200122,4,2024-05-18
O305907,P200168,4,2024-10-24
O305908,P200020,1,2025-08-01
O305911,P200054,4,2025-06-20
O305911,P200048,4,2025-07-19
O305912,P200094,4,2025-09-24
O305913,P200203,1,2024-11-30
O305914,P200018,2,2024-07-25
O305915,P200131,4,2024-09-24
O305918,P200031,2,2025-03-03
O305918,P200213,3,2025-02-09
O305919,P200107,4,2025-05-06
O305919,P200090,4,2025-04-21
O305920,P200174,2,2025-02-18
O305921,P200187,4,2024-08-21
O305923,P200156,4,2024-05-06
O305924,P200100,3,2024-03-24
O305925,P200029,4,2024-12-01
O305927,P200209,5,2024-04-05
O305927,P200214,5,2024-03-21
O305928,P200089,5,2025-02-12
O305928,P200094,4,2025-01-02
O305929,P200187,3,2025-02-17
O305930,P200220,5,2024-06-11
O305930,P200113,3,2024-06-05
O305934,P200204,3,2025-04-23
O305934,P200244,3,2025-04-24
O305935,P200130,2,2024-10-12
O305935,P200089,4,2024-10-29
O305936,P200114,5,2025-02-21
O305936,P200134,1,2025-01-27
O305937,P200036,1,2025-02-17
O305937,P200117,3,2025-01-22
O305938,P200141,3,2025-07-08
O305940,P200188,4,2025-09-18
O305940,P200187,3,2025-09-25
O305940,P200070,4,2025-08-15
O305940,P200038,4,2025-09-10
O305943,P200078,3,2025-05-13
O305943,P200018,3,2025-04-09
O305943,P200092,5,2025-04-03
O305945,P200048,3,2025-04-25
O305946,P200158,5,2024-08-19
O305947,P200044,5,2025-06-16
O305948,P200102,5,2025-09-07
O305949,P200106,4,2024-11-27
O305949,P200037,5,2024-12-19
O305950,P200100,3,2024-11-18
O305951,P200030,2,2025-01-30
O305951,P200215,4,2025-01-19
O305953,P200148,2,2024-03-09
O305955,P200017,5,2025-01-28
O305959,P200107,4,2025-03-04
O305959,P200194,2,2025-03-14
O305961,P200235,5,2024-09-10
O305962,P200108,4,2025-03-10
O305964,P200104,4,2025-02-09
O305966,P200187,4,2024-06-18
O305966,P200061,5,2024-07-06
O305967,P200163,2,2025-01-19
O305969,P200203,2,2024-01-21
O305970,P200064,3,2025-06-14
O305970,P200004,3,2025-06-22
O305972,P200173,5,2025-06-28
O305973,P200070,4,2024-08-10
O305973,P200150,2,2024-07-22
O305973,P200188,5,2024-07-13
O305974,P200165,1,2025-01-28
O305975,P200084,3,2025-04-01
O305975,P200156,5,2025-02-14
O305976,P200068,3,2024-10-12
O305977,P200168,3,2024-11-05
O305978,P200242,3,2024-07-28
O305978,P200140,3,2024-08-14
O305979,P200027,1,2024-09-18
O305981,P200002,5,2024-05-25
O305982,P200085,5,2025-03-29
O305982,P200089,4,2025-03-15
O305983,P200109,5,2024-05-18
O305986,P200056,3,2024-08-20
O305987,P200103,3,2025-06-02
O305987,P200034,5,2025-05-30
O305988,P200209,3,2024-11-10
O305989,P200017,5,2025-04-13
O305992,P200229,3,2024-09-07
O305993,P200107,5,2024-05-31
O305996,P200176,3,2025-09-19
O305996,P200208,3,2025-09-23
O305996,P200125,4,2025-09-11
O305997,P200102,3,2024-07-07
O305999,P200246,1,2024-06-26
O305999,P200014,3,2024-08-11
